# schema=1; units: x_mm/y_mm in millimetres, pin mating-face view; generated by scripts/data-build/import-38999.ts (edit research data and re-run, or edit here and set status=verified)
arrangement,cavity_id,x_mm,y_mm,contact_size,status
9-3,A,1.422,0.457,20,unreviewed
9-3,B,0.000,-2.007,20,unreviewed
9-3,C,-1.422,0.457,20,unreviewed
9-6,1,1.143,1.981,22D,unreviewed
9-6,2,1.981,-1.143,22D,unreviewed
9-6,3,0.000,-2.286,22D,unreviewed
9-6,4,-1.981,-1.143,22D,unreviewed
9-6,5,-1.143,1.981,22D,unreviewed
9-6,6,0.000,0.000,22D,unreviewed
9-7,A,1.180,2.060,22D,unreviewed
9-7,G,0.000,0.000,22D,unreviewed
9-23,1,0.000,2.667,23,unreviewed
9-23,6,-1.880,-1.880,23,unreviewed
9-23,2,1.880,1.880,23,unreviewed
9-23,7,-2.667,0.000,23,unreviewed
9-23,3,2.667,0.000,23,unreviewed
9-23,8,-1.880,1.880,23,unreviewed
9-23,4,1.880,-1.880,23,unreviewed
9-23,9,0.000,0.000,23,unreviewed
9-23,5,0.000,-2.667,23,unreviewed
9-35,1,1.143,1.981,22D,verified
9-35,2,1.981,-1.143,22D,verified
9-35,3,0.000,-2.286,22D,verified
9-35,4,-1.981,-1.143,22D,verified
9-35,5,-1.143,1.981,22D,verified
9-35,6,0.000,0.000,22D,verified
9-44,1,0.000,2.057,22D,unreviewed
9-44,2,2.032,0.533,22D,unreviewed
9-44,3,0.000,-1.270,22D,unreviewed
9-44,4,-2.032,0.533,22D,unreviewed
9-98,A,1.651,0.965,20,unreviewed
9-98,B,0.000,-1.905,20,unreviewed
9-98,C,-1.651,0.965,20,unreviewed
11-2,A,2.413,0.000,16,unreviewed
11-2,B,-2.413,0.000,16,unreviewed
11-4,A,1.651,1.651,20,unreviewed
11-4,B,1.651,-1.651,20,unreviewed
11-4,C,-1.651,-1.651,20,unreviewed
11-4,D,-1.651,1.651,20,unreviewed
11-5,A,1.651,1.422,20,unreviewed
11-5,B,2.870,-1.651,20,unreviewed
11-5,C,0.000,-3.302,20,unreviewed
11-5,D,-2.870,-1.651,20,unreviewed
11-5,E,-1.651,1.422,20,unreviewed
11-13,1,0.000,3.708,22D,unreviewed
11-13,8,-3.505,-1.143,22D,unreviewed
11-13,2,2.159,2.997,22D,unreviewed
11-13,9,-3.505,1.143,22D,unreviewed
11-13,3,3.505,1.143,22D,unreviewed
11-13,10,-2.159,2.997,22D,unreviewed
11-13,4,3.505,-1.143,22D,unreviewed
11-13,11,0.000,1.422,22D,unreviewed
11-13,5,2.159,-2.997,22D,unreviewed
11-13,12,1.245,-0.889,22D,unreviewed
11-13,6,0.000,-3.708,22D,unreviewed
11-13,13,-1.245,-0.889,22D,unreviewed
11-13,7,-2.159,-2.997,22D,unreviewed
11-23,1,0.000,4.089,23,unreviewed
11-23,11,-3.531,2.032,23,unreviewed
11-23,2,1.778,3.048,23,unreviewed
11-23,12,-1.778,3.048,23,unreviewed
11-23,3,3.531,2.032,23,unreviewed
11-23,13,0.000,2.032,23,unreviewed
11-23,4,3.531,0.000,23,unreviewed
11-23,14,1.778,1.016,23,unreviewed
11-23,5,3.531,-2.032,23,unreviewed
11-23,15,1.778,-1.016,23,unreviewed
11-23,6,1.778,-3.048,23,unreviewed
11-23,16,0.000,-2.032,23,unreviewed
11-23,7,0.000,-4.089,23,unreviewed
11-23,17,-1.778,-1.016,23,unreviewed
11-23,8,-1.778,-3.048,23,unreviewed
11-23,18,-1.778,1.016,23,unreviewed
11-23,9,-3.531,-2.032,23,unreviewed
11-23,19,0.000,0.000,23,unreviewed
11-23,10,-3.531,0.000,23,unreviewed
11-35,1,0.000,3.708,22D,unreviewed
11-35,8,-3.505,-1.143,22D,unreviewed
11-35,2,2.159,2.997,22D,unreviewed
11-35,9,-3.505,1.143,22D,unreviewed
11-35,3,3.505,1.143,22D,unreviewed
11-35,10,-2.159,2.997,22D,unreviewed
11-35,4,3.505,-1.143,22D,unreviewed
11-35,11,0.000,1.422,22D,unreviewed
11-35,5,2.159,-2.997,22D,unreviewed
11-35,12,1.245,-0.889,22D,unreviewed
11-35,6,0.000,-3.708,22D,unreviewed
11-35,13,-1.245,-0.889,22D,unreviewed
11-35,7,-2.159,-2.997,22D,unreviewed
11-98,A,0.000,3.302,20,unreviewed
11-98,B,3.302,0.000,20,unreviewed
11-98,C,1.651,-2.870,20,unreviewed
11-98,D,-1.651,-2.870,20,unreviewed
11-98,E,-3.302,0.000,20,unreviewed
11-98,F,0.000,0.000,20,unreviewed
11-99,A,1.651,2.870,20,unreviewed
11-99,B,3.302,0.000,20,unreviewed
11-99,C,1.651,-2.870,20,unreviewed
11-99,D,-1.651,-2.870,20,unreviewed
11-99,E,-3.302,0.000,20,unreviewed
11-99,F,-1.651,2.870,20,unreviewed
11-99,G,0.000,0.000,20,unreviewed
13-4,A,0.000,3.810,16,unreviewed
13-4,B,3.708,0.889,16,unreviewed
13-4,C,0.000,-2.108,16,unreviewed
13-4,D,-3.708,0.889,16,unreviewed
13-8,A,1.651,3.988,20,unreviewed
13-8,B,4.318,0.000,20,unreviewed
13-8,C,3.048,-3.048,20,unreviewed
13-8,D,0.000,-4.318,20,unreviewed
13-8,E,-3.048,-3.048,20,unreviewed
13-8,F,-4.318,0.000,20,unreviewed
13-8,G,-1.651,3.988,20,unreviewed
13-8,H,0.000,1.118,20,unreviewed
13-22,1,1.143,5.004,22D,unreviewed
13-22,12,-4.623,2.235,22D,unreviewed
13-22,2,3.200,4.013,22D,unreviewed
13-22,13,-3.200,4.013,22D,unreviewed
13-22,3,4.623,2.235,22D,unreviewed
13-22,14,-1.143,5.004,22D,unreviewed
13-22,4,5.156,0.000,22D,unreviewed
13-22,15,1.143,2.718,22D,unreviewed
13-22,5,4.623,-2.235,22D,unreviewed
13-22,16,2.972,0.660,22D,unreviewed
13-22,6,3.200,-4.013,22D,unreviewed
13-22,17,2.362,-1.905,22D,unreviewed
13-22,7,1.143,-5.004,22D,unreviewed
13-22,18,0.000,-3.048,22D,unreviewed
13-22,8,-1.143,-5.004,22D,unreviewed
13-22,19,-2.362,-1.905,22D,unreviewed
13-22,9,-3.200,-4.013,22D,unreviewed
13-22,20,-2.972,0.660,22D,unreviewed
13-22,10,-4.623,-2.235,22D,unreviewed
13-22,21,-1.143,2.718,22D,unreviewed
13-22,11,-5.156,0.000,22D,unreviewed
13-22,22,0.000,-0.762,22D,unreviewed
13-23,1,0.000,5.690,23,unreviewed
13-23,17,-2.057,5.309,23,unreviewed
13-23,2,2.057,5.309,23,unreviewed
13-23,18,0.000,3.632,23,unreviewed
13-23,3,3.835,4.191,23,unreviewed
13-23,19,1.981,3.073,23,unreviewed
13-23,4,5.080,2.540,23,unreviewed
13-23,20,3.302,1.499,23,unreviewed
13-23,5,5.664,0.533,23,unreviewed
13-23,21,3.607,-0.533,23,unreviewed
13-23,6,5.461,-1.549,23,unreviewed
13-23,22,2.743,-2.388,23,unreviewed
13-23,7,4.521,-3.429,23,unreviewed
13-23,23,1.041,-3.480,23,unreviewed
13-23,8,2.997,-4.826,23,unreviewed
13-23,24,-1.041,-3.480,23,unreviewed
13-23,9,1.041,-5.588,23,unreviewed
13-23,25,-2.743,-2.388,23,unreviewed
13-23,10,-1.041,-5.588,23,unreviewed
13-23,26,-3.607,-0.533,23,unreviewed
13-23,11,-2.997,-4.826,23,unreviewed
13-23,27,-3.302,1.499,23,unreviewed
13-23,12,-4.521,-3.429,23,unreviewed
13-23,28,-1.981,3.073,23,unreviewed
13-23,13,-5.461,-1.549,23,unreviewed
13-23,29,0.000,1.600,23,unreviewed
13-23,14,-5.664,0.533,23,unreviewed
13-23,30,1.600,0.000,23,unreviewed
13-23,15,-5.080,2.540,23,unreviewed
13-23,31,0.000,-1.600,23,unreviewed
13-23,16,-3.835,4.191,23,unreviewed
13-23,32,-1.600,0.000,23,unreviewed
13-35,1,1.143,5.004,22D,unreviewed
13-35,12,-4.623,2.235,22D,unreviewed
13-35,2,3.200,4.013,22D,unreviewed
13-35,13,-3.200,4.013,22D,unreviewed
13-35,3,4.623,2.235,22D,unreviewed
13-35,14,-1.143,5.004,22D,unreviewed
13-35,4,5.156,0.000,22D,unreviewed
13-35,15,1.143,2.718,22D,unreviewed
13-35,5,4.623,-2.235,22D,unreviewed
13-35,16,2.972,0.660,22D,unreviewed
13-35,6,3.200,-4.013,22D,unreviewed
13-35,17,2.362,-1.905,22D,unreviewed
13-35,7,1.143,-5.004,22D,unreviewed
13-35,18,0.000,-3.048,22D,unreviewed
13-35,8,-1.143,-5.004,22D,unreviewed
13-35,19,-2.362,-1.905,22D,unreviewed
13-35,9,-3.200,-4.013,22D,unreviewed
13-35,20,-2.972,0.660,22D,unreviewed
13-35,10,-4.623,-2.235,22D,unreviewed
13-35,21,-1.143,2.718,22D,unreviewed
13-35,11,-5.156,0.000,22D,unreviewed
13-35,22,0.000,-0.762,22D,unreviewed
13-98,A,0.000,4.953,20,unreviewed
13-98,B,3.175,3.810,20,unreviewed
13-98,C,4.902,0.762,20,unreviewed
13-98,D,4.166,-2.667,20,unreviewed
13-98,E,0.000,-3.429,20,unreviewed
13-98,F,-4.166,-2.667,20,unreviewed
13-98,G,-4.902,0.762,20,unreviewed
13-98,H,-3.175,3.810,20,unreviewed
13-98,J,1.651,-0.381,20,unreviewed
13-98,K,-1.651,-0.381,20,unreviewed
15-5,A,0.000,2.540,16,unreviewed
15-5,B,4.420,0.610,16,unreviewed
15-5,C,2.388,-3.759,16,unreviewed
15-5,D,-2.388,-3.759,16,unreviewed
15-5,E,-4.420,0.610,16,unreviewed
15-15,A,2.540,5.715,20,unreviewed
15-15,J,-6.198,0.356,20,unreviewed
15-15,B,5.131,3.556,20,unreviewed
15-15,K,-5.131,3.556,20,unreviewed
15-15,C,6.198,0.356,20,unreviewed
15-15,L,-2.540,5.715,20,unreviewed
15-15,D,5.537,-2.870,20,unreviewed
15-15,M,0.000,3.556,20,unreviewed
15-15,E,3.200,-5.309,20,unreviewed
15-15,N,2.794,1.016,20,unreviewed
15-15,F,0.000,-6.223,20,unreviewed
15-15,P,0.000,-1.956,16,unreviewed
15-15,G,-3.200,-5.309,20,unreviewed
15-15,R,-2.794,1.016,20,unreviewed
15-15,H,-5.537,-2.870,20,unreviewed
15-18,A,1.651,6.401,20,unreviewed
15-18,K,-4.953,2.870,20,unreviewed
15-18,B,4.953,2.870,20,unreviewed
15-18,L,-1.651,6.401,20,unreviewed
15-18,C,6.604,0.000,20,unreviewed
15-18,M,-1.651,2.870,20,unreviewed
15-18,D,4.953,-2.870,20,unreviewed
15-18,N,1.651,2.870,20,unreviewed
15-18,E,3.302,-5.715,20,unreviewed
15-18,P,3.302,0.000,20,unreviewed
15-18,F,0.000,-5.715,20,unreviewed
15-18,R,1.651,-2.870,20,unreviewed
15-18,G,-3.302,-5.715,20,unreviewed
15-18,S,-1.651,-2.870,20,unreviewed
15-18,H,-4.953,-2.870,20,unreviewed
15-18,T,-3.302,0.000,20,unreviewed
15-18,J,-6.604,0.000,20,unreviewed
15-18,U,0.000,0.000,20,unreviewed
15-19,A,0.000,5.715,20,unreviewed
15-19,L,-4.953,2.870,20,unreviewed
15-19,B,3.302,5.715,20,unreviewed
15-19,M,-3.302,5.715,20,unreviewed
15-19,C,4.953,2.870,20,unreviewed
15-19,N,-1.651,2.870,20,unreviewed
15-19,D,6.604,0.000,20,unreviewed
15-19,P,1.651,2.870,20,unreviewed
15-19,E,4.953,-2.870,20,unreviewed
15-19,R,3.302,0.000,20,unreviewed
15-19,F,3.302,-5.715,20,unreviewed
15-19,S,1.651,-2.870,20,unreviewed
15-19,G,0.000,-5.715,20,unreviewed
15-19,T,-1.651,-2.870,20,unreviewed
15-19,H,-3.302,-5.715,20,unreviewed
15-19,U,-3.302,0.000,20,unreviewed
15-19,J,-4.953,-2.870,20,unreviewed
15-19,V,0.000,0.000,20,unreviewed
15-19,K,-6.604,0.000,20,unreviewed
15-21,A,2.667,6.147,22D,unreviewed
15-21,M,-2.667,6.147,22D,unreviewed
15-21,B,6.350,1.905,22D,unreviewed
15-21,N,0.000,4.699,20,unreviewed
15-21,C,6.858,-0.508,22D,unreviewed
15-21,P,3.048,2.921,22D,unreviewed
15-21,D,5.461,-3.175,20,unreviewed
15-21,R,4.318,-0.508,22D,unreviewed
15-21,E,3.480,-5.613,22D,unreviewed
15-21,S,2.413,-3.556,22D,unreviewed
15-21,F,1.219,-6.502,22D,unreviewed
15-21,T,0.000,-4.318,22D,unreviewed
15-21,G,-1.219,-6.502,22D,unreviewed
15-21,U,-2.413,-3.556,22D,unreviewed
15-21,H,-3.480,-5.613,22D,unreviewed
15-21,V,-4.318,-0.508,22D,unreviewed
15-21,J,-5.461,-3.175,20,unreviewed
15-21,W,-3.048,2.921,22D,unreviewed
15-21,K,-6.858,-0.508,22D,unreviewed
15-21,X,0.000,0.000,12,unreviewed
15-21,L,-6.350,1.905,22D,unreviewed
15-23,1,-2.032,7.061,23,unreviewed
15-23,29,2.032,0.000,23,unreviewed
15-23,2,0.000,7.061,23,unreviewed
15-23,30,4.089,0.000,23,unreviewed
15-23,3,2.032,7.061,23,unreviewed
15-23,31,6.121,0.000,23,unreviewed
15-23,4,-5.105,5.309,23,unreviewed
15-23,32,-7.137,-1.778,23,unreviewed
15-23,5,-3.073,5.309,23,unreviewed
15-23,33,-5.105,-1.778,23,unreviewed
15-23,6,-1.016,5.309,23,unreviewed
15-23,34,-3.073,-1.778,23,unreviewed
15-23,7,1.016,5.309,23,unreviewed
15-23,35,-1.016,-1.778,23,unreviewed
15-23,8,3.073,5.309,23,unreviewed
15-23,36,1.016,-1.778,23,unreviewed
15-23,9,5.105,5.309,23,unreviewed
15-23,37,3.073,-1.778,23,unreviewed
15-23,10,-6.121,3.531,23,unreviewed
15-23,38,5.105,-1.778,23,unreviewed
15-23,11,-4.089,3.531,23,unreviewed
15-23,39,7.137,-1.778,23,unreviewed
15-23,12,-2.032,3.531,23,unreviewed
15-23,40,-6.121,-3.531,23,unreviewed
15-23,13,0.000,3.531,23,unreviewed
15-23,41,-4.089,-3.531,23,unreviewed
15-23,14,2.032,3.531,23,unreviewed
15-23,42,-2.032,-3.531,23,unreviewed
15-23,15,4.089,3.531,23,unreviewed
15-23,43,0.000,-3.531,23,unreviewed
15-23,16,6.121,3.531,23,unreviewed
15-23,44,2.032,-3.531,23,unreviewed
15-23,17,-7.137,1.778,23,unreviewed
15-23,45,4.089,-3.531,23,unreviewed
15-23,18,-5.105,1.778,23,unreviewed
15-23,46,6.121,-3.531,23,unreviewed
15-23,19,-3.073,1.778,23,unreviewed
15-23,47,-5.105,-5.309,23,unreviewed
15-23,20,-1.016,1.778,23,unreviewed
15-23,48,-3.073,-5.309,23,unreviewed
15-23,21,1.016,1.778,23,unreviewed
15-23,49,-1.016,-5.309,23,unreviewed
15-23,22,3.073,1.778,23,unreviewed
15-23,50,1.016,-5.309,23,unreviewed
15-23,23,5.105,1.778,23,unreviewed
15-23,51,3.073,-5.309,23,unreviewed
15-23,24,7.137,1.778,23,unreviewed
15-23,52,5.105,-5.309,23,unreviewed
15-23,25,-6.121,0.000,23,unreviewed
15-23,53,-2.032,-7.061,23,unreviewed
15-23,26,-4.089,0.000,23,unreviewed
15-23,54,0.000,-7.061,23,unreviewed
15-23,27,-2.032,0.000,23,unreviewed
15-23,55,2.032,-7.061,23,unreviewed
15-23,28,0.000,0.000,23,unreviewed
15-35,1,1.143,6.655,22D,unreviewed
15-35,20,3.124,3.023,22D,unreviewed
15-35,2,3.124,5.512,22D,unreviewed
15-35,21,4.318,1.016,22D,unreviewed
15-35,3,5.359,4.064,22D,unreviewed
15-35,22,4.318,-1.270,22D,unreviewed
15-35,4,6.452,2.032,22D,unreviewed
15-35,23,3.124,-3.226,22D,unreviewed
15-35,5,6.756,-0.254,22D,unreviewed
15-35,24,1.143,-4.369,22D,unreviewed
15-35,6,6.274,-2.489,22D,unreviewed
15-35,25,-1.143,-4.369,22D,unreviewed
15-35,7,5.080,-4.445,22D,unreviewed
15-35,26,-3.124,-3.226,22D,unreviewed
15-35,8,3.302,-5.893,22D,unreviewed
15-35,27,-4.318,-1.270,22D,unreviewed
15-35,9,1.143,-6.655,22D,unreviewed
15-35,28,-4.318,1.016,22D,unreviewed
15-35,10,-1.143,-6.655,22D,unreviewed
15-35,29,-3.124,3.023,22D,unreviewed
15-35,11,-3.302,-5.893,22D,unreviewed
15-35,30,-1.143,4.369,22D,unreviewed
15-35,12,-5.080,-4.445,22D,unreviewed
15-35,31,1.143,1.880,22D,unreviewed
15-35,13,-6.274,-2.489,22D,unreviewed
15-35,32,2.286,-0.102,22D,unreviewed
15-35,14,-6.756,-0.254,22D,unreviewed
15-35,33,1.143,-2.083,22D,unreviewed
15-35,15,-6.452,2.032,22D,unreviewed
15-35,34,-1.143,-2.083,22D,unreviewed
15-35,16,-5.359,4.064,22D,unreviewed
15-35,35,-2.286,-0.102,22D,unreviewed
15-35,17,-3.124,5.512,22D,unreviewed
15-35,36,-1.143,1.880,22D,unreviewed
15-35,18,-1.143,6.655,22D,unreviewed
15-35,37,0.000,-0.102,22D,unreviewed
15-35,19,1.143,4.369,22D,unreviewed
15-37,1,1.143,6.655,22D,unreviewed
15-37,20,3.124,3.023,22D,unreviewed
15-37,2,3.124,5.512,22D,unreviewed
15-37,21,4.318,1.016,22D,unreviewed
15-37,3,5.359,4.064,22D,unreviewed
15-37,22,4.318,-1.270,22D,unreviewed
15-37,4,6.452,2.032,22D,unreviewed
15-37,23,3.124,-3.226,22D,unreviewed
15-37,5,6.756,-0.254,22D,unreviewed
15-37,24,1.143,-4.369,22D,unreviewed
15-37,6,6.274,-2.489,22D,unreviewed
15-37,25,-1.143,-4.369,22D,unreviewed
15-37,7,5.080,-4.445,22D,unreviewed
15-37,26,-3.124,-3.226,22D,unreviewed
15-37,8,3.302,-5.893,22D,unreviewed
15-37,27,-4.318,-1.270,22D,unreviewed
15-37,9,1.143,-6.655,22D,unreviewed
15-37,28,-4.318,1.016,22D,unreviewed
15-37,10,-1.143,-6.655,22D,unreviewed
15-37,29,-3.124,3.023,22D,unreviewed
15-37,11,-3.302,-5.893,22D,unreviewed
15-37,30,-1.143,4.369,22D,unreviewed
15-37,12,-5.080,-4.445,22D,unreviewed
15-37,31,1.143,1.880,22D,unreviewed
15-37,13,-6.274,-2.489,22D,unreviewed
15-37,32,2.286,-0.102,22D,unreviewed
15-37,14,-6.756,-0.254,22D,unreviewed
15-37,33,1.143,-2.083,22D,unreviewed
15-37,15,-6.452,2.032,22D,unreviewed
15-37,34,-1.143,-2.083,22D,unreviewed
15-37,16,-5.359,4.064,22D,unreviewed
15-37,35,-2.286,-0.102,22D,unreviewed
15-37,17,-3.124,5.512,22D,unreviewed
15-37,36,-1.143,1.880,22D,unreviewed
15-37,18,-1.143,6.655,22D,unreviewed
15-37,37,0.000,-0.102,22D,unreviewed
15-37,19,1.143,4.369,22D,unreviewed
15-97,A,1.651,5.944,20,unreviewed
15-97,G,-5.258,-2.413,16,unreviewed
15-97,B,4.521,4.521,20,unreviewed
15-97,H,-5.944,1.651,20,unreviewed
15-97,C,5.842,-0.584,16,unreviewed
15-97,J,-4.521,4.521,20,unreviewed
15-97,D,4.521,-4.521,20,unreviewed
15-97,K,-1.651,5.944,20,unreviewed
15-97,E,1.651,-5.944,20,unreviewed
15-97,L,-1.194,2.057,16,unreviewed
15-97,F,-2.261,-5.969,20,unreviewed
15-97,M,1.194,-2.057,16,unreviewed
17-2,1,1.168,8.255,22D,unreviewed
17-2,21,-3.378,7.595,22D,unreviewed
17-2,2,3.378,7.595,22D,unreviewed
17-2,22,-1.168,8.255,22D,unreviewed
17-2,3,5.359,6.375,22D,unreviewed
17-2,23,1.168,5.867,22D,unreviewed
17-2,4,6.909,4.648,22D,unreviewed
17-2,24,3.277,5.004,22D,unreviewed
17-2,5,7.925,2.565,22D,unreviewed
17-2,25,4.928,3.378,22D,unreviewed
17-2,6,8.331,0.279,22D,unreviewed
17-2,26,5.842,1.270,22D,unreviewed
17-2,7,8.077,-2.007,22D,unreviewed
17-2,27,5.893,-1.016,22D,unreviewed
17-2,8,7.214,-4.166,22D,unreviewed
17-2,28,5.080,-3.175,22D,unreviewed
17-2,9,5.791,-5.994,22D,unreviewed
17-2,29,3.480,-4.851,22D,unreviewed
17-2,10,3.912,-7.341,22D,unreviewed
17-2,30,1.397,-5.817,22D,unreviewed
17-2,11,1.727,-8.153,22D,unreviewed
17-2,31,-1.397,-5.817,22D,unreviewed
17-2,12,-1.727,-8.153,22D,unreviewed
17-2,32,-3.480,-4.851,22D,unreviewed
17-2,13,-3.912,-7.341,22D,unreviewed
17-2,33,-5.080,-3.175,22D,unreviewed
17-2,14,-5.791,-5.994,22D,unreviewed
17-2,34,-5.893,-1.016,22D,unreviewed
17-2,15,-7.214,-4.166,22D,unreviewed
17-2,35,-5.842,1.270,22D,unreviewed
17-2,16,-8.077,-2.007,22D,unreviewed
17-2,36,-4.928,3.378,22D,unreviewed
17-2,17,-8.331,0.279,22D,unreviewed
17-2,37,-3.277,5.004,22D,unreviewed
17-2,18,-7.925,2.565,22D,unreviewed
17-2,38,-1.168,5.867,22D,unreviewed
17-2,19,-6.909,4.648,22D,unreviewed
17-2,39,0.000,0.000,8,unreviewed
17-2,20,-5.359,6.375,22D,unreviewed
17-3,1,1.168,8.255,22D,unreviewed
17-3,21,-3.378,7.595,22D,unreviewed
17-3,2,3.378,7.595,22D,unreviewed
17-3,22,-1.168,8.255,22D,unreviewed
17-3,3,5.359,6.375,22D,unreviewed
17-3,23,1.168,5.867,22D,unreviewed
17-3,4,6.909,4.648,22D,unreviewed
17-3,24,3.277,5.004,22D,unreviewed
17-3,5,7.925,2.565,22D,unreviewed
17-3,25,4.928,3.378,22D,unreviewed
17-3,6,8.331,0.279,22D,unreviewed
17-3,26,5.842,1.270,22D,unreviewed
17-3,7,8.077,-2.007,22D,unreviewed
17-3,27,5.893,-1.016,22D,unreviewed
17-3,8,7.214,-4.166,22D,unreviewed
17-3,28,5.080,-3.175,22D,unreviewed
17-3,9,5.791,-5.994,22D,unreviewed
17-3,29,3.480,-4.851,22D,unreviewed
17-3,10,3.912,-7.341,22D,unreviewed
17-3,30,1.397,-5.817,22D,unreviewed
17-3,11,1.727,-8.153,22D,unreviewed
17-3,31,-1.397,-5.817,22D,unreviewed
17-3,12,-1.727,-8.153,22D,unreviewed
17-3,32,-3.480,-4.851,22D,unreviewed
17-3,13,-3.912,-7.341,22D,unreviewed
17-3,33,-5.080,-3.175,22D,unreviewed
17-3,14,-5.791,-5.994,22D,unreviewed
17-3,34,-5.893,-1.016,22D,unreviewed
17-3,15,-7.214,-4.166,22D,unreviewed
17-3,35,-5.842,1.270,22D,unreviewed
17-3,16,-8.077,-2.007,22D,unreviewed
17-3,36,-4.928,3.378,22D,unreviewed
17-3,17,-8.331,0.279,22D,unreviewed
17-3,37,-3.277,5.004,22D,unreviewed
17-3,18,-7.925,2.565,22D,unreviewed
17-3,38,-1.168,5.867,22D,unreviewed
17-3,19,-6.909,4.648,22D,unreviewed
17-3,39,0.000,0.000,8,unreviewed
17-3,20,-5.359,6.375,22D,unreviewed
17-6,A,3.073,5.309,12,unreviewed
17-6,B,6.121,0.000,12,unreviewed
17-6,C,0.000,-6.121,12,unreviewed
17-6,D,-6.121,0.000,12,unreviewed
17-6,E,-3.073,5.309,12,unreviewed
17-6,F,0.000,0.000,12,unreviewed
17-8,A,0.000,5.994,16,unreviewed
17-8,B,3.251,2.184,16,unreviewed
17-8,C,5.842,-1.981,16,unreviewed
17-8,D,2.388,-5.486,16,unreviewed
17-8,E,-2.388,-5.486,16,unreviewed
17-8,F,-5.842,-1.981,16,unreviewed
17-8,G,-3.251,2.184,16,unreviewed
17-8,H,0.000,-1.321,16,unreviewed
17-11,A,0.000,7.366,20,unreviewed
17-11,G,-4.826,-5.055,20,unreviewed
17-11,B,5.080,2.540,12,unreviewed
17-11,H,-6.985,-2.235,20,unreviewed
17-11,C,6.985,-2.235,20,unreviewed
17-11,J,-5.080,2.540,12,unreviewed
17-11,D,4.826,-5.055,20,unreviewed
17-11,K,0.000,3.810,20,unreviewed
17-11,E,1.803,-7.163,20,unreviewed
17-11,L,0.000,-1.905,12,unreviewed
17-11,F,-1.803,-7.163,20,unreviewed
17-23,1,-1.016,8.839,23,unreviewed
17-23,38,2.032,0.000,23,unreviewed
17-23,2,1.016,8.839,23,unreviewed
17-23,39,4.089,0.000,23,unreviewed
17-23,3,-4.089,7.061,23,unreviewed
17-23,40,6.121,0.000,23,unreviewed
17-23,4,-2.032,7.061,23,unreviewed
17-23,41,8.153,0.000,23,unreviewed
17-23,5,0.000,7.061,23,unreviewed
17-23,42,-7.137,-1.778,23,unreviewed
17-23,6,2.032,7.061,23,unreviewed
17-23,43,-5.105,-1.778,23,unreviewed
17-23,7,4.089,7.061,23,unreviewed
17-23,44,-3.073,-1.778,23,unreviewed
17-23,8,-7.137,5.309,23,unreviewed
17-23,45,-1.016,-1.778,23,unreviewed
17-23,9,-5.105,5.309,23,unreviewed
17-23,46,1.016,-1.778,23,unreviewed
17-23,10,-3.073,5.309,23,unreviewed
17-23,47,3.073,-1.778,23,unreviewed
17-23,11,-1.016,5.309,23,unreviewed
17-23,48,5.105,-1.778,23,unreviewed
17-23,12,1.016,5.309,23,unreviewed
17-23,49,7.137,-1.778,23,unreviewed
17-23,13,3.073,5.309,23,unreviewed
17-23,50,-8.153,-3.531,23,unreviewed
17-23,14,5.105,5.309,23,unreviewed
17-23,51,-6.121,-3.531,23,unreviewed
17-23,15,7.137,5.309,23,unreviewed
17-23,52,-4.089,-3.531,23,unreviewed
17-23,16,-8.153,3.531,23,unreviewed
17-23,53,-2.032,-3.531,23,unreviewed
17-23,17,-6.121,3.531,23,unreviewed
17-23,54,0.000,-3.531,23,unreviewed
17-23,18,-4.089,3.531,23,unreviewed
17-23,55,2.032,-3.531,23,unreviewed
17-23,19,-2.032,3.531,23,unreviewed
17-23,56,4.089,-3.531,23,unreviewed
17-23,20,0.000,3.531,23,unreviewed
17-23,57,6.121,-3.531,23,unreviewed
17-23,21,2.032,3.531,23,unreviewed
17-23,58,8.153,-3.531,23,unreviewed
17-23,22,4.089,3.531,23,unreviewed
17-23,59,-7.137,-5.309,23,unreviewed
17-23,23,6.121,3.531,23,unreviewed
17-23,60,-5.105,-5.309,23,unreviewed
17-23,24,8.153,3.531,23,unreviewed
17-23,61,-3.073,-5.309,23,unreviewed
17-23,25,-7.137,1.778,23,unreviewed
17-23,62,-1.016,-5.309,23,unreviewed
17-23,26,-5.105,1.778,23,unreviewed
17-23,63,1.016,-5.309,23,unreviewed
17-23,27,-3.073,1.778,23,unreviewed
17-23,64,3.073,-5.309,23,unreviewed
17-23,28,-1.016,1.778,23,unreviewed
17-23,65,5.105,-5.309,23,unreviewed
17-23,29,1.016,1.778,23,unreviewed
17-23,66,7.137,-5.309,23,unreviewed
17-23,30,3.073,1.778,23,unreviewed
17-23,67,-4.089,-7.061,23,unreviewed
17-23,31,5.105,1.778,23,unreviewed
17-23,68,-2.032,-7.061,23,unreviewed
17-23,32,7.137,1.778,23,unreviewed
17-23,69,0.000,-7.061,23,unreviewed
17-23,33,-8.153,0.000,23,unreviewed
17-23,70,2.032,-7.061,23,unreviewed
17-23,34,-6.121,0.000,23,unreviewed
17-23,71,4.089,-7.061,23,unreviewed
17-23,35,-4.089,0.000,23,unreviewed
17-23,72,-1.016,-8.839,23,unreviewed
17-23,36,-2.032,0.000,23,unreviewed
17-23,73,1.016,-8.839,23,unreviewed
17-23,37,0.000,0.000,23,unreviewed
17-26,A,0.000,8.153,20,unreviewed
17-26,P,-6.071,5.436,20,unreviewed
17-26,B,3.327,7.442,20,unreviewed
17-26,R,-3.327,7.442,20,unreviewed
17-26,C,6.071,5.436,20,unreviewed
17-26,S,-1.778,4.496,20,unreviewed
17-26,D,7.747,2.515,20,unreviewed
17-26,T,1.778,4.496,20,unreviewed
17-26,E,8.103,-0.864,20,unreviewed
17-26,U,4.445,2.388,20,unreviewed
17-26,F,7.061,-4.089,20,unreviewed
17-26,V,4.521,-0.914,20,unreviewed
17-26,G,4.801,-6.604,20,unreviewed
17-26,W,3.023,-3.835,20,unreviewed
17-26,H,1.702,-7.976,20,unreviewed
17-26,X,0.000,-5.156,20,unreviewed
17-26,J,-1.702,-7.976,20,unreviewed
17-26,Y,-3.023,-3.835,20,unreviewed
17-26,K,-4.801,-6.604,20,unreviewed
17-26,Z,-4.521,-0.914,20,unreviewed
17-26,L,-7.061,-4.089,20,unreviewed
17-26,a,-4.445,2.388,20,unreviewed
17-26,M,-8.103,-0.864,20,unreviewed
17-26,b,0.000,1.651,20,unreviewed
17-26,N,-7.747,2.515,20,unreviewed
17-26,c,0.000,-1.651,20,unreviewed
17-35,1,-7.925,2.184,22D,unreviewed
17-35,29,0.000,-2.388,22D,unreviewed
17-35,2,-7.925,-0.102,22D,unreviewed
17-35,30,0.000,-4.674,22D,unreviewed
17-35,3,-7.925,-2.388,22D,unreviewed
17-35,31,0.000,-6.960,22D,unreviewed
17-35,4,-6.147,5.613,22D,unreviewed
17-35,32,2.261,8.026,22D,unreviewed
17-35,5,-5.944,3.327,22D,unreviewed
17-35,33,1.981,5.613,22D,unreviewed
17-35,6,-5.944,1.041,22D,unreviewed
17-35,34,1.981,3.327,22D,unreviewed
17-35,7,-5.944,-1.245,22D,unreviewed
17-35,35,1.981,1.041,22D,unreviewed
17-35,8,-5.944,-3.531,22D,unreviewed
17-35,36,1.981,-1.245,22D,unreviewed
17-35,9,-5.944,-5.817,22D,unreviewed
17-35,37,1.981,-3.531,22D,unreviewed
17-35,10,-4.369,7.087,22D,unreviewed
17-35,38,1.981,-5.817,22D,unreviewed
17-35,11,-3.962,4.470,22D,unreviewed
17-35,39,1.981,-8.103,22D,unreviewed
17-35,12,-3.962,2.184,22D,unreviewed
17-35,40,4.369,7.087,22D,unreviewed
17-35,13,-3.962,-0.102,22D,unreviewed
17-35,41,3.962,4.470,22D,unreviewed
17-35,14,-3.962,-2.388,22D,unreviewed
17-35,42,3.962,2.184,22D,unreviewed
17-35,15,-3.962,-4.674,22D,unreviewed
17-35,43,3.962,-0.102,22D,unreviewed
17-35,16,-3.962,-6.960,22D,unreviewed
17-35,44,3.962,-2.388,22D,unreviewed
17-35,17,-2.261,8.026,22D,unreviewed
17-35,45,3.962,-4.674,22D,unreviewed
17-35,18,-1.981,5.613,22D,unreviewed
17-35,46,3.962,-6.960,22D,unreviewed
17-35,19,-1.981,3.327,22D,unreviewed
17-35,47,6.147,5.613,22D,unreviewed
17-35,20,-1.981,1.041,22D,unreviewed
17-35,48,5.944,3.327,22D,unreviewed
17-35,21,-1.981,-1.245,22D,unreviewed
17-35,49,5.944,1.041,22D,unreviewed
17-35,22,-1.981,-3.531,22D,unreviewed
17-35,50,5.944,-1.245,22D,unreviewed
17-35,23,-1.981,-5.817,22D,unreviewed
17-35,51,5.944,-3.531,22D,unreviewed
17-35,24,-1.981,-8.103,22D,unreviewed
17-35,52,5.944,-5.817,22D,unreviewed
17-35,25,0.000,8.357,22D,unreviewed
17-35,53,7.925,2.184,22D,unreviewed
17-35,26,0.000,4.470,22D,unreviewed
17-35,54,7.925,-0.102,22D,unreviewed
17-35,27,0.000,2.184,22D,unreviewed
17-35,55,7.925,-2.388,22D,unreviewed
17-35,28,0.000,-0.102,22D,unreviewed
17-55,1,-7.925,2.184,22D,unreviewed
17-55,29,0.000,-2.388,22D,unreviewed
17-55,2,-7.925,-0.102,22D,unreviewed
17-55,30,0.000,-4.674,22D,unreviewed
17-55,3,-7.925,-2.388,22D,unreviewed
17-55,31,0.000,-6.960,22D,unreviewed
17-55,4,-6.147,5.613,22D,unreviewed
17-55,32,2.261,8.026,22D,unreviewed
17-55,5,-5.944,3.327,22D,unreviewed
17-55,33,1.981,5.613,22D,unreviewed
17-55,6,-5.944,1.041,22D,unreviewed
17-55,34,1.981,3.327,22D,unreviewed
17-55,7,-5.944,-1.245,22D,unreviewed
17-55,35,1.981,1.041,22D,unreviewed
17-55,8,-5.944,-3.531,22D,unreviewed
17-55,36,1.981,-1.245,22D,unreviewed
17-55,9,-5.944,-5.817,22D,unreviewed
17-55,37,1.981,-3.531,22D,unreviewed
17-55,10,-4.369,7.087,22D,unreviewed
17-55,38,1.981,-5.817,22D,unreviewed
17-55,11,-3.962,4.470,22D,unreviewed
17-55,39,1.981,-8.103,22D,unreviewed
17-55,12,-3.962,2.184,22D,unreviewed
17-55,40,4.369,7.087,22D,unreviewed
17-55,13,-3.962,-0.102,22D,unreviewed
17-55,41,3.962,4.470,22D,unreviewed
17-55,14,-3.962,-2.388,22D,unreviewed
17-55,42,3.962,2.184,22D,unreviewed
17-55,15,-3.962,-4.674,22D,unreviewed
17-55,43,3.962,-0.102,22D,unreviewed
17-55,16,-3.962,-6.960,22D,unreviewed
17-55,44,3.962,-2.388,22D,unreviewed
17-55,17,-2.261,8.026,22D,unreviewed
17-55,45,3.962,-4.674,22D,unreviewed
17-55,18,-1.981,5.613,22D,unreviewed
17-55,46,3.962,-6.960,22D,unreviewed
17-55,19,-1.981,3.327,22D,unreviewed
17-55,47,6.147,5.613,22D,unreviewed
17-55,20,-1.981,1.041,22D,unreviewed
17-55,48,5.944,3.327,22D,unreviewed
17-55,21,-1.981,-1.245,22D,unreviewed
17-55,49,5.944,1.041,22D,unreviewed
17-55,22,-1.981,-3.531,22D,unreviewed
17-55,50,5.944,-1.245,22D,unreviewed
17-55,23,-1.981,-5.817,22D,unreviewed
17-55,51,5.944,-3.531,22D,unreviewed
17-55,24,-1.981,-8.103,22D,unreviewed
17-55,52,5.944,-5.817,22D,unreviewed
17-55,25,0.000,8.357,22D,unreviewed
17-55,53,7.925,2.184,22D,unreviewed
17-55,26,0.000,4.470,22D,unreviewed
17-55,54,7.925,-0.102,22D,unreviewed
17-55,27,0.000,2.184,22D,unreviewed
17-55,55,7.925,-2.388,22D,unreviewed
17-55,28,0.000,-0.102,22D,unreviewed
17-99,A,0.000,8.153,20,unreviewed
17-99,N,-7.747,2.515,20,unreviewed
17-99,B,3.327,7.442,20,unreviewed
17-99,P,-6.071,5.436,20,unreviewed
17-99,C,6.071,5.436,20,unreviewed
17-99,R,-3.327,7.442,20,unreviewed
17-99,D,7.747,2.515,20,unreviewed
17-99,S,-1.778,4.496,20,unreviewed
17-99,E,8.103,-0.864,20,unreviewed
17-99,T,1.778,4.496,20,unreviewed
17-99,F,7.061,-4.089,20,unreviewed
17-99,U,4.445,2.388,20,unreviewed
17-99,G,4.801,-6.604,20,unreviewed
17-99,V,3.810,-1.905,20,unreviewed
17-99,H,1.702,-7.976,20,unreviewed
17-99,W,0.000,-4.089,16,unreviewed
17-99,J,-1.702,-7.976,20,unreviewed
17-99,X,-3.810,-1.905,20,unreviewed
17-99,K,-4.801,-6.604,20,unreviewed
17-99,Y,-4.445,2.388,20,unreviewed
17-99,L,-7.061,-4.089,20,unreviewed
17-99,Z,0.000,0.635,16,unreviewed
17-99,M,-8.103,-0.864,20,unreviewed
19-11,A,2.667,6.604,16,unreviewed
19-11,G,-6.985,-1.346,16,unreviewed
19-11,B,6.350,3.353,16,unreviewed
19-11,H,-6.350,3.353,16,unreviewed
19-11,C,6.985,-1.346,16,unreviewed
19-11,J,-2.667,6.604,16,unreviewed
19-11,D,4.547,-5.461,16,unreviewed
19-11,K,0.000,2.667,16,unreviewed
19-11,E,0.000,-7.137,16,unreviewed
19-11,L,0.000,-2.337,16,unreviewed
19-11,F,-4.547,-5.461,16,unreviewed
19-18,A,1.727,9.652,22D,unreviewed
19-18,K,-4.572,-4.572,22D,unreviewed
19-18,B,4.572,4.572,22D,unreviewed
19-18,L,-9.576,-1.651,22D,unreviewed
19-18,C,9.576,1.651,22D,unreviewed
19-18,M,-8.052,0.000,22D,unreviewed
19-18,D,8.052,0.000,22D,unreviewed
19-18,N,-9.576,1.651,22D,unreviewed
19-18,E,9.576,-1.651,22D,unreviewed
19-18,P,-4.572,4.572,22D,unreviewed
19-18,F,4.572,-4.572,22D,unreviewed
19-18,R,-1.727,9.652,22D,unreviewed
19-18,G,1.727,-9.652,22D,unreviewed
19-18,S,0.000,8.103,22D,unreviewed
19-18,H,0.000,-8.103,22D,unreviewed
19-18,T,0.000,1.118,22D,unreviewed
19-18,J,-1.727,-9.652,22D,unreviewed
19-18,U,0.000,-1.118,22D,unreviewed
19-19,A,1.727,9.652,22D,unreviewed
19-19,K,-4.572,-4.572,8,unreviewed
19-19,B,4.572,4.572,8,unreviewed
19-19,L,-9.576,-1.651,22D,unreviewed
19-19,C,9.576,1.651,22D,unreviewed
19-19,M,-8.052,0.000,22D,unreviewed
19-19,D,8.052,0.000,22D,unreviewed
19-19,N,-9.576,1.651,22D,unreviewed
19-19,E,9.576,-1.651,22D,unreviewed
19-19,P,-4.572,4.572,8,unreviewed
19-19,F,4.572,-4.572,8,unreviewed
19-19,R,-1.727,9.652,22D,unreviewed
19-19,G,1.727,-9.652,22D,unreviewed
19-19,S,0.000,8.103,22D,unreviewed
19-19,H,0.000,-8.103,22D,unreviewed
19-19,T,0.000,1.118,22D,unreviewed
19-19,J,-1.727,-9.652,22D,unreviewed
19-19,U,0.000,-1.118,22D,unreviewed
19-23,1,0.000,9.982,23,unreviewed
19-23,45,-3.962,-6.883,23,unreviewed
19-23,2,2.083,9.779,23,unreviewed
19-23,46,-5.613,-5.613,23,unreviewed
19-23,3,4.064,9.119,23,unreviewed
19-23,47,-6.883,-3.962,23,unreviewed
19-23,4,5.867,8.077,23,unreviewed
19-23,48,-7.671,-2.057,23,unreviewed
19-23,5,7.417,6.680,23,unreviewed
19-23,49,-7.950,0.000,23,unreviewed
19-23,6,8.661,5.004,23,unreviewed
19-23,50,-7.671,2.057,23,unreviewed
19-23,7,9.500,3.099,23,unreviewed
19-23,51,-6.883,3.962,23,unreviewed
19-23,8,9.931,1.041,23,unreviewed
19-23,52,-5.613,5.613,23,unreviewed
19-23,9,9.931,-1.041,23,unreviewed
19-23,53,-3.962,6.883,23,unreviewed
19-23,10,9.500,-3.099,23,unreviewed
19-23,54,-2.057,7.671,23,unreviewed
19-23,11,8.661,-5.004,23,unreviewed
19-23,55,0.000,5.918,23,unreviewed
19-23,12,7.417,-6.680,23,unreviewed
19-23,56,2.032,5.563,23,unreviewed
19-23,13,5.867,-8.077,23,unreviewed
19-23,57,3.810,4.521,23,unreviewed
19-23,14,4.064,-9.119,23,unreviewed
19-23,58,5.105,2.946,23,unreviewed
19-23,15,2.083,-9.779,23,unreviewed
19-23,59,5.817,1.041,23,unreviewed
19-23,16,0.000,-9.982,23,unreviewed
19-23,60,5.817,-1.041,23,unreviewed
19-23,17,-2.083,-9.779,23,unreviewed
19-23,61,5.105,-2.946,23,unreviewed
19-23,18,-4.064,-9.119,23,unreviewed
19-23,62,3.810,-4.521,23,unreviewed
19-23,19,-5.867,-8.077,23,unreviewed
19-23,63,2.032,-5.563,23,unreviewed
19-23,20,-7.417,-6.680,23,unreviewed
19-23,64,0.000,-5.918,23,unreviewed
19-23,65,-2.032,-5.563,23,unreviewed
19-23,22,-9.500,-3.099,23,unreviewed
19-23,66,-3.810,-4.521,23,unreviewed
19-23,23,-9.931,-1.041,23,unreviewed
19-23,67,-5.105,-2.946,23,unreviewed
19-23,24,-9.931,1.041,23,unreviewed
19-23,68,-5.817,-1.041,23,unreviewed
19-23,25,-9.500,3.099,23,unreviewed
19-23,69,-5.817,1.041,23,unreviewed
19-23,26,-8.661,5.004,23,unreviewed
19-23,70,-5.105,2.946,23,unreviewed
19-23,27,-7.417,6.680,23,unreviewed
19-23,71,-3.810,4.521,23,unreviewed
19-23,28,-5.867,8.077,23,unreviewed
19-23,72,-2.032,5.563,23,unreviewed
19-23,29,-4.064,9.119,23,unreviewed
19-23,73,0.000,3.861,23,unreviewed
19-23,30,-2.083,9.779,23,unreviewed
19-23,74,2.083,3.251,23,unreviewed
19-23,31,0.000,7.950,23,unreviewed
19-23,75,3.531,1.600,23,unreviewed
19-23,32,2.057,7.671,23,unreviewed
19-23,76,3.835,-0.559,23,unreviewed
19-23,33,3.962,6.883,23,unreviewed
19-23,77,2.921,-2.540,23,unreviewed
19-23,34,5.613,5.613,23,unreviewed
19-23,78,1.092,-3.708,23,unreviewed
19-23,35,6.883,3.962,23,unreviewed
19-23,79,-1.092,-3.708,23,unreviewed
19-23,36,7.671,2.057,23,unreviewed
19-23,80,-2.921,-2.540,23,unreviewed
19-23,37,7.950,0.000,23,unreviewed
19-23,81,-3.835,-0.559,23,unreviewed
19-23,38,7.671,-2.057,23,unreviewed
19-23,82,-3.531,1.600,23,unreviewed
19-23,39,6.883,-3.962,23,unreviewed
19-23,83,-2.083,3.251,23,unreviewed
19-23,40,5.613,-5.613,23,unreviewed
19-23,84,0.000,1.829,23,unreviewed
19-23,41,3.962,-6.883,23,unreviewed
19-23,85,1.753,0.559,23,unreviewed
19-23,42,2.057,-7.671,23,unreviewed
19-23,86,1.092,-1.473,23,unreviewed
19-23,43,0.000,-7.950,23,unreviewed
19-23,87,-1.092,-1.473,23,unreviewed
19-23,44,-2.057,-7.671,23,unreviewed
19-23,88,-1.753,0.559,23,unreviewed
19-28,A,1.676,8.966,20,unreviewed
19-28,R,-7.264,5.512,20,unreviewed
19-28,B,4.801,7.747,20,unreviewed
19-28,S,-4.801,7.747,20,unreviewed
19-28,C,7.264,5.512,20,unreviewed
19-28,T,-1.676,8.966,20,unreviewed
19-28,D,8.763,2.489,20,unreviewed
19-28,U,0.000,5.842,20,unreviewed
19-28,E,9.068,-0.838,20,unreviewed
19-28,V,3.150,4.902,20,unreviewed
19-28,F,8.153,-4.064,20,unreviewed
19-28,W,5.309,2.413,20,unreviewed
19-28,G,6.147,-6.731,20,unreviewed
19-28,X,5.791,-0.838,20,unreviewed
19-28,H,3.302,-8.509,20,unreviewed
19-28,Y,4.420,-3.835,20,unreviewed
19-28,J,0.000,-9.119,20,unreviewed
19-28,Z,0.000,-4.851,16,unreviewed
19-28,K,-3.302,-8.509,20,unreviewed
19-28,a,-4.420,-3.835,20,unreviewed
19-28,L,-6.147,-6.731,20,unreviewed
19-28,b,-5.791,-0.838,20,unreviewed
19-28,M,-8.153,-4.064,20,unreviewed
19-28,c,-5.309,2.413,20,unreviewed
19-28,N,-9.068,-0.838,20,unreviewed
19-28,d,-3.150,4.902,20,unreviewed
19-28,P,-8.763,2.489,20,unreviewed
19-28,e,0.000,1.575,16,unreviewed
19-30,A,1.651,8.788,20,unreviewed
19-30,S,-1.651,8.788,20,unreviewed
19-30,B,4.724,7.595,20,unreviewed
19-30,T,2.134,5.512,20,unreviewed
19-30,C,7.163,5.334,20,unreviewed
19-30,U,4.597,3.277,20,unreviewed
19-30,D,8.636,2.362,20,unreviewed
19-30,V,5.791,0.203,20,unreviewed
19-30,E,8.915,-0.838,20,unreviewed
19-30,W,4.902,-2.972,20,unreviewed
19-30,F,8.001,-4.013,20,unreviewed
19-30,X,2.438,-5.156,20,unreviewed
19-30,G,5.994,-6.629,20,unreviewed
19-30,Y,0.000,-7.366,20,unreviewed
19-30,H,3.150,-8.382,20,unreviewed
19-30,Z,-2.438,-5.156,20,unreviewed
19-30,J,-3.150,-8.382,20,unreviewed
19-30,a,-4.902,-2.972,20,unreviewed
19-30,K,-5.994,-6.629,20,unreviewed
19-30,b,-5.791,0.203,20,unreviewed
19-30,L,-8.001,-4.013,20,unreviewed
19-30,c,-4.597,3.277,20,unreviewed
19-30,M,-8.915,-0.838,20,unreviewed
19-30,d,-2.134,5.512,20,unreviewed
19-30,N,-8.636,2.362,20,unreviewed
19-30,e,0.000,1.829,16,unreviewed
19-30,P,-7.163,5.334,20,unreviewed
19-30,f,1.753,-1.930,20,unreviewed
19-30,R,-4.724,7.595,20,unreviewed
19-30,g,-1.753,-1.930,20,unreviewed
19-32,A,1.676,8.966,20,unreviewed
19-32,T,-1.676,8.966,20,unreviewed
19-32,B,4.801,7.747,20,unreviewed
19-32,U,0.000,5.842,20,unreviewed
19-32,C,7.264,5.512,20,unreviewed
19-32,V,3.150,4.902,20,unreviewed
19-32,D,8.763,2.489,20,unreviewed
19-32,W,5.309,2.413,20,unreviewed
19-32,E,9.068,-0.838,20,unreviewed
19-32,X,5.791,-0.838,20,unreviewed
19-32,F,8.153,-4.064,20,unreviewed
19-32,Y,4.420,-3.835,20,unreviewed
19-32,G,6.147,-6.731,20,unreviewed
19-32,Z,1.651,-5.613,20,unreviewed
19-32,H,3.302,-8.509,20,unreviewed
19-32,a,-1.651,-5.613,20,unreviewed
19-32,J,0.000,-9.119,20,unreviewed
19-32,b,-4.420,-3.835,20,unreviewed
19-32,K,-3.302,-8.509,20,unreviewed
19-32,c,-5.791,-0.838,20,unreviewed
19-32,L,-6.147,-6.731,20,unreviewed
19-32,d,-5.309,2.413,20,unreviewed
19-32,M,-8.153,-4.064,20,unreviewed
19-32,e,-3.150,4.902,20,unreviewed
19-32,N,-9.068,-0.838,20,unreviewed
19-32,f,0.000,2.438,20,unreviewed
19-32,P,-8.763,2.489,20,unreviewed
19-32,g,2.438,0.000,20,unreviewed
19-32,R,-7.264,5.512,20,unreviewed
19-32,h,0.000,-2.438,20,unreviewed
19-32,S,-4.801,7.747,20,unreviewed
19-32,j,-2.438,0.000,20,unreviewed
19-35,1,-9.068,2.286,22D,unreviewed
19-35,34,1.143,9.144,22D,unreviewed
19-35,2,-9.068,0.000,22D,unreviewed
19-35,35,1.143,6.858,22D,unreviewed
19-35,3,-9.068,-2.286,22D,unreviewed
19-35,36,1.143,4.572,22D,unreviewed
19-35,4,-7.087,5.715,22D,unreviewed
19-35,37,1.143,2.286,22D,unreviewed
19-35,5,-7.087,3.429,22D,unreviewed
19-35,38,1.143,0.000,22D,unreviewed
19-35,6,-7.087,1.143,22D,unreviewed
19-35,39,1.143,-2.286,22D,unreviewed
19-35,7,-7.087,-1.143,22D,unreviewed
19-35,40,1.143,-4.572,22D,unreviewed
19-35,8,-7.087,-3.429,22D,unreviewed
19-35,41,1.143,-6.858,22D,unreviewed
19-35,9,-7.087,-5.715,22D,unreviewed
19-35,42,1.143,-9.144,22D,unreviewed
19-35,10,-5.105,6.858,22D,unreviewed
19-35,43,3.124,8.001,22D,unreviewed
19-35,11,-5.105,4.572,22D,unreviewed
19-35,44,3.124,5.715,22D,unreviewed
19-35,12,-5.105,2.286,22D,unreviewed
19-35,45,3.124,3.429,22D,unreviewed
19-35,13,-5.105,0.000,22D,unreviewed
19-35,46,3.124,1.143,22D,unreviewed
19-35,14,-5.105,-2.286,22D,unreviewed
19-35,47,3.124,-1.143,22D,unreviewed
19-35,15,-5.105,-4.572,22D,unreviewed
19-35,48,3.124,-3.429,22D,unreviewed
19-35,16,-5.105,-6.858,22D,unreviewed
19-35,49,3.124,-5.715,22D,unreviewed
19-35,17,-3.124,8.001,22D,unreviewed
19-35,50,3.124,-8.001,22D,unreviewed
19-35,18,-3.124,5.715,22D,unreviewed
19-35,51,5.105,6.858,22D,unreviewed
19-35,19,-3.124,3.429,22D,unreviewed
19-35,52,5.105,4.572,22D,unreviewed
19-35,20,-3.124,1.143,22D,unreviewed
19-35,53,5.105,2.286,22D,unreviewed
19-35,21,-3.124,-1.143,22D,unreviewed
19-35,54,5.105,0.000,22D,unreviewed
19-35,22,-3.124,-3.429,22D,unreviewed
19-35,55,5.105,-2.286,22D,unreviewed
19-35,23,-3.124,-5.715,22D,unreviewed
19-35,56,5.105,-4.572,22D,unreviewed
19-35,24,-3.124,-8.001,22D,unreviewed
19-35,57,5.105,-6.858,22D,unreviewed
19-35,25,-1.143,9.144,22D,unreviewed
19-35,58,7.087,5.715,22D,unreviewed
19-35,26,-1.143,6.858,22D,unreviewed
19-35,59,7.087,3.429,22D,unreviewed
19-35,27,-1.143,4.572,22D,unreviewed
19-35,60,7.087,1.143,22D,unreviewed
19-35,28,-1.143,2.286,22D,unreviewed
19-35,61,7.087,-1.143,22D,unreviewed
19-35,29,-1.143,0.000,22D,unreviewed
19-35,62,7.087,-3.429,22D,unreviewed
19-35,30,-1.143,-2.286,22D,unreviewed
19-35,63,7.087,-5.715,22D,unreviewed
19-35,31,-1.143,-4.572,22D,unreviewed
19-35,64,9.068,2.286,22D,unreviewed
19-35,32,-1.143,-6.858,22D,unreviewed
19-35,65,9.068,0.000,22D,unreviewed
19-35,33,-1.143,-9.144,22D,unreviewed
19-35,66,9.068,-2.286,22D,unreviewed
19-45,1,-9.068,2.057,22D,unreviewed
19-45,35,2.235,9.144,22D,unreviewed
19-45,2,-9.068,-0.229,22D,unreviewed
19-45,36,1.143,6.629,22D,unreviewed
19-45,3,-9.068,-2.515,22D,unreviewed
19-45,37,1.143,4.343,22D,unreviewed
19-45,4,-7.722,5.410,22D,unreviewed
19-45,38,1.143,2.057,22D,unreviewed
19-45,5,-7.087,3.200,22D,unreviewed
19-45,39,1.143,-0.229,22D,unreviewed
19-45,6,-7.087,0.914,22D,unreviewed
19-45,40,1.143,-2.515,22D,unreviewed
19-45,7,-7.087,-1.372,22D,unreviewed
19-45,41,1.143,-4.801,22D,unreviewed
19-45,8,-7.087,-3.658,22D,unreviewed
19-45,42,1.143,-7.087,22D,unreviewed
19-45,9,-7.087,-5.944,22D,unreviewed
19-45,43,1.143,-9.373,22D,unreviewed
19-45,10,-6.198,7.112,22D,unreviewed
19-45,44,3.962,7.645,22D,unreviewed
19-45,11,-5.105,4.343,22D,unreviewed
19-45,45,3.124,5.486,22D,unreviewed
19-45,12,-5.105,2.057,22D,unreviewed
19-45,46,3.124,3.200,22D,unreviewed
19-45,13,-5.105,-0.229,22D,unreviewed
19-45,47,3.124,0.914,22D,unreviewed
19-45,14,-5.105,-2.515,22D,unreviewed
19-45,48,3.124,-1.372,22D,unreviewed
19-45,15,-5.105,-4.801,22D,unreviewed
19-45,49,3.124,-3.658,22D,unreviewed
19-45,16,-5.105,-7.087,22D,unreviewed
19-45,50,3.124,-5.944,22D,unreviewed
19-45,17,-3.962,7.645,22D,unreviewed
19-45,51,3.124,-8.230,22D,unreviewed
19-45,18,-3.124,5.486,22D,unreviewed
19-45,52,6.198,7.112,22D,unreviewed
19-45,19,-3.124,3.200,22D,unreviewed
19-45,53,5.105,4.343,22D,unreviewed
19-45,20,-3.124,0.914,22D,unreviewed
19-45,54,5.105,2.057,22D,unreviewed
19-45,21,-3.124,-1.372,22D,unreviewed
19-45,55,5.105,-0.229,22D,unreviewed
19-45,22,-3.124,-3.658,22D,unreviewed
19-45,56,5.105,-2.515,22D,unreviewed
19-45,23,-3.124,-5.944,22D,unreviewed
19-45,57,5.105,-4.801,22D,unreviewed
19-45,24,-3.124,-8.230,22D,unreviewed
19-45,58,5.105,-7.087,22D,unreviewed
19-45,25,-2.235,9.144,22D,unreviewed
19-45,59,7.722,5.410,22D,unreviewed
19-45,26,0.000,8.611,22D,unreviewed
19-45,60,7.087,3.200,22D,unreviewed
19-45,27,-1.143,6.629,22D,unreviewed
19-45,61,7.087,0.914,22D,unreviewed
19-45,28,-1.143,4.343,22D,unreviewed
19-45,62,7.087,-1.372,22D,unreviewed
19-45,29,-1.143,2.057,22D,unreviewed
19-45,63,7.087,-3.658,22D,unreviewed
19-45,30,-1.143,-0.229,22D,unreviewed
19-45,64,7.087,-5.944,22D,unreviewed
19-45,31,-1.143,-2.515,22D,unreviewed
19-45,65,9.068,2.057,22D,unreviewed
19-45,32,-1.143,-4.801,22D,unreviewed
19-45,66,9.068,-0.229,22D,unreviewed
19-45,33,-1.143,-7.087,22D,unreviewed
19-45,67,9.068,-2.515,22D,unreviewed
19-45,34,-1.143,-9.373,22D,unreviewed
19-66,1,-9.068,2.286,22D,unreviewed
19-66,34,1.143,9.144,22D,unreviewed
19-66,2,-9.068,0.000,22D,unreviewed
19-66,35,1.143,6.858,22D,unreviewed
19-66,3,-9.068,-2.286,22D,unreviewed
19-66,36,1.143,4.572,22D,unreviewed
19-66,4,-7.087,5.715,22D,unreviewed
19-66,37,1.143,2.286,22D,unreviewed
19-66,5,-7.087,3.429,22D,unreviewed
19-66,38,1.143,0.000,22D,unreviewed
19-66,6,-7.087,1.143,22D,unreviewed
19-66,39,1.143,-2.286,22D,unreviewed
19-66,7,-7.087,-1.143,22D,unreviewed
19-66,40,1.143,-4.572,22D,unreviewed
19-66,8,-7.087,-3.429,22D,unreviewed
19-66,41,1.143,-6.858,22D,unreviewed
19-66,9,-7.087,-5.715,22D,unreviewed
19-66,42,1.143,-9.144,22D,unreviewed
19-66,10,-5.105,6.858,22D,unreviewed
19-66,43,3.124,8.001,22D,unreviewed
19-66,11,-5.105,4.572,22D,unreviewed
19-66,44,3.124,5.715,22D,unreviewed
19-66,12,-5.105,2.286,22D,unreviewed
19-66,45,3.124,3.429,22D,unreviewed
19-66,13,-5.105,0.000,22D,unreviewed
19-66,46,3.124,1.143,22D,unreviewed
19-66,14,-5.105,-2.286,22D,unreviewed
19-66,47,3.124,-1.143,22D,unreviewed
19-66,15,-5.105,-4.572,22D,unreviewed
19-66,48,3.124,-3.429,22D,unreviewed
19-66,16,-5.105,-6.858,22D,unreviewed
19-66,49,3.124,-5.715,22D,unreviewed
19-66,17,-3.124,8.001,22D,unreviewed
19-66,50,3.124,-8.001,22D,unreviewed
19-66,18,-3.124,5.715,22D,unreviewed
19-66,51,5.105,6.858,22D,unreviewed
19-66,19,-3.124,3.429,22D,unreviewed
19-66,52,5.105,4.572,22D,unreviewed
19-66,20,-3.124,1.143,22D,unreviewed
19-66,53,5.105,2.286,22D,unreviewed
19-66,21,-3.124,-1.143,22D,unreviewed
19-66,54,5.105,0.000,22D,unreviewed
19-66,22,-3.124,-3.429,22D,unreviewed
19-66,55,5.105,-2.286,22D,unreviewed
19-66,23,-3.124,-5.715,22D,unreviewed
19-66,56,5.105,-4.572,22D,unreviewed
19-66,24,-3.124,-8.001,22D,unreviewed
19-66,57,5.105,-6.858,22D,unreviewed
19-66,25,-1.143,9.144,22D,unreviewed
19-66,58,7.087,5.715,22D,unreviewed
19-66,26,-1.143,6.858,22D,unreviewed
19-66,59,7.087,3.429,22D,unreviewed
19-66,27,-1.143,4.572,22D,unreviewed
19-66,60,7.087,1.143,22D,unreviewed
19-66,28,-1.143,2.286,22D,unreviewed
19-66,61,7.087,-1.143,22D,unreviewed
19-66,29,-1.143,0.000,22D,unreviewed
19-66,62,7.087,-3.429,22D,unreviewed
19-66,30,-1.143,-2.286,22D,unreviewed
19-66,63,7.087,-5.715,22D,unreviewed
19-66,31,-1.143,-4.572,22D,unreviewed
19-66,64,9.068,2.286,22D,unreviewed
19-66,32,-1.143,-6.858,22D,unreviewed
19-66,65,9.068,0.000,22D,unreviewed
19-66,33,-1.143,-9.144,22D,unreviewed
19-66,66,9.068,-2.286,22D,unreviewed
19-67,1,-9.068,2.057,22D,unreviewed
19-67,35,2.235,9.144,22D,unreviewed
19-67,2,-9.068,-0.229,22D,unreviewed
19-67,36,1.143,6.629,22D,unreviewed
19-67,3,-9.068,-2.515,22D,unreviewed
19-67,37,1.143,4.343,22D,unreviewed
19-67,4,-7.722,5.410,22D,unreviewed
19-67,38,1.143,2.057,22D,unreviewed
19-67,5,-7.087,3.200,22D,unreviewed
19-67,39,1.143,-0.229,22D,unreviewed
19-67,6,-7.087,0.914,22D,unreviewed
19-67,40,1.143,-2.515,22D,unreviewed
19-67,7,-7.087,-1.372,22D,unreviewed
19-67,41,1.143,-4.801,22D,unreviewed
19-67,8,-7.087,-3.658,22D,unreviewed
19-67,42,1.143,-7.087,22D,unreviewed
19-67,9,-7.087,-5.944,22D,unreviewed
19-67,43,1.143,-9.373,22D,unreviewed
19-67,10,-6.198,7.112,22D,unreviewed
19-67,44,3.962,7.645,22D,unreviewed
19-67,11,-5.105,4.343,22D,unreviewed
19-67,45,3.124,5.486,22D,unreviewed
19-67,12,-5.105,2.057,22D,unreviewed
19-67,46,3.124,3.200,22D,unreviewed
19-67,13,-5.105,-0.229,22D,unreviewed
19-67,47,3.124,0.914,22D,unreviewed
19-67,14,-5.105,-2.515,22D,unreviewed
19-67,48,3.124,-1.372,22D,unreviewed
19-67,15,-5.105,-4.801,22D,unreviewed
19-67,49,3.124,-3.658,22D,unreviewed
19-67,16,-5.105,-7.087,22D,unreviewed
19-67,50,3.124,-5.944,22D,unreviewed
19-67,17,-3.962,7.645,22D,unreviewed
19-67,51,3.124,-8.230,22D,unreviewed
19-67,18,-3.124,5.486,22D,unreviewed
19-67,52,6.198,7.112,22D,unreviewed
19-67,19,-3.124,3.200,22D,unreviewed
19-67,53,5.105,4.343,22D,unreviewed
19-67,20,-3.124,0.914,22D,unreviewed
19-67,54,5.105,2.057,22D,unreviewed
19-67,21,-3.124,-1.372,22D,unreviewed
19-67,55,5.105,-0.229,22D,unreviewed
19-67,22,-3.124,-3.658,22D,unreviewed
19-67,56,5.105,-2.515,22D,unreviewed
19-67,23,-3.124,-5.944,22D,unreviewed
19-67,57,5.105,-4.801,22D,unreviewed
19-67,24,-3.124,-8.230,22D,unreviewed
19-67,58,5.105,-7.087,22D,unreviewed
19-67,25,-2.235,9.144,22D,unreviewed
19-67,59,7.722,5.410,22D,unreviewed
19-67,26,0.000,8.611,22D,unreviewed
19-67,60,7.087,3.200,22D,unreviewed
19-67,27,-1.143,6.629,22D,unreviewed
19-67,61,7.087,0.914,22D,unreviewed
19-67,28,-1.143,4.343,22D,unreviewed
19-67,62,7.087,-1.372,22D,unreviewed
19-67,29,-1.143,2.057,22D,unreviewed
19-67,63,7.087,-3.658,22D,unreviewed
19-67,30,-1.143,-0.229,22D,unreviewed
19-67,64,7.087,-5.944,22D,unreviewed
19-67,31,-1.143,-2.515,22D,unreviewed
19-67,65,9.068,2.057,22D,unreviewed
19-67,32,-1.143,-4.801,22D,unreviewed
19-67,66,9.068,-0.229,22D,unreviewed
19-67,33,-1.143,-7.087,22D,unreviewed
19-67,67,9.068,-2.515,22D,unreviewed
19-67,34,-1.143,-9.373,22D,unreviewed
21-1,1,1.346,10.820,22D,unreviewed
21-1,41,-2.489,-8.179,22D,unreviewed
21-1,2,3.708,10.262,22D,unreviewed
21-1,42,-4.674,-7.112,22D,unreviewed
21-1,3,5.893,9.195,22D,unreviewed
21-1,43,-6.553,-5.588,22D,unreviewed
21-1,4,7.772,7.671,22D,unreviewed
21-1,44,-7.899,-3.581,22D,unreviewed
21-1,5,9.271,5.766,22D,unreviewed
21-1,45,-8.433,-1.219,22D,unreviewed
21-1,6,10.312,3.581,22D,unreviewed
21-1,46,-8.433,1.219,22D,unreviewed
21-1,7,10.846,1.219,22D,unreviewed
21-1,47,-7.899,3.581,22D,unreviewed
21-1,8,10.846,-1.219,22D,unreviewed
21-1,48,-6.553,5.588,22D,unreviewed
21-1,9,10.312,-3.581,22D,unreviewed
21-1,49,-4.674,7.112,22D,unreviewed
21-1,10,9.271,-5.766,22D,unreviewed
21-1,50,-2.489,8.179,22D,unreviewed
21-1,11,7.772,-7.671,22D,unreviewed
21-1,51,-1.219,6.121,22D,unreviewed
21-1,12,5.893,-9.195,22D,unreviewed
21-1,52,1.219,6.121,22D,unreviewed
21-1,13,3.708,-10.262,22D,unreviewed
21-1,53,3.404,5.055,22D,unreviewed
21-1,14,1.346,-10.820,22D,unreviewed
21-1,54,5.283,3.531,22D,unreviewed
21-1,15,-1.346,-10.820,22D,unreviewed
21-1,55,6.020,1.219,22D,unreviewed
21-1,16,-3.708,-10.262,22D,unreviewed
21-1,56,6.020,-1.219,22D,unreviewed
21-1,17,-5.893,-9.195,22D,unreviewed
21-1,57,5.283,-3.531,22D,unreviewed
21-1,18,-7.772,-7.671,22D,unreviewed
21-1,58,3.404,-5.055,22D,unreviewed
21-1,19,-9.271,-5.766,22D,unreviewed
21-1,59,1.219,-6.121,22D,unreviewed
21-1,20,-10.312,-3.581,22D,unreviewed
21-1,60,-1.219,-6.121,22D,unreviewed
21-1,21,-10.846,-1.219,22D,unreviewed
21-1,61,-3.404,-5.055,22D,unreviewed
21-1,22,-10.846,1.219,22D,unreviewed
21-1,62,-5.283,-3.531,22D,unreviewed
21-1,23,-10.312,3.581,22D,unreviewed
21-1,63,-6.020,-1.219,22D,unreviewed
21-1,24,-9.271,5.766,22D,unreviewed
21-1,64,-6.020,1.219,22D,unreviewed
21-1,25,-7.772,7.671,22D,unreviewed
21-1,65,-5.283,3.531,22D,unreviewed
21-1,26,-5.893,9.195,22D,unreviewed
21-1,66,-3.404,5.055,22D,unreviewed
21-1,27,-3.708,10.262,22D,unreviewed
21-1,67,-1.219,3.708,22D,unreviewed
21-1,28,-1.346,10.820,22D,unreviewed
21-1,68,1.219,3.708,22D,unreviewed
21-1,29,0.000,8.204,22D,unreviewed
21-1,69,3.175,2.286,22D,unreviewed
21-1,30,2.489,8.179,22D,unreviewed
21-1,70,3.937,0.000,22D,unreviewed
21-1,31,4.674,7.112,22D,unreviewed
21-1,71,3.175,-2.286,22D,unreviewed
21-1,32,6.553,5.588,22D,unreviewed
21-1,72,1.219,-3.708,22D,unreviewed
21-1,33,7.899,3.581,22D,unreviewed
21-1,73,-1.219,-3.708,22D,unreviewed
21-1,34,8.433,1.219,22D,unreviewed
21-1,74,-3.175,-2.286,22D,unreviewed
21-1,35,8.433,-1.219,22D,unreviewed
21-1,75,-3.937,0.000,22D,unreviewed
21-1,36,7.899,-3.581,22D,unreviewed
21-1,76,-3.175,2.286,22D,unreviewed
21-1,37,6.553,-5.588,22D,unreviewed
21-1,77,0.000,1.346,22D,unreviewed
21-1,38,4.674,-7.112,22D,unreviewed
21-1,78,1.219,-0.737,22D,unreviewed
21-1,39,2.489,-8.179,22D,unreviewed
21-1,79,-1.219,-0.737,22D,unreviewed
21-1,40,0.000,-8.814,22D,unreviewed
21-11,A,3.073,8.433,12,unreviewed
21-11,G,-8.839,-1.549,12,unreviewed
21-11,B,7.772,4.496,12,unreviewed
21-11,H,-7.772,4.496,12,unreviewed
21-11,C,8.839,-1.549,12,unreviewed
21-11,J,-3.073,8.433,12,unreviewed
21-11,D,5.766,-6.858,12,unreviewed
21-11,K,0.000,3.124,12,unreviewed
21-11,E,0.000,-8.966,12,unreviewed
21-11,L,0.000,-2.921,12,unreviewed
21-11,F,-5.766,-6.858,12,unreviewed
21-16,A,2.997,8.179,16,unreviewed
21-16,J,-8.661,0.914,16,unreviewed
21-16,B,6.883,5.359,16,unreviewed
21-16,K,-6.883,5.359,16,unreviewed
21-16,C,8.661,0.914,16,unreviewed
21-16,L,-2.997,8.179,16,unreviewed
21-16,D,7.823,-3.810,16,unreviewed
21-16,M,0.000,4.445,16,unreviewed
21-16,E,4.623,-7.366,16,unreviewed
21-16,N,3.912,1.575,16,unreviewed
21-16,F,0.000,-8.712,16,unreviewed
21-16,P,2.388,-3.099,16,unreviewed
21-16,G,-4.623,-7.366,16,unreviewed
21-16,R,-2.388,-3.099,16,unreviewed
21-16,H,-7.823,-3.810,16,unreviewed
21-16,S,-3.912,1.575,16,unreviewed
21-23,1,-4.089,10.592,23,unreviewed
21-23,62,2.032,0.000,23,unreviewed
21-23,2,-2.032,10.592,23,unreviewed
21-23,63,4.089,0.000,23,unreviewed
21-23,3,0.000,10.592,23,unreviewed
21-23,64,6.121,0.000,23,unreviewed
21-23,4,2.032,10.592,23,unreviewed
21-23,65,8.153,0.000,23,unreviewed
21-23,5,4.089,10.592,23,unreviewed
21-23,66,10.211,0.000,23,unreviewed
21-23,6,-7.137,8.839,23,unreviewed
21-23,67,-11.227,-1.778,23,unreviewed
21-23,7,-5.105,8.839,23,unreviewed
21-23,68,-9.169,-1.778,23,unreviewed
21-23,8,-3.073,8.839,23,unreviewed
21-23,69,-7.137,-1.778,23,unreviewed
21-23,9,-1.016,8.839,23,unreviewed
21-23,70,-5.105,-1.778,23,unreviewed
21-23,10,1.016,8.839,23,unreviewed
21-23,71,-3.073,-1.778,23,unreviewed
21-23,11,3.073,8.839,23,unreviewed
21-23,72,-1.016,-1.778,23,unreviewed
21-23,12,5.105,8.839,23,unreviewed
21-23,73,1.016,-1.778,23,unreviewed
21-23,13,7.137,8.839,23,unreviewed
21-23,74,3.073,-1.778,23,unreviewed
21-23,14,-8.153,7.061,23,unreviewed
21-23,75,5.105,-1.778,23,unreviewed
21-23,15,-6.121,7.061,23,unreviewed
21-23,76,7.137,-1.778,23,unreviewed
21-23,16,-4.089,7.061,23,unreviewed
21-23,77,9.169,-1.778,23,unreviewed
21-23,17,-2.032,7.061,23,unreviewed
21-23,78,11.227,-1.778,23,unreviewed
21-23,18,0.000,7.061,23,unreviewed
21-23,79,-10.211,-3.531,23,unreviewed
21-23,19,2.032,7.061,23,unreviewed
21-23,80,-8.153,-3.531,23,unreviewed
21-23,20,4.089,7.061,23,unreviewed
21-23,81,-6.121,-3.531,23,unreviewed
21-23,21,6.121,7.061,23,unreviewed
21-23,82,-4.089,-3.531,23,unreviewed
21-23,22,8.153,7.061,23,unreviewed
21-23,83,-2.032,-3.531,23,unreviewed
21-23,23,-9.169,5.309,23,unreviewed
21-23,84,0.000,-3.531,23,unreviewed
21-23,24,-7.137,5.309,23,unreviewed
21-23,85,2.032,-3.531,23,unreviewed
21-23,25,-5.105,5.309,23,unreviewed
21-23,86,4.089,-3.531,23,unreviewed
21-23,26,-3.073,5.309,23,unreviewed
21-23,87,6.121,-3.531,23,unreviewed
21-23,27,-1.016,5.309,23,unreviewed
21-23,88,8.153,-3.531,23,unreviewed
21-23,28,1.016,5.309,23,unreviewed
21-23,89,10.211,-3.531,23,unreviewed
21-23,29,3.073,5.309,23,unreviewed
21-23,90,-9.169,-5.309,23,unreviewed
21-23,30,5.105,5.309,23,unreviewed
21-23,91,-7.137,-5.309,23,unreviewed
21-23,31,7.137,5.309,23,unreviewed
21-23,92,-5.105,-5.309,23,unreviewed
21-23,32,9.169,5.309,23,unreviewed
21-23,93,-3.073,-5.309,23,unreviewed
21-23,33,-10.211,3.531,23,unreviewed
21-23,94,-1.016,-5.309,23,unreviewed
21-23,34,-8.153,3.531,23,unreviewed
21-23,95,1.016,-5.309,23,unreviewed
21-23,35,-6.121,3.531,23,unreviewed
21-23,96,3.073,-5.309,23,unreviewed
21-23,36,-4.089,3.531,23,unreviewed
21-23,97,5.105,-5.309,23,unreviewed
21-23,37,-2.032,3.531,23,unreviewed
21-23,98,7.137,-5.309,23,unreviewed
21-23,38,0.000,3.531,23,unreviewed
21-23,99,9.169,-5.309,23,unreviewed
21-23,39,2.032,3.531,23,unreviewed
21-23,100,-8.153,-7.061,23,unreviewed
21-23,40,4.089,3.531,23,unreviewed
21-23,101,-6.121,-7.061,23,unreviewed
21-23,41,6.121,3.531,23,unreviewed
21-23,102,-4.089,-7.061,23,unreviewed
21-23,42,8.153,3.531,23,unreviewed
21-23,103,-2.032,-7.061,23,unreviewed
21-23,43,10.211,3.531,23,unreviewed
21-23,104,0.000,-7.061,23,unreviewed
21-23,44,-11.227,1.778,23,unreviewed
21-23,105,2.032,-7.061,23,unreviewed
21-23,45,-9.169,1.778,23,unreviewed
21-23,106,4.089,-7.061,23,unreviewed
21-23,46,-7.137,1.778,23,unreviewed
21-23,107,6.121,-7.061,23,unreviewed
21-23,47,-5.105,1.778,23,unreviewed
21-23,108,8.153,-7.061,23,unreviewed
21-23,48,-3.073,1.778,23,unreviewed
21-23,109,-7.137,-8.839,23,unreviewed
21-23,49,-1.016,1.778,23,unreviewed
21-23,110,-5.105,-8.839,23,unreviewed
21-23,50,1.016,1.778,23,unreviewed
21-23,111,-3.073,-8.839,23,unreviewed
21-23,51,3.073,1.778,23,unreviewed
21-23,112,-1.016,-8.839,23,unreviewed
21-23,52,5.105,1.778,23,unreviewed
21-23,113,1.016,-8.839,23,unreviewed
21-23,53,7.137,1.778,23,unreviewed
21-23,114,3.073,-8.839,23,unreviewed
21-23,54,9.169,1.778,23,unreviewed
21-23,115,5.105,-8.839,23,unreviewed
21-23,55,11.227,1.778,23,unreviewed
21-23,116,7.137,-8.839,23,unreviewed
21-23,56,-10.211,0.000,23,unreviewed
21-23,117,-4.089,-10.592,23,unreviewed
21-23,57,-8.153,0.000,23,unreviewed
21-23,118,-2.032,-10.592,23,unreviewed
21-23,58,-6.121,0.000,23,unreviewed
21-23,119,0.000,-10.592,23,unreviewed
21-23,59,-4.089,0.000,23,unreviewed
21-23,120,2.032,-10.592,23,unreviewed
21-23,60,-2.032,0.000,23,unreviewed
21-23,121,4.089,-10.592,23,unreviewed
21-23,61,0.000,0.000,23,unreviewed
21-24,A,4.445,9.525,20,unreviewed
21-24,N,3.810,5.080,20,unreviewed
21-24,B,8.890,5.080,20,unreviewed
21-24,P,6.350,0.000,20,unreviewed
21-24,C,10.160,0.000,20,unreviewed
21-24,R,5.080,-3.810,20,unreviewed
21-24,D,8.890,-5.080,20,unreviewed
21-24,S,1.905,-6.350,20,unreviewed
21-24,E,5.080,-8.890,20,unreviewed
21-24,T,-1.905,-6.350,20,unreviewed
21-24,F,0.000,-10.160,20,unreviewed
21-24,U,-5.080,-3.810,20,unreviewed
21-24,G,-5.080,-8.890,20,unreviewed
21-24,V,-6.350,0.000,20,unreviewed
21-24,H,-8.890,-5.080,20,unreviewed
21-24,W,-3.810,5.080,20,unreviewed
21-24,J,-10.160,0.000,20,unreviewed
21-24,X,0.000,3.810,20,unreviewed
21-24,K,-8.890,5.080,20,unreviewed
21-24,Y,2.540,0.635,20,unreviewed
21-24,L,-4.445,9.525,20,unreviewed
21-24,Z,0.000,-2.540,20,unreviewed
21-24,M,0.000,7.620,20,unreviewed
21-24,a,-2.540,0.635,20,unreviewed
21-25,A,0.000,10.160,20,unreviewed
21-25,P,-5.715,5.715,20,unreviewed
21-25,B,3.810,9.525,20,unreviewed
21-25,R,-3.810,9.525,20,unreviewed
21-25,C,5.715,5.715,20,unreviewed
21-25,S,1.905,5.715,20,unreviewed
21-25,D,9.525,4.445,20,unreviewed
21-25,T,6.350,1.905,20,unreviewed
21-25,E,10.160,0.635,20,unreviewed
21-25,U,3.810,-5.080,20,unreviewed
21-25,F,9.525,-3.175,20,unreviewed
21-25,V,-3.810,-5.080,20,unreviewed
21-25,G,6.985,-7.620,20,unreviewed
21-25,W,-6.350,1.905,20,unreviewed
21-25,H,2.540,-10.160,20,unreviewed
21-25,X,-1.905,5.715,20,unreviewed
21-25,J,-2.540,-10.160,20,unreviewed
21-25,Y,0.000,1.905,20,unreviewed
21-25,K,-6.985,-7.620,20,unreviewed
21-25,Z,3.175,-0.635,20,unreviewed
21-25,L,-9.525,-3.175,20,unreviewed
21-25,a,0.000,-3.175,20,unreviewed
21-25,M,-10.160,0.635,20,unreviewed
21-25,b,-3.175,-0.635,20,unreviewed
21-25,N,-9.525,4.445,20,unreviewed
21-27,A,0.000,10.160,20,unreviewed
21-27,R,-3.810,9.525,20,unreviewed
21-27,B,3.810,9.525,20,unreviewed
21-27,S,3.175,5.715,20,unreviewed
21-27,C,6.985,6.985,20,unreviewed
21-27,T,5.715,2.540,20,unreviewed
21-27,D,9.525,3.810,20,unreviewed
21-27,U,6.350,-1.270,20,unreviewed
21-27,E,10.160,0.000,20,unreviewed
21-27,V,3.810,-5.080,20,unreviewed
21-27,F,9.525,-3.810,20,unreviewed
21-27,W,0.000,-6.350,20,unreviewed
21-27,G,6.985,-7.620,20,unreviewed
21-27,X,-3.810,-5.080,20,unreviewed
21-27,H,2.540,-10.160,20,unreviewed
21-27,Y,-6.350,-1.270,20,unreviewed
21-27,J,-2.540,-10.160,20,unreviewed
21-27,Z,-5.715,2.540,20,unreviewed
21-27,K,-6.985,-7.620,20,unreviewed
21-27,a,-3.175,5.715,20,unreviewed
21-27,L,-9.525,-3.810,20,unreviewed
21-27,b,0.000,2.540,20,unreviewed
21-27,M,-10.160,0.000,20,unreviewed
21-27,c,2.540,-0.635,20,unreviewed
21-27,N,-9.525,3.810,20,unreviewed
21-27,d,-2.540,-0.635,20,unreviewed
21-27,P,-6.985,6.985,20,unreviewed
21-29,1,1.702,10.465,20,unreviewed
21-29,15,-10.465,1.524,20,unreviewed
21-29,2,4.928,9.449,20,unreviewed
21-29,16,-7.874,3.708,20,unreviewed
21-29,3,7.747,7.137,16,unreviewed
21-29,17,-7.747,7.137,20,unreviewed
21-29,4,7.874,3.708,20,unreviewed
21-29,18,-4.928,9.449,20,unreviewed
21-29,5,10.465,1.524,20,unreviewed
21-29,19,-1.702,10.465,20,unreviewed
21-29,6,10.389,-1.880,20,unreviewed
21-29,20,3.200,5.080,12,unreviewed
21-29,7,7.899,-4.293,20,unreviewed
21-29,21,6.706,-0.076,16,unreviewed
21-29,8,7.341,-7.671,20,unreviewed
21-29,22,3.175,-5.258,12,unreviewed
21-29,9,3.150,-10.084,20,unreviewed
21-29,23,-3.175,-5.258,12,unreviewed
21-29,10,0.000,-8.814,20,unreviewed
21-29,24,-6.706,-0.076,16,unreviewed
21-29,11,-3.150,-10.084,20,unreviewed
21-29,25,-3.200,5.080,12,unreviewed
21-29,12,-7.341,-7.671,20,unreviewed
21-29,13,-7.899,-4.293,20,unreviewed
21-29,27,-2.235,-0.076,16,unreviewed
21-29,14,-10.389,-1.880,20,unreviewed
21-35,1,1.346,10.820,22D,unreviewed
21-35,41,-2.489,-8.179,22D,unreviewed
21-35,2,3.708,10.262,22D,unreviewed
21-35,42,-4.674,-7.112,22D,unreviewed
21-35,3,5.893,9.195,22D,unreviewed
21-35,43,-6.553,-5.588,22D,unreviewed
21-35,4,7.772,7.671,22D,unreviewed
21-35,44,-7.899,-3.581,22D,unreviewed
21-35,5,9.271,5.766,22D,unreviewed
21-35,45,-8.433,-1.219,22D,unreviewed
21-35,6,10.312,3.581,22D,unreviewed
21-35,46,-8.433,1.219,22D,unreviewed
21-35,7,10.846,1.219,22D,unreviewed
21-35,47,-7.899,3.581,22D,unreviewed
21-35,8,10.846,-1.219,22D,unreviewed
21-35,48,-6.553,5.588,22D,unreviewed
21-35,9,10.312,-3.581,22D,unreviewed
21-35,49,-4.674,7.112,22D,unreviewed
21-35,10,9.271,-5.766,22D,unreviewed
21-35,50,-2.489,8.179,22D,unreviewed
21-35,11,7.772,-7.671,22D,unreviewed
21-35,51,-1.219,6.121,22D,unreviewed
21-35,12,5.893,-9.195,22D,unreviewed
21-35,52,1.219,6.121,22D,unreviewed
21-35,13,3.708,-10.262,22D,unreviewed
21-35,53,3.404,5.055,22D,unreviewed
21-35,14,1.346,-10.820,22D,unreviewed
21-35,54,5.283,3.531,22D,unreviewed
21-35,15,-1.346,-10.820,22D,unreviewed
21-35,55,6.020,1.219,22D,unreviewed
21-35,16,-3.708,-10.262,22D,unreviewed
21-35,56,6.020,-1.219,22D,unreviewed
21-35,17,-5.893,-9.195,22D,unreviewed
21-35,57,5.283,-3.531,22D,unreviewed
21-35,18,-7.772,-7.671,22D,unreviewed
21-35,58,3.404,-5.055,22D,unreviewed
21-35,19,-9.271,-5.766,22D,unreviewed
21-35,59,1.219,-6.121,22D,unreviewed
21-35,20,-10.312,-3.581,22D,unreviewed
21-35,60,-1.219,-6.121,22D,unreviewed
21-35,21,-10.846,-1.219,22D,unreviewed
21-35,61,-3.404,-5.055,22D,unreviewed
21-35,22,-10.846,1.219,22D,unreviewed
21-35,62,-5.283,-3.531,22D,unreviewed
21-35,23,-10.312,3.581,22D,unreviewed
21-35,63,-6.020,-1.219,22D,unreviewed
21-35,24,-9.271,5.766,22D,unreviewed
21-35,64,-6.020,1.219,22D,unreviewed
21-35,25,-7.772,7.671,22D,unreviewed
21-35,65,-5.283,3.531,22D,unreviewed
21-35,26,-5.893,9.195,22D,unreviewed
21-35,66,-3.404,5.055,22D,unreviewed
21-35,27,-3.708,10.262,22D,unreviewed
21-35,67,-1.219,3.708,22D,unreviewed
21-35,28,-1.346,10.820,22D,unreviewed
21-35,68,1.219,3.708,22D,unreviewed
21-35,29,0.000,8.204,22D,unreviewed
21-35,69,3.175,2.286,22D,unreviewed
21-35,30,2.489,8.179,22D,unreviewed
21-35,70,3.937,0.000,22D,unreviewed
21-35,31,4.674,7.112,22D,unreviewed
21-35,71,3.175,-2.286,22D,unreviewed
21-35,32,6.553,5.588,22D,unreviewed
21-35,72,1.219,-3.708,22D,unreviewed
21-35,33,7.899,3.581,22D,unreviewed
21-35,73,-1.219,-3.708,22D,unreviewed
21-35,34,8.433,1.219,22D,unreviewed
21-35,74,-3.175,-2.286,22D,unreviewed
21-35,35,8.433,-1.219,22D,unreviewed
21-35,75,-3.937,0.000,22D,unreviewed
21-35,36,7.899,-3.581,22D,unreviewed
21-35,76,-3.175,2.286,22D,unreviewed
21-35,37,6.553,-5.588,22D,unreviewed
21-35,77,0.000,1.346,22D,unreviewed
21-35,38,4.674,-7.112,22D,unreviewed
21-35,78,1.219,-0.737,22D,unreviewed
21-35,39,2.489,-8.179,22D,unreviewed
21-35,79,-1.219,-0.737,22D,unreviewed
21-35,40,0.000,-8.814,22D,unreviewed
21-39,A,1.651,10.439,20,unreviewed
21-39,X,0.000,7.493,20,unreviewed
21-39,B,4.801,9.423,20,unreviewed
21-39,Y,3.200,6.502,20,unreviewed
21-39,C,7.468,7.468,20,unreviewed
21-39,Z,5.893,4.547,20,unreviewed
21-39,D,9.423,4.801,20,unreviewed
21-39,a,7.112,1.448,20,unreviewed
21-39,E,10.439,1.651,20,unreviewed
21-39,b,7.112,-1.880,20,unreviewed
21-39,F,10.439,-1.651,20,unreviewed
21-39,c,5.512,-4.801,20,unreviewed
21-39,G,9.423,-4.801,20,unreviewed
21-39,d,2.845,-6.731,20,unreviewed
21-39,H,7.468,-7.468,20,unreviewed
21-39,e,-2.845,-6.731,20,unreviewed
21-39,J,4.801,-9.423,20,unreviewed
21-39,f,-5.512,-4.801,20,unreviewed
21-39,K,1.651,-10.439,20,unreviewed
21-39,g,-7.112,-1.880,20,unreviewed
21-39,L,-1.651,-10.439,20,unreviewed
21-39,h,-7.112,1.448,20,unreviewed
21-39,M,-4.801,-9.423,20,unreviewed
21-39,i,-5.893,4.547,20,unreviewed
21-39,N,-7.468,-7.468,20,unreviewed
21-39,j,-3.200,6.502,20,unreviewed
21-39,P,-9.423,-4.801,20,unreviewed
21-39,k,0.000,4.166,20,unreviewed
21-39,R,-10.439,-1.651,20,unreviewed
21-39,m,2.896,1.219,16,unreviewed
21-39,S,-10.439,1.651,20,unreviewed
21-39,n,2.692,-2.718,20,unreviewed
21-39,T,-9.423,4.801,20,unreviewed
21-39,p,0.000,-4.801,20,unreviewed
21-39,U,-7.468,7.468,20,unreviewed
21-39,q,-2.692,-2.718,20,unreviewed
21-39,V,-4.801,9.423,20,unreviewed
21-39,r,-2.896,1.219,16,unreviewed
21-39,W,-1.651,10.439,20,unreviewed
21-41,A,0.000,10.617,20,unreviewed
21-41,Y,3.353,6.375,20,unreviewed
21-41,B,3.277,10.084,20,unreviewed
21-41,Z,5.918,4.089,20,unreviewed
21-41,C,6.223,8.585,20,unreviewed
21-41,a,7.137,0.864,20,unreviewed
21-41,D,8.585,6.223,20,unreviewed
21-41,b,6.731,-2.565,20,unreviewed
21-41,E,10.084,3.277,20,unreviewed
21-41,c,4.775,-5.385,20,unreviewed
21-41,F,10.617,0.000,20,unreviewed
21-41,d,1.727,-6.985,20,unreviewed
21-41,G,10.084,-3.277,20,unreviewed
21-41,e,-1.727,-6.985,20,unreviewed
21-41,H,8.585,-6.223,20,unreviewed
21-41,f,-4.775,-5.385,20,unreviewed
21-41,J,6.223,-8.585,20,unreviewed
21-41,g,-6.731,-2.565,20,unreviewed
21-41,K,3.277,-10.084,20,unreviewed
21-41,h,-7.137,0.864,20,unreviewed
21-41,L,0.000,-10.617,20,unreviewed
21-41,i,-5.918,4.089,20,unreviewed
21-41,M,-3.277,-10.084,20,unreviewed
21-41,j,-3.353,6.375,20,unreviewed
21-41,N,-6.223,-8.585,20,unreviewed
21-41,k,0.000,3.810,20,unreviewed
21-41,P,-8.585,-6.223,20,unreviewed
21-41,m,2.972,2.388,20,unreviewed
21-41,R,-10.084,-3.277,20,unreviewed
21-41,n,3.708,-0.838,20,unreviewed
21-41,S,-10.617,0.000,20,unreviewed
21-41,p,1.651,-3.429,20,unreviewed
21-41,T,-10.084,3.277,20,unreviewed
21-41,q,-1.651,-3.429,20,unreviewed
21-41,U,-8.585,6.223,20,unreviewed
21-41,r,-3.708,-0.838,20,unreviewed
21-41,V,-6.223,8.585,20,unreviewed
21-41,s,-2.972,2.388,20,unreviewed
21-41,W,-3.277,10.084,20,unreviewed
21-41,t,0.000,0.000,20,unreviewed
21-41,X,0.000,7.214,20,unreviewed
21-75,A,4.572,4.572,22D,unreviewed
21-75,B,4.572,-4.572,22D,unreviewed
21-75,C,-4.572,-4.572,22D,unreviewed
21-75,D,-4.572,4.572,22D,unreviewed
21-76,A,4.572,4.572,22D,unreviewed
21-76,B,4.572,-4.572,22D,unreviewed
21-76,C,-4.572,-4.572,22D,unreviewed
21-76,D,-4.572,4.572,22D,unreviewed
23-1,1,-10.871,6.121,22D,unreviewed
23-1,51,0.000,-1.194,22D,unreviewed
23-1,2,-11.862,3.912,22D,unreviewed
23-1,52,0.000,-3.607,22D,unreviewed
23-1,3,-12.395,1.549,22D,unreviewed
23-1,53,0.000,-6.020,22D,unreviewed
23-1,4,-10.541,0.000,22D,unreviewed
23-1,54,0.000,-8.433,22D,unreviewed
23-1,5,-12.395,-1.549,22D,unreviewed
23-1,55,0.000,-10.846,22D,unreviewed
23-1,6,-10.871,-3.607,22D,unreviewed
23-1,56,2.108,12.065,22D,unreviewed
23-1,7,-10.871,-6.020,22D,unreviewed
23-1,57,2.108,9.652,22D,unreviewed
23-1,8,-8.433,8.458,22D,unreviewed
23-1,58,2.108,7.239,22D,unreviewed
23-1,9,-8.433,6.045,22D,unreviewed
23-1,59,2.108,4.826,22D,unreviewed
23-1,10,-8.433,3.632,22D,unreviewed
23-1,60,2.108,2.413,22D,unreviewed
23-1,11,-8.433,1.219,22D,unreviewed
23-1,61,2.108,0.000,22D,unreviewed
23-1,12,-8.433,-1.194,22D,unreviewed
23-1,62,2.108,-2.413,22D,unreviewed
23-1,13,-8.433,-3.607,22D,unreviewed
23-1,63,2.108,-4.826,22D,unreviewed
23-1,14,-8.433,-6.020,22D,unreviewed
23-1,64,2.108,-7.239,22D,unreviewed
23-1,15,-8.433,-8.433,22D,unreviewed
23-1,65,2.108,-9.652,22D,unreviewed
23-1,16,-6.325,9.652,22D,unreviewed
23-1,66,2.108,-12.065,22D,unreviewed
23-1,17,-6.325,7.239,22D,unreviewed
23-1,67,4.216,10.871,22D,unreviewed
23-1,18,-6.325,4.826,22D,unreviewed
23-1,68,4.216,8.458,22D,unreviewed
23-1,19,-6.325,2.413,22D,unreviewed
23-1,69,4.216,6.045,22D,unreviewed
23-1,20,-6.325,0.000,22D,unreviewed
23-1,70,4.216,3.632,22D,unreviewed
23-1,21,-6.325,-2.413,22D,unreviewed
23-1,71,4.216,1.219,22D,unreviewed
23-1,22,-6.325,-4.826,22D,unreviewed
23-1,72,4.216,-1.194,22D,unreviewed
23-1,23,-6.325,-7.239,22D,unreviewed
23-1,73,4.216,-3.607,22D,unreviewed
23-1,24,-6.325,-9.652,22D,unreviewed
23-1,74,4.216,-6.020,22D,unreviewed
23-1,25,-4.216,10.871,22D,unreviewed
23-1,75,4.216,-8.433,22D,unreviewed
23-1,26,-4.216,8.458,22D,unreviewed
23-1,76,4.216,-10.846,22D,unreviewed
23-1,27,-4.216,6.045,22D,unreviewed
23-1,77,6.325,9.652,22D,unreviewed
23-1,28,-4.216,3.632,22D,unreviewed
23-1,78,6.325,7.239,22D,unreviewed
23-1,29,-4.216,1.219,22D,unreviewed
23-1,79,6.325,4.826,22D,unreviewed
23-1,30,-4.216,-1.194,22D,unreviewed
23-1,80,6.325,2.413,22D,unreviewed
23-1,31,-4.216,-3.607,22D,unreviewed
23-1,81,6.325,0.000,22D,unreviewed
23-1,32,-4.216,-6.020,22D,unreviewed
23-1,82,6.325,-2.413,22D,unreviewed
23-1,33,-4.216,-8.433,22D,unreviewed
23-1,83,6.325,-4.826,22D,unreviewed
23-1,34,-4.216,-10.846,22D,unreviewed
23-1,84,6.325,-7.239,22D,unreviewed
23-1,35,-2.108,12.065,22D,unreviewed
23-1,85,6.325,-9.652,22D,unreviewed
23-1,36,-2.108,9.652,22D,unreviewed
23-1,86,8.433,8.458,22D,unreviewed
23-1,37,-2.108,7.239,22D,unreviewed
23-1,87,8.433,6.045,22D,unreviewed
23-1,38,-2.108,4.826,22D,unreviewed
23-1,88,8.433,3.632,22D,unreviewed
23-1,39,-2.108,2.413,22D,unreviewed
23-1,89,8.433,1.219,22D,unreviewed
23-1,40,-2.108,0.000,22D,unreviewed
23-1,90,8.433,-1.194,22D,unreviewed
23-1,41,-2.108,-2.413,22D,unreviewed
23-1,91,8.433,-3.607,22D,unreviewed
23-1,42,-2.108,-4.826,22D,unreviewed
23-1,92,8.433,-6.020,22D,unreviewed
23-1,43,-2.108,-7.239,22D,unreviewed
23-1,93,8.433,-8.433,22D,unreviewed
23-1,44,-2.108,-9.652,22D,unreviewed
23-1,94,10.871,6.121,22D,unreviewed
23-1,45,-2.108,-12.065,22D,unreviewed
23-1,95,11.862,3.912,22D,unreviewed
23-1,46,0.000,10.871,22D,unreviewed
23-1,96,12.395,1.549,22D,unreviewed
23-1,47,0.000,8.458,22D,unreviewed
23-1,97,10.541,0.000,22D,unreviewed
23-1,48,0.000,6.045,22D,unreviewed
23-1,98,12.395,-1.549,22D,unreviewed
23-1,49,0.000,3.632,22D,unreviewed
23-1,99,10.871,-3.607,22D,unreviewed
23-1,50,0.000,1.219,22D,unreviewed
23-1,100,10.871,-6.020,22D,unreviewed
23-2,1,-11.557,4.039,22D,unreviewed
23-2,44,0.000,-2.692,22D,unreviewed
23-2,2,-11.557,1.346,22D,unreviewed
23-2,45,0.000,-5.385,22D,unreviewed
23-2,3,-12.243,-1.346,22D,unreviewed
23-2,46,0.000,-8.077,22D,unreviewed
23-2,4,-11.557,-4.039,22D,unreviewed
23-2,47,0.000,-10.770,22D,unreviewed
23-2,5,-9.246,8.077,22D,unreviewed
23-2,48,2.311,12.116,22D,unreviewed
23-2,6,-9.246,5.385,22D,unreviewed
23-2,49,2.311,9.423,22D,unreviewed
23-2,7,-9.246,2.692,22D,unreviewed
23-2,50,2.311,6.731,22D,unreviewed
23-2,8,-9.246,0.000,22D,unreviewed
23-2,51,2.311,4.039,22D,unreviewed
23-2,9,-9.246,-2.692,22D,unreviewed
23-2,52,2.311,1.346,22D,unreviewed
23-2,10,-9.246,-5.385,22D,unreviewed
23-2,53,2.311,-1.346,22D,unreviewed
23-2,11,-9.246,-8.077,22D,unreviewed
23-2,54,2.311,-4.039,22D,unreviewed
23-2,12,-6.934,9.423,22D,unreviewed
23-2,55,2.311,-6.731,22D,unreviewed
23-2,13,-6.934,6.731,22D,unreviewed
23-2,56,2.311,-9.423,22D,unreviewed
23-2,14,-6.934,4.039,22D,unreviewed
23-2,57,2.311,-12.116,22D,unreviewed
23-2,15,-6.934,1.346,22D,unreviewed
23-2,58,4.623,10.770,22D,unreviewed
23-2,16,-6.934,-1.346,22D,unreviewed
23-2,59,4.623,8.077,22D,unreviewed
23-2,17,-6.934,-4.039,22D,unreviewed
23-2,60,4.623,5.385,22D,unreviewed
23-2,18,-6.934,-6.731,22D,unreviewed
23-2,61,4.623,2.692,22D,unreviewed
23-2,19,-7.290,-9.906,22D,unreviewed
23-2,62,4.623,0.000,22D,unreviewed
23-2,20,-4.623,10.770,22D,unreviewed
23-2,63,4.623,-2.692,22D,unreviewed
23-2,21,-4.623,8.077,22D,unreviewed
23-2,64,4.623,-5.385,22D,unreviewed
23-2,22,-4.623,5.385,22D,unreviewed
23-2,65,4.623,-8.077,22D,unreviewed
23-2,23,-4.623,2.692,22D,unreviewed
23-2,66,4.877,-11.328,22D,unreviewed
23-2,24,-4.623,0.000,22D,unreviewed
23-2,67,6.934,9.423,22D,unreviewed
23-2,25,-4.623,-2.692,22D,unreviewed
23-2,68,6.934,6.731,22D,unreviewed
23-2,26,-4.623,-5.385,22D,unreviewed
23-2,69,6.934,4.039,22D,unreviewed
23-2,27,-4.623,-8.077,22D,unreviewed
23-2,70,6.934,1.346,22D,unreviewed
23-2,28,-4.877,-11.328,22D,unreviewed
23-2,71,6.934,-1.346,22D,unreviewed
23-2,29,-2.311,12.116,22D,unreviewed
23-2,72,6.934,-4.039,22D,unreviewed
23-2,30,-2.311,9.423,22D,unreviewed
23-2,73,6.934,-6.731,22D,unreviewed
23-2,31,-2.311,6.731,22D,unreviewed
23-2,74,7.290,-9.906,22D,unreviewed
23-2,32,-2.311,4.039,22D,unreviewed
23-2,75,9.246,8.077,22D,unreviewed
23-2,33,-2.311,1.346,22D,unreviewed
23-2,76,9.246,5.385,22D,unreviewed
23-2,34,-2.311,-1.346,22D,unreviewed
23-2,77,9.246,2.692,22D,unreviewed
23-2,35,-2.311,-4.039,22D,unreviewed
23-2,78,9.246,0.000,22D,unreviewed
23-2,36,-2.311,-6.731,22D,unreviewed
23-2,79,9.246,-2.692,22D,unreviewed
23-2,37,-2.311,-9.423,22D,unreviewed
23-2,80,9.246,-5.385,22D,unreviewed
23-2,38,-2.311,-12.116,22D,unreviewed
23-2,81,9.246,-8.077,22D,unreviewed
23-2,39,0.000,10.770,22D,unreviewed
23-2,82,11.557,4.039,22D,unreviewed
23-2,40,0.000,8.077,22D,unreviewed
23-2,83,11.557,1.346,22D,unreviewed
23-2,41,0.000,5.385,22D,unreviewed
23-2,84,12.243,-1.346,22D,unreviewed
23-2,42,0.000,2.692,22D,unreviewed
23-2,85,11.557,-4.039,22D,unreviewed
23-2,43,0.000,0.000,22D,unreviewed
23-21,A,3.251,9.779,16,unreviewed
23-21,M,-7.341,7.239,16,unreviewed
23-21,B,7.341,7.239,16,unreviewed
23-21,N,-3.251,9.779,16,unreviewed
23-21,C,9.804,3.124,16,unreviewed
23-21,P,0.000,6.223,16,unreviewed
23-21,D,10.160,-1.651,16,unreviewed
23-21,R,4.064,3.708,16,unreviewed
23-21,E,8.331,-6.071,16,unreviewed
23-21,S,5.436,-0.889,16,unreviewed
23-21,F,4.648,-9.195,16,unreviewed
23-21,T,2.388,-4.928,16,unreviewed
23-21,G,0.000,-10.312,16,unreviewed
23-21,U,-2.388,-4.928,16,unreviewed
23-21,H,-4.648,-9.195,16,unreviewed
23-21,V,-5.436,-0.889,16,unreviewed
23-21,J,-8.331,-6.071,16,unreviewed
23-21,W,-4.064,3.708,16,unreviewed
23-21,K,-10.160,-1.651,16,unreviewed
23-21,X,0.000,0.000,16,unreviewed
23-21,L,-9.804,3.124,16,unreviewed
23-23,1,-3.073,12.370,23,unreviewed
23-23,77,2.032,0.000,23,unreviewed
23-23,2,-1.016,12.370,23,unreviewed
23-23,78,4.089,0.000,23,unreviewed
23-23,3,1.016,12.370,23,unreviewed
23-23,79,6.121,0.000,23,unreviewed
23-23,4,3.073,12.370,23,unreviewed
23-23,80,8.153,0.000,23,unreviewed
23-23,5,-6.121,10.592,23,unreviewed
23-23,81,10.211,0.000,23,unreviewed
23-23,6,-4.089,10.592,23,unreviewed
23-23,82,12.243,0.000,23,unreviewed
23-23,7,-2.032,10.592,23,unreviewed
23-23,83,-11.227,-1.778,23,unreviewed
23-23,8,0.000,10.592,23,unreviewed
23-23,84,-9.169,-1.778,23,unreviewed
23-23,9,2.032,10.592,23,unreviewed
23-23,85,-7.137,-1.778,23,unreviewed
23-23,10,4.089,10.592,23,unreviewed
23-23,86,-5.105,-1.778,23,unreviewed
23-23,11,6.121,10.592,23,unreviewed
23-23,87,-3.073,-1.778,23,unreviewed
23-23,12,-9.169,8.839,23,unreviewed
23-23,88,-1.016,-1.778,23,unreviewed
23-23,13,-7.137,8.839,23,unreviewed
23-23,89,1.016,-1.778,23,unreviewed
23-23,14,-5.105,8.839,23,unreviewed
23-23,90,3.073,-1.778,23,unreviewed
23-23,15,-3.073,8.839,23,unreviewed
23-23,91,5.105,-1.778,23,unreviewed
23-23,16,-1.016,8.839,23,unreviewed
23-23,92,7.137,-1.778,23,unreviewed
23-23,17,1.016,8.839,23,unreviewed
23-23,93,9.169,-1.778,23,unreviewed
23-23,18,3.073,8.839,23,unreviewed
23-23,94,11.227,-1.778,23,unreviewed
23-23,19,5.105,8.839,23,unreviewed
23-23,95,-12.243,-3.531,23,unreviewed
23-23,20,7.137,8.839,23,unreviewed
23-23,96,-10.211,-3.531,23,unreviewed
23-23,21,9.169,8.839,23,unreviewed
23-23,97,-8.153,-3.531,23,unreviewed
23-23,22,-10.211,7.061,23,unreviewed
23-23,98,-6.121,-3.531,23,unreviewed
23-23,23,-8.153,7.061,23,unreviewed
23-23,99,-4.089,-3.531,23,unreviewed
23-23,24,-6.121,7.061,23,unreviewed
23-23,100,-2.032,-3.531,23,unreviewed
23-23,25,-4.089,7.061,23,unreviewed
23-23,101,0.000,-3.531,23,unreviewed
23-23,26,-2.032,7.061,23,unreviewed
23-23,102,2.032,-3.531,23,unreviewed
23-23,27,0.000,7.061,23,unreviewed
23-23,103,4.089,-3.531,23,unreviewed
23-23,28,2.032,7.061,23,unreviewed
23-23,104,6.121,-3.531,23,unreviewed
23-23,29,4.089,7.061,23,unreviewed
23-23,105,8.153,-3.531,23,unreviewed
23-23,30,6.121,7.061,23,unreviewed
23-23,106,10.211,-3.531,23,unreviewed
23-23,31,8.153,7.061,23,unreviewed
23-23,107,12.243,-3.531,23,unreviewed
23-23,32,10.211,7.061,23,unreviewed
23-23,108,-11.227,-5.309,23,unreviewed
23-23,33,-11.227,5.309,23,unreviewed
23-23,109,-9.169,-5.309,23,unreviewed
23-23,34,-9.169,5.309,23,unreviewed
23-23,110,-7.137,-5.309,23,unreviewed
23-23,35,-7.137,5.309,23,unreviewed
23-23,111,-5.105,-5.309,23,unreviewed
23-23,36,-5.105,5.309,23,unreviewed
23-23,112,-3.073,-5.309,23,unreviewed
23-23,37,-3.073,5.309,23,unreviewed
23-23,113,-1.016,-5.309,23,unreviewed
23-23,38,-1.016,5.309,23,unreviewed
23-23,114,1.016,-5.309,23,unreviewed
23-23,39,1.016,5.309,23,unreviewed
23-23,115,3.073,-5.309,23,unreviewed
23-23,40,3.073,5.309,23,unreviewed
23-23,116,5.105,-5.309,23,unreviewed
23-23,41,5.105,5.309,23,unreviewed
23-23,117,7.137,-5.309,23,unreviewed
23-23,42,7.137,5.309,23,unreviewed
23-23,118,9.169,-5.309,23,unreviewed
23-23,43,9.169,5.309,23,unreviewed
23-23,119,11.227,-5.309,23,unreviewed
23-23,44,11.227,5.309,23,unreviewed
23-23,120,-10.211,-7.061,23,unreviewed
23-23,45,-12.243,3.531,23,unreviewed
23-23,121,-8.153,-7.061,23,unreviewed
23-23,46,-10.211,3.531,23,unreviewed
23-23,122,-6.121,-7.061,23,unreviewed
23-23,47,-8.153,3.531,23,unreviewed
23-23,123,-4.089,-7.061,23,unreviewed
23-23,48,-6.121,3.531,23,unreviewed
23-23,124,-2.032,-7.061,23,unreviewed
23-23,49,-4.089,3.531,23,unreviewed
23-23,125,0.000,-7.061,23,unreviewed
23-23,50,-2.032,3.531,23,unreviewed
23-23,126,2.032,-7.061,23,unreviewed
23-23,51,0.000,3.531,23,unreviewed
23-23,127,4.089,-7.061,23,unreviewed
23-23,52,2.032,3.531,23,unreviewed
23-23,128,6.121,-7.061,23,unreviewed
23-23,53,4.089,3.531,23,unreviewed
23-23,129,8.153,-7.061,23,unreviewed
23-23,54,6.121,3.531,23,unreviewed
23-23,130,10.211,-7.061,23,unreviewed
23-23,55,8.153,3.531,23,unreviewed
23-23,131,-9.169,-8.839,23,unreviewed
23-23,56,10.211,3.531,23,unreviewed
23-23,132,-7.137,-8.839,23,unreviewed
23-23,57,12.243,3.531,23,unreviewed
23-23,133,-5.105,-8.839,23,unreviewed
23-23,58,-11.227,1.778,23,unreviewed
23-23,134,-3.073,-8.839,23,unreviewed
23-23,59,-9.169,1.778,23,unreviewed
23-23,135,-1.016,-8.839,23,unreviewed
23-23,60,-7.137,1.778,23,unreviewed
23-23,136,1.016,-8.839,23,unreviewed
23-23,61,-5.105,1.778,23,unreviewed
23-23,137,3.073,-8.839,23,unreviewed
23-23,62,-3.073,1.778,23,unreviewed
23-23,138,5.105,-8.839,23,unreviewed
23-23,63,-1.016,1.778,23,unreviewed
23-23,139,7.137,-8.839,23,unreviewed
23-23,64,1.016,1.778,23,unreviewed
23-23,140,9.169,-8.839,23,unreviewed
23-23,65,3.073,1.778,23,unreviewed
23-23,141,-6.121,-10.592,23,unreviewed
23-23,66,5.105,1.778,23,unreviewed
23-23,142,-4.089,-10.592,23,unreviewed
23-23,67,7.137,1.778,23,unreviewed
23-23,143,-2.032,-10.592,23,unreviewed
23-23,68,9.169,1.778,23,unreviewed
23-23,144,0.000,-10.592,23,unreviewed
23-23,69,11.227,1.778,23,unreviewed
23-23,145,2.032,-10.592,23,unreviewed
23-23,70,-12.243,0.000,23,unreviewed
23-23,146,4.089,-10.592,23,unreviewed
23-23,71,-10.211,0.000,23,unreviewed
23-23,147,6.121,-10.592,23,unreviewed
23-23,72,-8.153,0.000,23,unreviewed
23-23,148,-3.073,-12.370,23,unreviewed
23-23,73,-6.121,0.000,23,unreviewed
23-23,149,-1.016,-12.370,23,unreviewed
23-23,74,-4.089,0.000,23,unreviewed
23-23,150,1.016,-12.370,23,unreviewed
23-23,75,-2.032,0.000,23,unreviewed
23-23,151,3.073,-12.370,23,unreviewed
23-23,76,0.000,0.000,23,unreviewed
23-32,A,2.540,11.430,20,unreviewed
23-32,T,8.255,0.635,20,unreviewed
23-32,B,8.255,8.255,20,unreviewed
23-32,U,7.620,-3.175,20,unreviewed
23-32,C,10.795,3.810,20,unreviewed
23-32,V,5.080,-6.350,20,unreviewed
23-32,D,11.430,-1.905,20,unreviewed
23-32,W,0.000,-7.620,20,unreviewed
23-32,E,9.525,-6.985,20,unreviewed
23-32,X,-5.080,-6.350,20,unreviewed
23-32,F,5.080,-10.160,20,unreviewed
23-32,Y,-7.620,-3.175,20,unreviewed
23-32,G,0.000,-11.430,20,unreviewed
23-32,Z,-8.255,0.635,20,unreviewed
23-32,H,-5.080,-10.160,20,unreviewed
23-32,a,-6.350,4.445,20,unreviewed
23-32,J,-9.525,-6.985,20,unreviewed
23-32,b,-3.810,7.620,20,unreviewed
23-32,K,-11.430,-1.905,20,unreviewed
23-32,c,2.540,3.810,20,unreviewed
23-32,L,-10.795,3.810,20,unreviewed
23-32,d,3.810,0.000,20,unreviewed
23-32,M,-8.255,8.255,20,unreviewed
23-32,e,1.905,-3.810,20,unreviewed
23-32,N,-2.540,11.430,20,unreviewed
23-32,f,-1.905,-3.810,20,unreviewed
23-32,P,0.000,8.255,20,unreviewed
23-32,g,-3.810,0.000,20,unreviewed
23-32,R,3.810,7.620,20,unreviewed
23-32,h,-2.540,3.810,20,unreviewed
23-32,S,6.350,4.445,20,unreviewed
23-34,A,0.000,11.430,20,unreviewed
23-34,U,0.000,7.620,20,unreviewed
23-34,B,4.445,10.795,20,unreviewed
23-34,V,5.080,5.715,20,unreviewed
23-34,C,8.255,8.255,20,unreviewed
23-34,W,7.620,1.270,20,unreviewed
23-34,D,10.795,4.445,20,unreviewed
23-34,X,7.620,-2.540,20,unreviewed
23-34,E,11.430,0.635,20,unreviewed
23-34,Y,3.810,-6.350,20,unreviewed
23-34,F,11.430,-3.175,20,unreviewed
23-34,Z,0.000,-7.620,20,unreviewed
23-34,G,9.525,-6.985,20,unreviewed
23-34,a,-3.810,-6.350,20,unreviewed
23-34,H,6.350,-9.525,20,unreviewed
23-34,b,-7.620,-2.540,20,unreviewed
23-34,J,2.540,-11.430,20,unreviewed
23-34,c,-7.620,1.270,20,unreviewed
23-34,K,-2.540,-11.430,20,unreviewed
23-34,d,-5.080,5.715,20,unreviewed
23-34,L,-6.350,-9.525,20,unreviewed
23-34,e,0.000,3.810,20,unreviewed
23-34,M,-9.525,-6.985,20,unreviewed
23-34,f,3.810,1.270,20,unreviewed
23-34,N,-11.430,-3.175,20,unreviewed
23-34,g,3.810,-2.540,20,unreviewed
23-34,P,-11.430,0.635,20,unreviewed
23-34,h,0.000,-3.810,20,unreviewed
23-34,R,-10.795,4.445,20,unreviewed
23-34,j,-3.810,-2.540,20,unreviewed
23-34,S,-8.255,8.255,20,unreviewed
23-34,k,-3.810,1.270,20,unreviewed
23-34,T,-4.445,10.795,20,unreviewed
23-34,l,0.000,0.000,20,unreviewed
23-35,1,-10.871,6.121,22D,unreviewed
23-35,51,0.000,-1.194,22D,unreviewed
23-35,2,-11.862,3.912,22D,unreviewed
23-35,52,0.000,-3.607,22D,unreviewed
23-35,3,-12.395,1.549,22D,unreviewed
23-35,53,0.000,-6.020,22D,unreviewed
23-35,4,-10.541,0.000,22D,unreviewed
23-35,54,0.000,-8.433,22D,unreviewed
23-35,5,-12.395,-1.549,22D,unreviewed
23-35,55,0.000,-10.846,22D,unreviewed
23-35,6,-10.871,-3.607,22D,unreviewed
23-35,56,2.108,12.065,22D,unreviewed
23-35,7,-10.871,-6.020,22D,unreviewed
23-35,57,2.108,9.652,22D,unreviewed
23-35,8,-8.433,8.458,22D,unreviewed
23-35,58,2.108,7.239,22D,unreviewed
23-35,9,-8.433,6.045,22D,unreviewed
23-35,59,2.108,4.826,22D,unreviewed
23-35,10,-8.433,3.632,22D,unreviewed
23-35,60,2.108,2.413,22D,unreviewed
23-35,11,-8.433,1.219,22D,unreviewed
23-35,61,2.108,0.000,22D,unreviewed
23-35,12,-8.433,-1.194,22D,unreviewed
23-35,62,2.108,-2.413,22D,unreviewed
23-35,13,-8.433,-3.607,22D,unreviewed
23-35,63,2.108,-4.826,22D,unreviewed
23-35,14,-8.433,-6.020,22D,unreviewed
23-35,64,2.108,-7.239,22D,unreviewed
23-35,15,-8.433,-8.433,22D,unreviewed
23-35,65,2.108,-9.652,22D,unreviewed
23-35,16,-6.325,9.652,22D,unreviewed
23-35,66,2.108,-12.065,22D,unreviewed
23-35,17,-6.325,7.239,22D,unreviewed
23-35,67,4.216,10.871,22D,unreviewed
23-35,18,-6.325,4.826,22D,unreviewed
23-35,68,4.216,8.458,22D,unreviewed
23-35,19,-6.325,2.413,22D,unreviewed
23-35,69,4.216,6.045,22D,unreviewed
23-35,20,-6.325,0.000,22D,unreviewed
23-35,70,4.216,3.632,22D,unreviewed
23-35,21,-6.325,-2.413,22D,unreviewed
23-35,71,4.216,1.219,22D,unreviewed
23-35,22,-6.325,-4.826,22D,unreviewed
23-35,72,4.216,-1.194,22D,unreviewed
23-35,23,-6.325,-7.239,22D,unreviewed
23-35,73,4.216,-3.607,22D,unreviewed
23-35,24,-6.325,-9.652,22D,unreviewed
23-35,74,4.216,-6.020,22D,unreviewed
23-35,25,-4.216,10.871,22D,unreviewed
23-35,75,4.216,-8.433,22D,unreviewed
23-35,26,-4.216,8.458,22D,unreviewed
23-35,76,4.216,-10.846,22D,unreviewed
23-35,27,-4.216,6.045,22D,unreviewed
23-35,77,6.325,9.652,22D,unreviewed
23-35,28,-4.216,3.632,22D,unreviewed
23-35,78,6.325,7.239,22D,unreviewed
23-35,29,-4.216,1.219,22D,unreviewed
23-35,79,6.325,4.826,22D,unreviewed
23-35,30,-4.216,-1.194,22D,unreviewed
23-35,80,6.325,2.413,22D,unreviewed
23-35,31,-4.216,-3.607,22D,unreviewed
23-35,81,6.325,0.000,22D,unreviewed
23-35,32,-4.216,-6.020,22D,unreviewed
23-35,82,6.325,-2.413,22D,unreviewed
23-35,33,-4.216,-8.433,22D,unreviewed
23-35,83,6.325,-4.826,22D,unreviewed
23-35,34,-4.216,-10.846,22D,unreviewed
23-35,84,6.325,-7.239,22D,unreviewed
23-35,35,-2.108,12.065,22D,unreviewed
23-35,85,6.325,-9.652,22D,unreviewed
23-35,36,-2.108,9.652,22D,unreviewed
23-35,86,8.433,8.458,22D,unreviewed
23-35,37,-2.108,7.239,22D,unreviewed
23-35,87,8.433,6.045,22D,unreviewed
23-35,38,-2.108,4.826,22D,unreviewed
23-35,88,8.433,3.632,22D,unreviewed
23-35,39,-2.108,2.413,22D,unreviewed
23-35,89,8.433,1.219,22D,unreviewed
23-35,40,-2.108,0.000,22D,unreviewed
23-35,90,8.433,-1.194,22D,unreviewed
23-35,41,-2.108,-2.413,22D,unreviewed
23-35,91,8.433,-3.607,22D,unreviewed
23-35,42,-2.108,-4.826,22D,unreviewed
23-35,92,8.433,-6.020,22D,unreviewed
23-35,43,-2.108,-7.239,22D,unreviewed
23-35,93,8.433,-8.433,22D,unreviewed
23-35,44,-2.108,-9.652,22D,unreviewed
23-35,94,10.871,6.121,22D,unreviewed
23-35,45,-2.108,-12.065,22D,unreviewed
23-35,95,11.862,3.912,22D,unreviewed
23-35,46,0.000,10.871,22D,unreviewed
23-35,96,12.395,1.549,22D,unreviewed
23-35,47,0.000,8.458,22D,unreviewed
23-35,97,10.541,0.000,22D,unreviewed
23-35,48,0.000,6.045,22D,unreviewed
23-35,98,12.395,-1.549,22D,unreviewed
23-35,49,0.000,3.632,22D,unreviewed
23-35,99,10.871,-3.607,22D,unreviewed
23-35,50,0.000,1.219,22D,unreviewed
23-35,100,10.871,-6.020,22D,unreviewed
23-36,A,2.540,11.430,20,unreviewed
23-36,V,3.810,6.985,20,unreviewed
23-36,B,6.350,10.160,20,unreviewed
23-36,W,7.620,3.175,20,unreviewed
23-36,C,8.890,6.985,20,unreviewed
23-36,X,7.620,-0.635,20,unreviewed
23-36,D,11.430,2.540,20,unreviewed
23-36,Y,6.985,-4.445,20,unreviewed
23-36,E,11.430,-1.270,20,unreviewed
23-36,Z,3.810,-6.985,20,unreviewed
23-36,F,10.795,-5.080,20,unreviewed
23-36,a,0.000,-7.620,20,unreviewed
23-36,G,7.620,-8.890,20,unreviewed
23-36,b,-3.810,-6.985,20,unreviewed
23-36,H,3.810,-10.795,20,unreviewed
23-36,c,-6.985,-4.445,20,unreviewed
23-36,J,0.000,-11.430,20,unreviewed
23-36,d,-7.620,-0.635,20,unreviewed
23-36,K,-3.810,-10.795,20,unreviewed
23-36,e,-7.620,3.175,20,unreviewed
23-36,L,-7.620,-8.890,20,unreviewed
23-36,f,-3.810,6.985,20,unreviewed
23-36,M,-10.795,-5.080,20,unreviewed
23-36,g,0.000,3.810,20,unreviewed
23-36,N,-11.430,-1.270,20,unreviewed
23-36,h,3.810,3.175,20,unreviewed
23-36,P,-11.430,2.540,20,unreviewed
23-36,j,3.810,-0.635,20,unreviewed
23-36,R,-8.890,6.985,20,unreviewed
23-36,k,0.000,-3.810,20,unreviewed
23-36,S,-6.350,10.160,20,unreviewed
23-36,l,-3.810,-0.635,20,unreviewed
23-36,T,-2.540,11.430,20,unreviewed
23-36,m,-3.810,3.175,20,unreviewed
23-36,U,0.000,8.255,20,unreviewed
23-36,n,0.000,0.000,20,unreviewed
23-53,A,2.845,11.557,20,unreviewed
23-53,e,-5.715,-6.604,20,unreviewed
23-53,B,5.715,9.906,20,unreviewed
23-53,f,-8.534,-4.953,20,unreviewed
23-53,C,8.534,8.255,20,unreviewed
23-53,g,-8.534,-1.651,20,unreviewed
23-53,D,11.430,3.302,20,unreviewed
23-53,h,-8.534,1.651,20,unreviewed
23-53,E,11.430,0.000,20,unreviewed
23-53,k,-8.534,4.953,20,unreviewed
23-53,F,11.430,-3.302,20,unreviewed
23-53,m,-5.715,6.604,20,unreviewed
23-53,G,8.534,-8.255,20,unreviewed
23-53,n,-2.845,8.255,20,unreviewed
23-53,H,5.715,-10.414,20,unreviewed
23-53,p,0.000,6.604,20,unreviewed
23-53,J,-5.715,-10.414,20,unreviewed
23-53,q,2.845,4.953,20,unreviewed
23-53,K,-8.534,-8.255,20,unreviewed
23-53,r,5.715,3.302,20,unreviewed
23-53,L,-11.430,-3.302,20,unreviewed
23-53,s,5.715,0.000,20,unreviewed
23-53,M,-11.430,0.000,20,unreviewed
23-53,t,5.715,-3.302,20,unreviewed
23-53,N,-11.430,3.302,20,unreviewed
23-53,u,2.845,-4.953,20,unreviewed
23-53,P,-8.534,8.255,20,unreviewed
23-53,v,0.000,-6.604,20,unreviewed
23-53,R,-5.715,9.906,20,unreviewed
23-53,w,-2.845,-4.953,20,unreviewed
23-53,S,-2.845,11.557,20,unreviewed
23-53,x,-5.715,-3.302,20,unreviewed
23-53,T,0.000,9.906,20,unreviewed
23-53,y,-5.715,0.000,20,unreviewed
23-53,U,2.845,8.255,20,unreviewed
23-53,z,-5.715,3.302,20,unreviewed
23-53,V,5.715,6.604,20,unreviewed
23-53,W,8.534,4.953,20,unreviewed
23-53,X,8.534,1.651,20,unreviewed
23-53,Y,8.534,-1.651,20,unreviewed
23-53,Z,8.534,-4.953,20,unreviewed
23-53,a,5.715,-6.604,20,unreviewed
23-53,b,2.845,-8.255,20,unreviewed
23-53,c,0.000,-9.906,20,unreviewed
23-53,d,-2.845,-8.255,20,unreviewed
23-55,A,2.845,11.557,20,unreviewed
23-55,f,-2.845,-8.255,20,unreviewed
23-55,B,5.715,9.906,20,unreviewed
23-55,g,-5.715,-6.604,20,unreviewed
23-55,C,8.534,8.255,20,unreviewed
23-55,h,-8.534,-4.953,20,unreviewed
23-55,D,11.430,3.302,20,unreviewed
23-55,i,-8.534,-1.651,20,unreviewed
23-55,E,11.430,0.000,20,unreviewed
23-55,J,-8.534,1.651,20,unreviewed
23-55,F,11.430,-3.302,20,unreviewed
23-55,k,-8.534,4.953,20,unreviewed
23-55,G,8.534,-8.255,20,unreviewed
23-55,m,-5.715,6.604,20,unreviewed
23-55,H,5.715,-9.906,20,unreviewed
23-55,n,-2.845,8.255,20,unreviewed
23-55,p,0.000,6.604,20,unreviewed
23-55,K,-2.845,-11.557,20,unreviewed
23-55,q,2.845,4.953,20,unreviewed
23-55,L,-5.715,-9.906,20,unreviewed
23-55,r,5.715,3.302,20,unreviewed
23-55,M,-8.534,-8.255,20,unreviewed
23-55,s,5.715,0.000,20,unreviewed
23-55,N,-11.430,-3.302,20,unreviewed
23-55,t,5.715,-3.302,20,unreviewed
23-55,P,-11.430,0.000,20,unreviewed
23-55,u,2.845,-4.953,20,unreviewed
23-55,R,-11.430,3.302,20,unreviewed
23-55,v,0.000,-6.604,20,unreviewed
23-55,S,-8.534,8.255,20,unreviewed
23-55,w,-2.845,-4.953,20,unreviewed
23-55,T,-5.715,9.906,20,unreviewed
23-55,x,-5.715,-3.302,20,unreviewed
23-55,U,-2.845,11.557,20,unreviewed
23-55,y,-5.715,0.000,20,unreviewed
23-55,V,0.000,9.906,20,unreviewed
23-55,z,-5.715,3.302,20,unreviewed
23-55,W,2.845,8.255,20,unreviewed
23-55,X,5.715,6.604,20,unreviewed
23-55,Y,8.534,4.953,20,unreviewed
23-55,Z,8.534,1.651,20,unreviewed
23-55,a,8.534,-1.651,20,unreviewed
23-55,b,8.534,-4.953,20,unreviewed
23-55,c,5.715,-6.604,20,unreviewed
23-55,d,2.845,-8.255,20,unreviewed
23-55,e,0.000,-9.906,20,unreviewed
23-97,A,0.000,8.738,16,unreviewed
23-97,J,-8.331,-6.071,16,unreviewed
23-97,B,5.334,6.858,16,unreviewed
23-97,K,-10.160,-1.651,16,unreviewed
23-97,C,9.804,3.124,16,unreviewed
23-97,L,-9.804,3.124,16,unreviewed
23-97,D,10.160,-1.651,16,unreviewed
23-97,M,-5.334,6.858,16,unreviewed
23-97,E,8.331,-6.071,16,unreviewed
23-97,N,0.000,3.962,16,unreviewed
23-97,F,4.648,-9.195,16,unreviewed
23-97,P,3.048,-0.762,16,unreviewed
23-97,G,0.000,-10.312,16,unreviewed
23-97,R,0.000,-5.537,16,unreviewed
23-97,H,-4.648,-9.195,16,unreviewed
23-97,S,-3.048,-0.762,16,unreviewed
23-99,A,0.000,10.262,16,unreviewed
23-99,G,-10.262,0.000,16,unreviewed
23-99,B,7.620,6.858,16,unreviewed
23-99,H,-7.620,6.858,16,unreviewed
23-99,C,10.262,0.000,16,unreviewed
23-99,J,3.048,3.810,16,unreviewed
23-99,D,6.096,-5.334,16,unreviewed
23-99,K,0.000,-1.524,16,unreviewed
23-99,E,0.000,-7.620,16,unreviewed
23-99,L,-3.048,3.810,16,unreviewed
23-99,F,-6.096,-5.334,16,unreviewed
25-1,1,-12.167,7.087,22D,unreviewed
25-1,65,0.000,-1.194,22D,unreviewed
25-1,2,-13.208,4.826,22D,unreviewed
25-1,66,0.000,-3.607,22D,unreviewed
25-1,3,-13.868,2.413,22D,unreviewed
25-1,67,0.000,-6.020,22D,unreviewed
25-1,4,-14.097,0.000,22D,unreviewed
25-1,68,0.000,-8.433,22D,unreviewed
25-1,5,-13.868,-2.413,22D,unreviewed
25-1,69,0.000,-10.846,22D,unreviewed
25-1,6,-13.208,-4.826,22D,unreviewed
25-1,70,0.000,-14.097,22D,unreviewed
25-1,7,-12.167,-7.087,22D,unreviewed
25-1,71,2.108,12.065,22D,unreviewed
25-1,8,-10.770,9.068,22D,unreviewed
25-1,72,2.108,9.652,22D,unreviewed
25-1,9,-10.541,4.826,22D,unreviewed
25-1,73,2.108,7.239,22D,unreviewed
25-1,10,-10.541,2.413,22D,unreviewed
25-1,74,2.108,4.826,22D,unreviewed
25-1,11,-10.541,0.000,22D,unreviewed
25-1,75,2.108,2.413,22D,unreviewed
25-1,12,-10.541,-2.413,22D,unreviewed
25-1,76,2.108,0.000,22D,unreviewed
25-1,13,-10.541,-4.826,22D,unreviewed
25-1,77,2.108,-2.413,22D,unreviewed
25-1,14,-10.770,-9.068,22D,unreviewed
25-1,78,2.108,-4.826,22D,unreviewed
25-1,15,-8.433,11.278,22D,unreviewed
25-1,79,2.108,-7.239,22D,unreviewed
25-1,16,-8.433,8.433,22D,unreviewed
25-1,80,2.108,-9.652,22D,unreviewed
25-1,17,-8.433,6.020,22D,unreviewed
25-1,81,2.108,-12.065,22D,unreviewed
25-1,18,-8.433,3.607,22D,unreviewed
25-1,82,4.064,13.487,22D,unreviewed
25-1,19,-8.433,1.194,22D,unreviewed
25-1,83,4.216,10.846,22D,unreviewed
25-1,20,-8.433,-1.194,22D,unreviewed
25-1,84,4.216,8.433,22D,unreviewed
25-1,21,-8.433,-3.607,22D,unreviewed
25-1,85,4.216,6.020,22D,unreviewed
25-1,22,-8.433,-6.020,22D,unreviewed
25-1,86,4.216,3.607,22D,unreviewed
25-1,23,-8.433,-8.433,22D,unreviewed
25-1,87,4.216,1.194,22D,unreviewed
25-1,24,-8.433,-10.846,22D,unreviewed
25-1,88,4.216,-1.194,22D,unreviewed
25-1,25,-6.325,12.598,22D,unreviewed
25-1,89,4.216,-3.607,22D,unreviewed
25-1,26,-6.325,9.652,22D,unreviewed
25-1,90,4.216,-6.020,22D,unreviewed
25-1,27,-6.325,7.239,22D,unreviewed
25-1,91,4.216,-8.433,22D,unreviewed
25-1,28,-6.325,4.826,22D,unreviewed
25-1,92,4.216,-10.846,22D,unreviewed
25-1,29,-6.325,2.413,22D,unreviewed
25-1,93,4.216,-13.259,22D,unreviewed
25-1,30,-6.325,0.000,22D,unreviewed
25-1,94,6.325,12.598,22D,unreviewed
25-1,31,-6.325,-2.413,22D,unreviewed
25-1,95,6.325,9.652,22D,unreviewed
25-1,32,-6.325,-4.826,22D,unreviewed
25-1,96,6.325,7.239,22D,unreviewed
25-1,33,-6.325,-7.239,22D,unreviewed
25-1,97,6.325,4.826,22D,unreviewed
25-1,34,-6.325,-9.652,22D,unreviewed
25-1,98,6.325,2.413,22D,unreviewed
25-1,35,-6.325,-12.065,22D,unreviewed
25-1,99,6.325,0.000,22D,unreviewed
25-1,36,-4.064,13.487,22D,unreviewed
25-1,100,6.325,-2.413,22D,unreviewed
25-1,37,-4.216,10.846,22D,unreviewed
25-1,101,6.325,-4.826,22D,unreviewed
25-1,38,-4.216,8.433,22D,unreviewed
25-1,102,6.325,-7.239,22D,unreviewed
25-1,39,-4.216,6.020,22D,unreviewed
25-1,103,6.325,-9.652,22D,unreviewed
25-1,40,-4.216,3.607,22D,unreviewed
25-1,104,6.325,-12.065,22D,unreviewed
25-1,41,-4.216,1.194,22D,unreviewed
25-1,105,8.433,11.278,22D,unreviewed
25-1,42,-4.216,-1.194,22D,unreviewed
25-1,106,8.433,8.433,22D,unreviewed
25-1,43,-4.216,-3.607,22D,unreviewed
25-1,107,8.433,6.020,22D,unreviewed
25-1,44,-4.216,-6.020,22D,unreviewed
25-1,108,8.433,3.607,22D,unreviewed
25-1,45,-4.216,-8.433,22D,unreviewed
25-1,109,8.433,1.194,22D,unreviewed
25-1,46,-4.216,-10.846,22D,unreviewed
25-1,110,8.433,-1.194,22D,unreviewed
25-1,47,-4.216,-13.259,22D,unreviewed
25-1,111,8.433,-3.607,22D,unreviewed
25-1,48,-2.108,12.065,22D,unreviewed
25-1,112,8.433,-6.020,22D,unreviewed
25-1,49,-2.108,9.652,22D,unreviewed
25-1,113,8.433,-8.433,22D,unreviewed
25-1,50,-2.108,7.239,22D,unreviewed
25-1,114,8.433,-10.846,22D,unreviewed
25-1,51,-2.108,4.826,22D,unreviewed
25-1,115,10.770,9.068,22D,unreviewed
25-1,52,-2.108,2.413,22D,unreviewed
25-1,116,10.541,4.826,22D,unreviewed
25-1,53,-2.108,0.000,22D,unreviewed
25-1,117,10.541,2.413,22D,unreviewed
25-1,54,-2.108,-2.413,22D,unreviewed
25-1,118,10.541,0.000,22D,unreviewed
25-1,55,-2.108,-4.826,22D,unreviewed
25-1,119,10.541,-2.413,22D,unreviewed
25-1,56,-2.108,-7.239,22D,unreviewed
25-1,120,10.541,-4.826,22D,unreviewed
25-1,57,-2.108,-9.652,22D,unreviewed
25-1,121,10.770,-9.068,22D,unreviewed
25-1,58,-2.108,-12.065,22D,unreviewed
25-1,122,12.167,7.087,22D,unreviewed
25-1,59,0.000,13.259,22D,unreviewed
25-1,123,13.208,4.826,22D,unreviewed
25-1,60,0.000,10.846,22D,unreviewed
25-1,124,13.868,2.413,22D,unreviewed
25-1,61,0.000,8.433,22D,unreviewed
25-1,125,14.097,0.000,22D,unreviewed
25-1,62,0.000,6.020,22D,unreviewed
25-1,126,13.868,-2.413,22D,unreviewed
25-1,63,0.000,3.607,22D,unreviewed
25-1,127,13.208,-4.826,22D,unreviewed
25-1,64,0.000,1.194,22D,unreviewed
25-1,128,12.167,-7.087,22D,unreviewed
25-2,1,-13.970,0.991,22D,unreviewed
25-2,51,1.346,12.751,22D,unreviewed
25-2,2,-13.970,-1.727,22D,unreviewed
25-2,52,1.346,10.084,22D,unreviewed
25-2,3,-11.659,6.426,22D,unreviewed
25-2,53,1.346,7.417,22D,unreviewed
25-2,4,-13.284,4.445,22D,unreviewed
25-2,54,1.346,4.750,22D,unreviewed
25-2,5,-11.659,2.337,22D,unreviewed
25-2,55,1.346,2.083,22D,unreviewed
25-2,6,-11.659,-0.356,22D,unreviewed
25-2,56,1.346,-0.584,22D,unreviewed
25-2,7,-11.659,-3.099,22D,unreviewed
25-2,57,1.346,-3.251,22D,unreviewed
25-2,8,-12.929,-5.461,22D,unreviewed
25-2,58,1.346,-5.918,22D,unreviewed
25-2,9,-11.659,-7.798,22D,unreviewed
25-2,59,1.346,-8.585,22D,unreviewed
25-2,10,-8.992,10.668,22D,unreviewed
25-2,60,1.346,-11.252,22D,unreviewed
25-2,11,-8.992,8.001,22D,unreviewed
25-2,61,1.346,-13.919,22D,unreviewed
25-2,12,-8.992,5.334,22D,unreviewed
25-2,62,3.912,13.335,22D,unreviewed
25-2,13,-8.992,2.667,22D,unreviewed
25-2,63,3.912,10.668,22D,unreviewed
25-2,14,-8.992,0.000,22D,unreviewed
25-2,64,3.912,8.001,22D,unreviewed
25-2,15,-8.992,-2.667,22D,unreviewed
25-2,65,3.912,5.334,22D,unreviewed
25-2,16,-8.992,-5.334,22D,unreviewed
25-2,66,3.912,2.667,22D,unreviewed
25-2,17,-8.992,-8.001,22D,unreviewed
25-2,67,3.912,0.000,22D,unreviewed
25-2,18,-8.992,-10.668,22D,unreviewed
25-2,68,3.912,-2.667,22D,unreviewed
25-2,19,-6.477,11.608,22D,unreviewed
25-2,69,3.912,-5.334,22D,unreviewed
25-2,20,-6.477,8.941,22D,unreviewed
25-2,70,3.912,-8.001,22D,unreviewed
25-2,21,-6.477,6.274,22D,unreviewed
25-2,71,3.912,-10.668,22D,unreviewed
25-2,22,-6.477,3.607,22D,unreviewed
25-2,72,3.912,-13.335,22D,unreviewed
25-2,23,-6.477,0.940,22D,unreviewed
25-2,73,6.477,11.608,22D,unreviewed
25-2,24,-6.477,-1.727,22D,unreviewed
25-2,74,6.477,8.941,22D,unreviewed
25-2,25,-6.477,-4.394,22D,unreviewed
25-2,75,6.477,6.274,22D,unreviewed
25-2,26,-6.477,-7.061,22D,unreviewed
25-2,76,6.477,3.607,22D,unreviewed
25-2,27,-6.477,-9.728,22D,unreviewed
25-2,77,6.477,0.940,22D,unreviewed
25-2,28,-6.477,-12.395,22D,unreviewed
25-2,78,6.477,-1.727,22D,unreviewed
25-2,29,-3.912,13.335,22D,unreviewed
25-2,79,6.477,-4.394,22D,unreviewed
25-2,30,-3.912,10.668,22D,unreviewed
25-2,80,6.477,-7.061,22D,unreviewed
25-2,31,-3.912,8.001,22D,unreviewed
25-2,81,6.477,-9.728,22D,unreviewed
25-2,32,-3.912,5.334,22D,unreviewed
25-2,82,6.477,-12.395,22D,unreviewed
25-2,33,-3.912,2.667,22D,unreviewed
25-2,83,8.992,10.668,22D,unreviewed
25-2,34,-3.912,0.000,22D,unreviewed
25-2,84,8.992,8.001,22D,unreviewed
25-2,35,-3.912,-2.667,22D,unreviewed
25-2,85,8.992,5.334,22D,unreviewed
25-2,36,-3.912,-5.334,22D,unreviewed
25-2,86,8.992,2.667,22D,unreviewed
25-2,37,-3.912,-8.001,22D,unreviewed
25-2,87,8.992,0.000,22D,unreviewed
25-2,38,-3.912,-10.668,22D,unreviewed
25-2,88,8.992,-2.667,22D,unreviewed
25-2,39,-3.912,-13.335,22D,unreviewed
25-2,89,8.992,-5.334,22D,unreviewed
25-2,40,-1.346,12.751,22D,unreviewed
25-2,90,8.992,-8.001,22D,unreviewed
25-2,41,-1.346,10.084,22D,unreviewed
25-2,91,8.992,-10.668,22D,unreviewed
25-2,42,-1.346,7.417,22D,unreviewed
25-2,92,11.659,6.426,22D,unreviewed
25-2,43,-1.346,4.750,22D,unreviewed
25-2,93,13.284,4.445,22D,unreviewed
25-2,44,-1.346,2.083,22D,unreviewed
25-2,94,11.659,2.337,22D,unreviewed
25-2,45,-1.346,-0.584,22D,unreviewed
25-2,95,11.659,-0.356,22D,unreviewed
25-2,46,-1.346,-3.251,22D,unreviewed
25-2,96,11.659,-3.099,22D,unreviewed
25-2,47,-1.346,-5.918,22D,unreviewed
25-2,97,12.929,-5.461,22D,unreviewed
25-2,48,-1.346,-8.585,22D,unreviewed
25-2,98,11.659,-7.798,22D,unreviewed
25-2,49,-1.346,-11.252,22D,unreviewed
25-2,99,13.970,0.991,22D,unreviewed
25-2,50,-1.346,-13.919,22D,unreviewed
25-2,100,13.970,-1.727,22D,unreviewed
25-4,A,1.753,13.487,20,unreviewed
25-4,f,10.465,0.000,20,unreviewed
25-4,B,5.156,12.573,16,unreviewed
25-4,g,9.576,-3.353,20,unreviewed
25-4,C,8.230,10.795,16,unreviewed
25-4,h,7.899,-6.375,20,unreviewed
25-4,D,10.770,8.280,20,unreviewed
25-4,k,5.385,-8.738,20,unreviewed
25-4,E,12.522,5.207,20,unreviewed
25-4,m,2.184,-10.084,20,unreviewed
25-4,F,13.487,1.753,20,unreviewed
25-4,n,-2.184,-10.084,20,unreviewed
25-4,G,13.487,-1.753,20,unreviewed
25-4,p,-5.385,-8.738,20,unreviewed
25-4,H,12.522,-5.207,20,unreviewed
25-4,q,-7.899,-6.375,20,unreviewed
25-4,J,10.770,-8.280,20,unreviewed
25-4,r,-9.576,-3.353,20,unreviewed
25-4,K,8.230,-10.795,16,unreviewed
25-4,s,-10.465,0.000,20,unreviewed
25-4,L,5.156,-12.573,16,unreviewed
25-4,t,-9.576,3.353,20,unreviewed
25-4,M,1.753,-13.487,20,unreviewed
25-4,u,-7.899,6.375,20,unreviewed
25-4,N,-1.753,-13.487,20,unreviewed
25-4,v,-5.385,8.738,20,unreviewed
25-4,P,-5.156,-12.573,16,unreviewed
25-4,w,-2.184,10.084,20,unreviewed
25-4,R,-8.230,-10.795,20,unreviewed
25-4,x,1.753,6.680,20,unreviewed
25-4,S,-10.770,-8.280,20,unreviewed
25-4,y,4.369,3.785,16,unreviewed
25-4,T,-12.522,-5.207,20,unreviewed
25-4,z,6.553,0.000,16,unreviewed
25-4,U,-13.487,-1.753,20,unreviewed
25-4,V,-13.487,1.753,20,unreviewed
25-4,W,-12.522,5.207,20,unreviewed
25-4,X,-10.770,8.280,20,unreviewed
25-4,Y,-8.230,10.795,20,unreviewed
25-4,Z,-5.156,12.573,16,unreviewed
25-4,a,-1.753,13.487,20,unreviewed
25-4,b,2.184,10.084,20,unreviewed
25-4,c,5.385,8.738,20,unreviewed
25-4,d,7.899,6.375,20,unreviewed
25-4,e,9.576,3.353,20,unreviewed
25-7,1,-12.548,6.147,22D,unreviewed
25-7,51,0.000,-2.692,22D,unreviewed
25-7,2,-13.538,3.505,22D,unreviewed
25-7,52,0.000,-5.385,22D,unreviewed
25-7,3,-13.970,0.711,22D,unreviewed
25-7,53,0.000,-7.874,22D,unreviewed
25-7,4,-13.818,-2.108,22D,unreviewed
25-7,54,0.000,-13.995,22D,unreviewed
25-7,5,-13.106,-4.851,22D,unreviewed
25-7,55,1.422,13.919,22D,unreviewed
25-7,6,-11.862,-7.417,22D,unreviewed
25-7,56,2.413,11.709,22D,unreviewed
25-7,7,-11.049,8.560,22D,unreviewed
25-7,57,1.727,9.398,22D,unreviewed
25-7,8,-10.135,6.325,22D,unreviewed
25-7,58,2.337,7.061,22D,unreviewed
25-7,9,-11.201,4.140,22D,unreviewed
25-7,59,2.413,4.648,22D,unreviewed
25-7,10,-11.811,1.803,22D,unreviewed
25-7,60,2.261,-4.521,22D,unreviewed
25-7,11,-11.938,-0.610,22D,unreviewed
25-7,61,2.388,-7.036,22D,unreviewed
25-7,12,-11.582,-2.997,22D,unreviewed
25-7,62,1.753,-9.550,22D,unreviewed
25-7,13,-10.744,-5.258,22D,unreviewed
25-7,63,1.219,-11.887,22D,unreviewed
25-7,14,-9.449,-7.315,22D,unreviewed
25-7,64,4.191,13.335,22D,unreviewed
25-7,15,-10.135,-9.627,22D,unreviewed
25-7,65,4.724,10.998,22D,unreviewed
25-7,16,-9.119,10.617,22D,unreviewed
25-7,66,4.166,8.636,22D,unreviewed
25-7,17,-8.661,8.230,22D,unreviewed
25-7,67,4.597,5.715,22D,unreviewed
25-7,18,-7.823,5.639,22D,unreviewed
25-7,68,4.369,-5.664,22D,unreviewed
25-7,19,-7.696,-5.664,22D,unreviewed
25-7,69,4.039,-8.814,22D,unreviewed
25-7,20,-7.798,-9.068,22D,unreviewed
25-7,70,3.581,-11.405,22D,unreviewed
25-7,21,-7.976,-11.481,22D,unreviewed
25-7,71,2.819,-13.691,22D,unreviewed
25-7,22,-6.782,12.217,22D,unreviewed
25-7,72,6.782,12.217,22D,unreviewed
25-7,23,-6.833,9.804,22D,unreviewed
25-7,73,6.833,9.804,22D,unreviewed
25-7,24,-6.274,7.468,22D,unreviewed
25-7,74,6.274,7.468,22D,unreviewed
25-7,25,-6.045,0.000,8,unreviewed
25-7,75,6.045,0.000,8,unreviewed
25-7,26,-6.020,-7.417,22D,unreviewed
25-7,76,6.020,-7.417,22D,unreviewed
25-7,27,-5.791,-10.465,22D,unreviewed
25-7,77,5.791,-10.465,22D,unreviewed
25-7,28,-5.512,-12.852,22D,unreviewed
25-7,78,5.512,-12.852,22D,unreviewed
25-7,29,-4.191,13.335,22D,unreviewed
25-7,79,9.119,10.617,22D,unreviewed
25-7,30,-4.724,10.998,22D,unreviewed
25-7,80,8.661,8.230,22D,unreviewed
25-7,31,-4.166,8.636,22D,unreviewed
25-7,81,7.823,5.639,22D,unreviewed
25-7,32,-4.597,5.715,22D,unreviewed
25-7,82,7.696,-5.664,22D,unreviewed
25-7,33,-4.369,-5.664,22D,unreviewed
25-7,83,7.798,-9.068,22D,unreviewed
25-7,34,-4.039,-8.814,22D,unreviewed
25-7,84,7.976,-11.481,22D,unreviewed
25-7,35,-3.581,-11.405,22D,unreviewed
25-7,85,11.049,8.560,22D,unreviewed
25-7,36,-2.819,-13.691,22D,unreviewed
25-7,86,10.135,6.325,22D,unreviewed
25-7,37,-1.422,13.919,22D,unreviewed
25-7,87,11.201,4.140,22D,unreviewed
25-7,38,-2.413,11.709,22D,unreviewed
25-7,88,11.811,1.803,22D,unreviewed
25-7,39,-1.727,9.398,22D,unreviewed
25-7,89,11.938,-0.610,22D,unreviewed
25-7,40,-2.337,7.061,22D,unreviewed
25-7,90,11.582,-2.997,22D,unreviewed
25-7,41,-2.413,4.648,22D,unreviewed
25-7,91,10.744,-5.258,22D,unreviewed
25-7,42,-2.261,-4.521,22D,unreviewed
25-7,92,9.449,-7.315,22D,unreviewed
25-7,43,-2.388,-7.036,22D,unreviewed
25-7,93,10.135,-9.627,22D,unreviewed
25-7,44,-1.753,-9.550,22D,unreviewed
25-7,94,12.548,6.147,22D,unreviewed
25-7,45,-1.219,-11.887,22D,unreviewed
25-7,95,13.538,3.505,22D,unreviewed
25-7,46,0.000,11.963,22D,unreviewed
25-7,96,13.970,0.711,22D,unreviewed
25-7,47,0.000,7.696,22D,unreviewed
25-7,97,13.818,-2.108,22D,unreviewed
25-7,48,0.000,5.283,22D,unreviewed
25-7,98,13.106,-4.851,22D,unreviewed
25-7,49,0.000,2.642,22D,unreviewed
25-7,99,11.862,-7.417,22D,unreviewed
25-7,50,0.000,0.000,22D,unreviewed
25-8,A,0.000,10.820,8,unreviewed
25-8,B,8.458,6.756,8,unreviewed
25-8,C,10.541,-2.413,8,unreviewed
25-8,D,4.699,-9.754,8,unreviewed
25-8,E,-4.699,-9.754,8,unreviewed
25-8,F,-10.541,-2.413,8,unreviewed
25-8,G,-8.458,6.756,8,unreviewed
25-8,H,0.000,0.000,8,unreviewed
25-9,1,-12.548,6.147,22D,unreviewed
25-9,51,0.000,-2.692,22D,unreviewed
25-9,2,-13.538,3.505,22D,unreviewed
25-9,52,0.000,-5.385,22D,unreviewed
25-9,3,-13.970,0.711,22D,unreviewed
25-9,53,0.000,-7.874,22D,unreviewed
25-9,4,-13.818,-2.108,22D,unreviewed
25-9,54,0.000,-13.995,22D,unreviewed
25-9,5,-13.106,-4.851,22D,unreviewed
25-9,55,1.422,13.919,22D,unreviewed
25-9,6,-11.862,-7.417,22D,unreviewed
25-9,56,2.413,11.709,22D,unreviewed
25-9,7,-11.049,8.560,22D,unreviewed
25-9,57,1.727,9.398,22D,unreviewed
25-9,8,-10.135,6.325,22D,unreviewed
25-9,58,2.337,7.061,22D,unreviewed
25-9,9,-11.201,4.140,22D,unreviewed
25-9,59,2.413,4.648,22D,unreviewed
25-9,10,-11.811,1.803,22D,unreviewed
25-9,60,2.261,-4.521,22D,unreviewed
25-9,11,-11.938,-0.610,22D,unreviewed
25-9,61,2.388,-7.036,22D,unreviewed
25-9,12,-11.582,-2.997,22D,unreviewed
25-9,62,1.753,-9.550,22D,unreviewed
25-9,13,-10.744,-5.258,22D,unreviewed
25-9,63,1.219,-11.887,22D,unreviewed
25-9,14,-9.449,-7.315,22D,unreviewed
25-9,64,4.191,13.335,22D,unreviewed
25-9,15,-10.135,-9.627,22D,unreviewed
25-9,65,4.724,10.998,22D,unreviewed
25-9,16,-9.119,10.617,22D,unreviewed
25-9,66,4.166,8.636,22D,unreviewed
25-9,17,-8.661,8.230,22D,unreviewed
25-9,67,4.597,5.715,22D,unreviewed
25-9,18,-7.823,5.639,22D,unreviewed
25-9,68,4.369,-5.664,22D,unreviewed
25-9,19,-7.696,-5.664,22D,unreviewed
25-9,69,4.039,-8.814,22D,unreviewed
25-9,20,-7.798,-9.068,22D,unreviewed
25-9,70,3.581,-11.405,22D,unreviewed
25-9,21,-7.976,-11.481,22D,unreviewed
25-9,71,2.819,-13.691,22D,unreviewed
25-9,22,-6.782,12.217,22D,unreviewed
25-9,72,6.782,12.217,22D,unreviewed
25-9,23,-6.833,9.804,22D,unreviewed
25-9,73,6.833,9.804,22D,unreviewed
25-9,24,-6.274,7.468,22D,unreviewed
25-9,74,6.274,7.468,22D,unreviewed
25-9,25,-6.045,0.000,8,unreviewed
25-9,75,6.045,0.000,8,unreviewed
25-9,26,-6.020,-7.417,22D,unreviewed
25-9,76,6.020,-7.417,22D,unreviewed
25-9,27,-5.791,-10.465,22D,unreviewed
25-9,77,5.791,-10.465,22D,unreviewed
25-9,28,-5.512,-12.852,22D,unreviewed
25-9,78,5.512,-12.852,22D,unreviewed
25-9,29,-4.191,13.335,22D,unreviewed
25-9,79,9.119,10.617,22D,unreviewed
25-9,30,-4.724,10.998,22D,unreviewed
25-9,80,8.661,8.230,22D,unreviewed
25-9,31,-4.166,8.636,22D,unreviewed
25-9,81,7.823,5.639,22D,unreviewed
25-9,32,-4.597,5.715,22D,unreviewed
25-9,82,7.696,-5.664,22D,unreviewed
25-9,33,-4.369,-5.664,22D,unreviewed
25-9,83,7.798,-9.068,22D,unreviewed
25-9,34,-4.039,-8.814,22D,unreviewed
25-9,84,7.976,-11.481,22D,unreviewed
25-9,35,-3.581,-11.405,22D,unreviewed
25-9,85,11.049,8.560,22D,unreviewed
25-9,36,-2.819,-13.691,22D,unreviewed
25-9,86,10.135,6.325,22D,unreviewed
25-9,37,-1.422,13.919,22D,unreviewed
25-9,87,11.201,4.140,22D,unreviewed
25-9,38,-2.413,11.709,22D,unreviewed
25-9,88,11.811,1.803,22D,unreviewed
25-9,39,-1.727,9.398,22D,unreviewed
25-9,89,11.938,-0.610,22D,unreviewed
25-9,40,-2.337,7.061,22D,unreviewed
25-9,90,11.582,-2.997,22D,unreviewed
25-9,41,-2.413,4.648,22D,unreviewed
25-9,91,10.744,-5.258,22D,unreviewed
25-9,42,-2.261,-4.521,22D,unreviewed
25-9,92,9.449,-7.315,22D,unreviewed
25-9,43,-2.388,-7.036,22D,unreviewed
25-9,93,10.135,-9.627,22D,unreviewed
25-9,44,-1.753,-9.550,22D,unreviewed
25-9,94,12.548,6.147,22D,unreviewed
25-9,45,-1.219,-11.887,22D,unreviewed
25-9,95,13.538,3.505,22D,unreviewed
25-9,46,0.000,11.963,22D,unreviewed
25-9,96,13.970,0.711,22D,unreviewed
25-9,47,0.000,7.696,22D,unreviewed
25-9,97,13.818,-2.108,22D,unreviewed
25-9,48,0.000,5.283,22D,unreviewed
25-9,98,13.106,-4.851,22D,unreviewed
25-9,49,0.000,2.642,22D,unreviewed
25-9,99,11.862,-7.417,22D,unreviewed
25-9,50,0.000,0.000,22D,unreviewed
25-10,A,0.000,10.820,8,unreviewed
25-10,B,8.458,6.756,8,unreviewed
25-10,C,10.541,-2.413,8,unreviewed
25-10,D,4.699,-9.754,8,unreviewed
25-10,E,-4.699,-9.754,8,unreviewed
25-10,F,-10.541,-2.413,8,unreviewed
25-10,G,-8.458,6.756,8,unreviewed
25-10,H,0.000,0.000,8,unreviewed
25-11,A,0.000,10.947,10,unreviewed
25-11,G,-10.947,0.000,10,unreviewed
25-11,B,7.722,7.722,10,unreviewed
25-11,H,-7.722,7.722,10,unreviewed
25-11,C,10.947,0.000,10,unreviewed
25-11,J,0.000,2.591,10,unreviewed
25-11,D,7.722,-7.722,10,unreviewed
25-11,K,2.337,-4.064,20,unreviewed
25-11,E,0.000,-10.947,10,unreviewed
25-11,L,-2.337,-4.064,20,unreviewed
25-11,F,-7.722,-7.722,10,unreviewed
25-19,A,0.000,10.389,12,unreviewed
25-19,L,-8.992,5.207,12,unreviewed
25-19,B,5.994,10.389,12,unreviewed
25-19,M,-5.994,10.389,12,unreviewed
25-19,C,8.992,5.207,12,unreviewed
25-19,N,-2.997,5.207,12,unreviewed
25-19,D,11.989,0.000,12,unreviewed
25-19,P,2.997,5.207,12,unreviewed
25-19,E,8.992,-5.207,12,unreviewed
25-19,R,5.994,0.000,12,unreviewed
25-19,F,5.994,-10.389,12,unreviewed
25-19,S,2.997,-5.207,12,unreviewed
25-19,G,0.000,-10.389,12,unreviewed
25-19,T,-2.997,-5.207,12,unreviewed
25-19,H,-5.994,-10.389,12,unreviewed
25-19,U,-5.994,0.000,12,unreviewed
25-19,J,-8.992,-5.207,12,unreviewed
25-19,V,0.000,0.000,12,unreviewed
25-19,K,-11.989,0.000,12,unreviewed
25-20,A,0.000,10.338,12,unreviewed
25-20,S,-5.944,12.979,16,unreviewed
25-20,B,5.944,12.979,16,unreviewed
25-20,T,6.172,6.858,16,unreviewed
25-20,C,8.941,10.439,16,unreviewed
25-20,U,9.068,3.454,16,unreviewed
25-20,D,11.836,6.985,16,unreviewed
25-20,V,11.430,-4.648,20,unreviewed
25-20,E,13.462,2.819,16,unreviewed
25-20,W,0.000,-3.327,12,unreviewed
25-20,F,13.640,-1.524,20,unreviewed
25-20,X,-11.430,-4.648,20,unreviewed
25-20,G,11.862,-7.925,20,unreviewed
25-20,Y,-9.068,3.454,16,unreviewed
25-20,H,5.283,-8.966,8,unreviewed
25-20,Z,-6.172,6.858,16,unreviewed
25-20,J,0.000,-13.741,8,unreviewed
25-20,1,4.953,2.921,20,unreviewed
25-20,K,-5.283,-8.966,8,unreviewed
25-20,2,8.052,-1.549,12,unreviewed
25-20,L,-11.862,-7.925,20,unreviewed
25-20,3,-8.052,-1.549,16,unreviewed
25-20,M,-13.640,-1.524,20,unreviewed
25-20,4,-4.953,2.921,20,unreviewed
25-20,N,-13.462,2.819,16,unreviewed
25-20,5,0.000,2.515,12,unreviewed
25-20,P,-11.836,6.985,16,unreviewed
25-20,6,3.581,-0.457,20,unreviewed
25-20,R,-8.941,10.439,16,unreviewed
25-20,7,-3.581,-0.457,20,unreviewed
25-21,A,0.000,10.338,12,unreviewed
25-21,S,-5.944,12.979,16,unreviewed
25-21,B,5.944,12.979,16,unreviewed
25-21,T,6.172,6.858,16,unreviewed
25-21,C,8.941,10.439,16,unreviewed
25-21,U,9.068,3.454,16,unreviewed
25-21,D,11.836,6.985,16,unreviewed
25-21,V,11.430,-4.648,20,unreviewed
25-21,E,13.462,2.819,16,unreviewed
25-21,W,0.000,-3.327,12,unreviewed
25-21,F,13.640,-1.524,20,unreviewed
25-21,X,-11.430,-4.648,20,unreviewed
25-21,G,11.862,-7.925,20,unreviewed
25-21,Y,-9.068,3.454,16,unreviewed
25-21,H,5.283,-8.966,8,unreviewed
25-21,Z,-6.172,6.858,16,unreviewed
25-21,J,0.000,-13.741,8,unreviewed
25-21,1,4.953,2.921,20,unreviewed
25-21,K,-5.283,-8.966,8,unreviewed
25-21,2,8.052,-1.549,12,unreviewed
25-21,L,-11.862,-7.925,20,unreviewed
25-21,3,-8.052,-1.549,16,unreviewed
25-21,M,-13.640,-1.524,20,unreviewed
25-21,4,-4.953,2.921,20,unreviewed
25-21,N,-13.462,2.819,16,unreviewed
25-21,5,0.000,2.515,12,unreviewed
25-21,P,-11.836,6.985,16,unreviewed
25-21,6,3.581,-0.457,20,unreviewed
25-21,R,-8.941,10.439,16,unreviewed
25-21,7,-3.581,-0.457,20,unreviewed
25-23,1,-2.032,14.122,23,unreviewed
25-23,95,2.032,0.000,23,unreviewed
25-23,2,0.000,14.122,23,unreviewed
25-23,96,4.089,0.000,23,unreviewed
25-23,3,2.032,14.122,23,unreviewed
25-23,97,6.121,0.000,23,unreviewed
25-23,4,-7.137,12.370,23,unreviewed
25-23,98,8.153,0.000,23,unreviewed
25-23,5,-5.105,12.370,23,unreviewed
25-23,99,10.211,0.000,23,unreviewed
25-23,6,-3.073,12.370,23,unreviewed
25-23,100,12.243,0.000,23,unreviewed
25-23,7,-1.016,12.370,23,unreviewed
25-23,101,14.275,0.000,23,unreviewed
25-23,8,1.016,12.370,23,unreviewed
25-23,102,-13.259,-1.778,23,unreviewed
25-23,9,3.073,12.370,23,unreviewed
25-23,103,-11.227,-1.778,23,unreviewed
25-23,10,5.105,12.370,23,unreviewed
25-23,104,-9.169,-1.778,23,unreviewed
25-23,11,7.137,12.370,23,unreviewed
25-23,105,-7.137,-1.778,23,unreviewed
25-23,12,-8.153,10.592,23,unreviewed
25-23,106,-5.105,-1.778,23,unreviewed
25-23,13,-6.121,10.592,23,unreviewed
25-23,107,-3.073,-1.778,23,unreviewed
25-23,14,-4.089,10.592,23,unreviewed
25-23,108,-1.016,-1.778,23,unreviewed
25-23,15,-2.032,10.592,23,unreviewed
25-23,109,1.016,-1.778,23,unreviewed
25-23,16,0.000,10.592,23,unreviewed
25-23,110,3.073,-1.778,23,unreviewed
25-23,17,2.032,10.592,23,unreviewed
25-23,111,5.105,-1.778,23,unreviewed
25-23,18,4.089,10.592,23,unreviewed
25-23,112,7.137,-1.778,23,unreviewed
25-23,19,6.121,10.592,23,unreviewed
25-23,113,9.169,-1.778,23,unreviewed
25-23,20,8.153,10.592,23,unreviewed
25-23,114,11.227,-1.778,23,unreviewed
25-23,21,-11.227,8.839,23,unreviewed
25-23,115,13.259,-1.778,23,unreviewed
25-23,22,-9.169,8.839,23,unreviewed
25-23,116,-12.243,-3.531,23,unreviewed
25-23,23,-7.137,8.839,23,unreviewed
25-23,117,-10.211,-3.531,23,unreviewed
25-23,24,-5.105,8.839,23,unreviewed
25-23,118,-8.153,-3.531,23,unreviewed
25-23,25,-3.073,8.839,23,unreviewed
25-23,119,-6.121,-3.531,23,unreviewed
25-23,26,-1.016,8.839,23,unreviewed
25-23,120,-4.089,-3.531,23,unreviewed
25-23,27,1.016,8.839,23,unreviewed
25-23,121,-2.032,-3.531,23,unreviewed
25-23,28,3.073,8.839,23,unreviewed
25-23,122,0.000,-3.531,23,unreviewed
25-23,29,5.105,8.839,23,unreviewed
25-23,123,2.032,-3.531,23,unreviewed
25-23,30,7.137,8.839,23,unreviewed
25-23,124,4.089,-3.531,23,unreviewed
25-23,31,9.169,8.839,23,unreviewed
25-23,125,6.121,-3.531,23,unreviewed
25-23,32,11.227,8.839,23,unreviewed
25-23,126,8.153,-3.531,23,unreviewed
25-23,33,-12.243,7.061,23,unreviewed
25-23,127,10.211,-3.531,23,unreviewed
25-23,34,-10.211,7.061,23,unreviewed
25-23,128,12.243,-3.531,23,unreviewed
25-23,35,-8.153,7.061,23,unreviewed
25-23,129,-13.259,-5.309,23,unreviewed
25-23,36,-6.121,7.061,23,unreviewed
25-23,130,-11.227,-5.309,23,unreviewed
25-23,37,-4.089,7.061,23,unreviewed
25-23,131,-9.169,-5.309,23,unreviewed
25-23,38,-2.032,7.061,23,unreviewed
25-23,132,-7.137,-5.309,23,unreviewed
25-23,39,0.000,7.061,23,unreviewed
25-23,133,-5.105,-5.309,23,unreviewed
25-23,40,2.032,7.061,23,unreviewed
25-23,134,-3.073,-5.309,23,unreviewed
25-23,41,4.089,7.061,23,unreviewed
25-23,135,-1.016,-5.309,23,unreviewed
25-23,42,6.121,7.061,23,unreviewed
25-23,136,1.016,-5.309,23,unreviewed
25-23,43,8.153,7.061,23,unreviewed
25-23,137,3.073,-5.309,23,unreviewed
25-23,44,10.211,7.061,23,unreviewed
25-23,138,5.105,-5.309,23,unreviewed
25-23,45,12.243,7.061,23,unreviewed
25-23,139,7.137,-5.309,23,unreviewed
25-23,46,-13.259,5.309,23,unreviewed
25-23,140,9.169,-5.309,23,unreviewed
25-23,47,-11.227,5.309,23,unreviewed
25-23,141,11.227,-5.309,23,unreviewed
25-23,48,-9.169,5.309,23,unreviewed
25-23,142,13.259,-5.309,23,unreviewed
25-23,49,-7.137,5.309,23,unreviewed
25-23,143,-12.243,-7.061,23,unreviewed
25-23,50,-5.105,5.309,23,unreviewed
25-23,144,-10.211,-7.061,23,unreviewed
25-23,51,-3.073,5.309,23,unreviewed
25-23,145,-8.153,-7.061,23,unreviewed
25-23,52,-1.016,5.309,23,unreviewed
25-23,146,-6.121,-7.061,23,unreviewed
25-23,53,1.016,5.309,23,unreviewed
25-23,147,-4.089,-7.061,23,unreviewed
25-23,54,3.073,5.309,23,unreviewed
25-23,148,-2.032,-7.061,23,unreviewed
25-23,55,5.105,5.309,23,unreviewed
25-23,149,0.000,-7.061,23,unreviewed
25-23,56,7.137,5.309,23,unreviewed
25-23,150,2.032,-7.061,23,unreviewed
25-23,57,9.169,5.309,23,unreviewed
25-23,151,4.089,-7.061,23,unreviewed
25-23,58,11.227,5.309,23,unreviewed
25-23,152,6.121,-7.061,23,unreviewed
25-23,59,13.259,5.309,23,unreviewed
25-23,153,8.153,-7.061,23,unreviewed
25-23,60,-12.243,3.531,23,unreviewed
25-23,154,10.211,-7.061,23,unreviewed
25-23,61,-10.211,3.531,23,unreviewed
25-23,155,12.243,-7.061,23,unreviewed
25-23,62,-8.153,3.531,23,unreviewed
25-23,156,-11.227,-8.839,23,unreviewed
25-23,63,-6.121,3.531,23,unreviewed
25-23,157,-9.169,-8.839,23,unreviewed
25-23,64,-4.089,3.531,23,unreviewed
25-23,158,-7.137,-8.839,23,unreviewed
25-23,65,-2.032,3.531,23,unreviewed
25-23,159,-5.105,-8.839,23,unreviewed
25-23,66,0.000,3.531,23,unreviewed
25-23,160,-3.073,-8.839,23,unreviewed
25-23,67,2.032,3.531,23,unreviewed
25-23,161,-1.016,-8.839,23,unreviewed
25-23,68,4.089,3.531,23,unreviewed
25-23,162,1.016,-8.839,23,unreviewed
25-23,69,6.121,3.531,23,unreviewed
25-23,163,3.073,-8.839,23,unreviewed
25-23,70,8.153,3.531,23,unreviewed
25-23,164,5.105,-8.839,23,unreviewed
25-23,71,10.211,3.531,23,unreviewed
25-23,165,7.137,-8.839,23,unreviewed
25-23,72,12.243,3.531,23,unreviewed
25-23,166,9.169,-8.839,23,unreviewed
25-23,73,-13.259,1.778,23,unreviewed
25-23,167,11.227,-8.839,23,unreviewed
25-23,74,-11.227,1.778,23,unreviewed
25-23,168,-8.153,-10.592,23,unreviewed
25-23,75,-9.169,1.778,23,unreviewed
25-23,169,-6.121,-10.592,23,unreviewed
25-23,76,-7.137,1.778,23,unreviewed
25-23,170,-4.089,-10.592,23,unreviewed
25-23,77,-5.105,1.778,23,unreviewed
25-23,171,-2.032,-10.592,23,unreviewed
25-23,78,-3.073,1.778,23,unreviewed
25-23,172,0.000,-10.592,23,unreviewed
25-23,79,-1.016,1.778,23,unreviewed
25-23,173,2.032,-10.592,23,unreviewed
25-23,80,1.016,1.778,23,unreviewed
25-23,174,4.089,-10.592,23,unreviewed
25-23,81,3.073,1.778,23,unreviewed
25-23,175,6.121,-10.592,23,unreviewed
25-23,82,5.105,1.778,23,unreviewed
25-23,176,8.153,-10.592,23,unreviewed
25-23,83,7.137,1.778,23,unreviewed
25-23,177,-7.137,-12.370,23,unreviewed
25-23,84,9.169,1.778,23,unreviewed
25-23,178,-5.105,-12.370,23,unreviewed
25-23,85,11.227,1.778,23,unreviewed
25-23,179,-3.073,-12.370,23,unreviewed
25-23,86,13.259,1.778,23,unreviewed
25-23,180,-1.016,-12.370,23,unreviewed
25-23,87,-14.275,0.000,23,unreviewed
25-23,181,1.016,-12.370,23,unreviewed
25-23,88,-12.243,0.000,23,unreviewed
25-23,182,3.073,-12.370,23,unreviewed
25-23,89,-10.211,0.000,23,unreviewed
25-23,183,5.105,-12.370,23,unreviewed
25-23,90,-8.153,0.000,23,unreviewed
25-23,184,7.137,-12.370,23,unreviewed
25-23,91,-6.121,0.000,23,unreviewed
25-23,185,-2.032,-14.122,23,unreviewed
25-23,92,-4.089,0.000,23,unreviewed
25-23,186,0.000,-14.122,23,unreviewed
25-23,93,-2.032,0.000,23,unreviewed
25-23,187,2.032,-14.122,23,unreviewed
25-23,94,0.000,0.000,23,unreviewed
25-24,A,0.000,11.989,12,unreviewed
25-24,N,-10.236,7.569,12,unreviewed
25-24,B,5.842,10.414,12,unreviewed
25-24,P,-5.842,10.414,12,unreviewed
25-24,C,10.236,7.569,16,unreviewed
25-24,R,0.000,5.944,16,unreviewed
25-24,D,11.709,2.540,12,unreviewed
25-24,S,5.842,4.369,12,unreviewed
25-24,E,10.490,-3.404,12,unreviewed
25-24,T,4.724,-1.575,12,unreviewed
25-24,F,9.398,-8.534,16,unreviewed
25-24,U,5.359,-6.782,16,unreviewed
25-24,G,5.842,-11.201,16,unreviewed
25-24,V,0.000,-8.204,16,unreviewed
25-24,H,0.000,-12.573,16,unreviewed
25-24,W,-5.359,-6.782,16,unreviewed
25-24,J,-5.842,-11.201,16,unreviewed
25-24,X,-4.724,-1.575,12,unreviewed
25-24,K,-9.398,-8.534,16,unreviewed
25-24,Y,-5.842,4.369,12,unreviewed
25-24,L,-10.490,-3.404,12,unreviewed
25-24,Z,0.000,0.711,16,unreviewed
25-24,M,-11.709,2.540,12,unreviewed
25-24,a,0.000,-3.835,16,unreviewed
25-29,A,0.000,12.217,16,unreviewed
25-29,S,-2.311,8.153,16,unreviewed
25-29,B,6.553,10.312,16,unreviewed
25-29,T,2.311,8.153,16,unreviewed
25-29,C,10.033,7.036,16,unreviewed
25-29,U,5.791,4.928,16,unreviewed
25-29,D,11.913,2.769,16,unreviewed
25-29,V,8.103,0.000,16,unreviewed
25-29,E,11.913,-2.769,16,unreviewed
25-29,W,6.096,-4.597,16,unreviewed
25-29,F,10.033,-7.036,16,unreviewed
25-29,X,2.311,-7.366,16,unreviewed
25-29,G,6.680,-10.312,16,unreviewed
25-29,Y,-2.311,-7.366,16,unreviewed
25-29,H,2.311,-11.989,16,unreviewed
25-29,Z,-6.096,-4.597,16,unreviewed
25-29,J,-2.311,-11.989,16,unreviewed
25-29,a,-8.103,0.000,16,unreviewed
25-29,K,-6.680,-10.312,16,unreviewed
25-29,b,-5.791,4.928,16,unreviewed
25-29,L,-10.033,-7.036,16,unreviewed
25-29,c,0.000,4.089,16,unreviewed
25-29,M,-11.913,-2.769,16,unreviewed
25-29,d,3.404,0.000,16,unreviewed
25-29,N,-11.913,2.769,16,unreviewed
25-29,e,0.000,-3.302,16,unreviewed
25-29,P,-10.033,7.036,16,unreviewed
25-29,f,-3.404,0.000,16,unreviewed
25-29,R,-6.553,10.312,16,unreviewed
25-35,1,-12.167,7.087,22D,unreviewed
25-35,65,0.000,-1.194,22D,unreviewed
25-35,2,-13.208,4.826,22D,unreviewed
25-35,66,0.000,-3.607,22D,unreviewed
25-35,3,-13.868,2.413,22D,unreviewed
25-35,67,0.000,-6.020,22D,unreviewed
25-35,4,-14.097,0.000,22D,unreviewed
25-35,68,0.000,-8.433,22D,unreviewed
25-35,5,-13.868,-2.413,22D,unreviewed
25-35,69,0.000,-10.846,22D,unreviewed
25-35,6,-13.208,-4.826,22D,unreviewed
25-35,70,0.000,-14.097,22D,unreviewed
25-35,7,-12.167,-7.087,22D,unreviewed
25-35,71,2.108,12.065,22D,unreviewed
25-35,8,-10.770,9.068,22D,unreviewed
25-35,72,2.108,9.652,22D,unreviewed
25-35,9,-10.541,4.826,22D,unreviewed
25-35,73,2.108,7.239,22D,unreviewed
25-35,10,-10.541,2.413,22D,unreviewed
25-35,74,2.108,4.826,22D,unreviewed
25-35,11,-10.541,0.000,22D,unreviewed
25-35,75,2.108,2.413,22D,unreviewed
25-35,12,-10.541,-2.413,22D,unreviewed
25-35,76,2.108,0.000,22D,unreviewed
25-35,13,-10.541,-4.826,22D,unreviewed
25-35,77,2.108,-2.413,22D,unreviewed
25-35,14,-10.770,-9.068,22D,unreviewed
25-35,78,2.108,-4.826,22D,unreviewed
25-35,15,-8.433,11.278,22D,unreviewed
25-35,79,2.108,-7.239,22D,unreviewed
25-35,16,-8.433,8.433,22D,unreviewed
25-35,80,2.108,-9.652,22D,unreviewed
25-35,17,-8.433,6.020,22D,unreviewed
25-35,81,2.108,-12.065,22D,unreviewed
25-35,18,-8.433,3.607,22D,unreviewed
25-35,82,4.064,13.487,22D,unreviewed
25-35,19,-8.433,1.194,22D,unreviewed
25-35,83,4.216,10.846,22D,unreviewed
25-35,20,-8.433,-1.194,22D,unreviewed
25-35,84,4.216,8.433,22D,unreviewed
25-35,21,-8.433,-3.607,22D,unreviewed
25-35,85,4.216,6.020,22D,unreviewed
25-35,22,-8.433,-6.020,22D,unreviewed
25-35,86,4.216,3.607,22D,unreviewed
25-35,23,-8.433,-8.433,22D,unreviewed
25-35,87,4.216,1.194,22D,unreviewed
25-35,24,-8.433,-10.846,22D,unreviewed
25-35,88,4.216,-1.194,22D,unreviewed
25-35,25,-6.325,12.598,22D,unreviewed
25-35,89,4.216,-3.607,22D,unreviewed
25-35,26,-6.325,9.652,22D,unreviewed
25-35,90,4.216,-6.020,22D,unreviewed
25-35,27,-6.325,7.239,22D,unreviewed
25-35,91,4.216,-8.433,22D,unreviewed
25-35,28,-6.325,4.826,22D,unreviewed
25-35,92,4.216,-10.846,22D,unreviewed
25-35,29,-6.325,2.413,22D,unreviewed
25-35,93,4.216,-13.259,22D,unreviewed
25-35,30,-6.325,0.000,22D,unreviewed
25-35,94,6.325,12.598,22D,unreviewed
25-35,31,-6.325,-2.413,22D,unreviewed
25-35,95,6.325,9.652,22D,unreviewed
25-35,32,-6.325,-4.826,22D,unreviewed
25-35,96,6.325,7.239,22D,unreviewed
25-35,33,-6.325,-7.239,22D,unreviewed
25-35,97,6.325,4.826,22D,unreviewed
25-35,34,-6.325,-9.652,22D,unreviewed
25-35,98,6.325,2.413,22D,unreviewed
25-35,35,-6.325,-12.065,22D,unreviewed
25-35,99,6.325,0.000,22D,unreviewed
25-35,36,-4.064,13.487,22D,unreviewed
25-35,100,6.325,-2.413,22D,unreviewed
25-35,37,-4.216,10.846,22D,unreviewed
25-35,101,6.325,-4.826,22D,unreviewed
25-35,38,-4.216,8.433,22D,unreviewed
25-35,102,6.325,-7.239,22D,unreviewed
25-35,39,-4.216,6.020,22D,unreviewed
25-35,103,6.325,-9.652,22D,unreviewed
25-35,40,-4.216,3.607,22D,unreviewed
25-35,104,6.325,-12.065,22D,unreviewed
25-35,41,-4.216,1.194,22D,unreviewed
25-35,105,8.433,11.278,22D,unreviewed
25-35,42,-4.216,-1.194,22D,unreviewed
25-35,106,8.433,8.433,22D,unreviewed
25-35,43,-4.216,-3.607,22D,unreviewed
25-35,107,8.433,6.020,22D,unreviewed
25-35,44,-4.216,-6.020,22D,unreviewed
25-35,108,8.433,3.607,22D,unreviewed
25-35,45,-4.216,-8.433,22D,unreviewed
25-35,109,8.433,1.194,22D,unreviewed
25-35,46,-4.216,-10.846,22D,unreviewed
25-35,110,8.433,-1.194,22D,unreviewed
25-35,47,-4.216,-13.259,22D,unreviewed
25-35,111,8.433,-3.607,22D,unreviewed
25-35,48,-2.108,12.065,22D,unreviewed
25-35,112,8.433,-6.020,22D,unreviewed
25-35,49,-2.108,9.652,22D,unreviewed
25-35,113,8.433,-8.433,22D,unreviewed
25-35,50,-2.108,7.239,22D,unreviewed
25-35,114,8.433,-10.846,22D,unreviewed
25-35,51,-2.108,4.826,22D,unreviewed
25-35,115,10.770,9.068,22D,unreviewed
25-35,52,-2.108,2.413,22D,unreviewed
25-35,116,10.541,4.826,22D,unreviewed
25-35,53,-2.108,0.000,22D,unreviewed
25-35,117,10.541,2.413,22D,unreviewed
25-35,54,-2.108,-2.413,22D,unreviewed
25-35,118,10.541,0.000,22D,unreviewed
25-35,55,-2.108,-4.826,22D,unreviewed
25-35,119,10.541,-2.413,22D,unreviewed
25-35,56,-2.108,-7.239,22D,unreviewed
25-35,120,10.541,-4.826,22D,unreviewed
25-35,57,-2.108,-9.652,22D,unreviewed
25-35,121,10.770,-9.068,22D,unreviewed
25-35,58,-2.108,-12.065,22D,unreviewed
25-35,122,12.167,7.087,22D,unreviewed
25-35,59,0.000,13.259,22D,unreviewed
25-35,123,13.208,4.826,22D,unreviewed
25-35,60,0.000,10.846,22D,unreviewed
25-35,124,13.868,2.413,22D,unreviewed
25-35,61,0.000,8.433,22D,unreviewed
25-35,125,14.097,0.000,22D,unreviewed
25-35,62,0.000,6.020,22D,unreviewed
25-35,126,13.868,-2.413,22D,unreviewed
25-35,63,0.000,3.607,22D,unreviewed
25-35,127,13.208,-4.826,22D,unreviewed
25-35,64,0.000,1.194,22D,unreviewed
25-35,128,12.167,-7.087,22D,unreviewed
25-37,A,0.000,11.989,16,unreviewed
25-37,W,6.147,5.994,16,unreviewed
25-37,B,4.724,11.989,16,unreviewed
25-37,X,8.280,2.184,16,unreviewed
25-37,C,8.458,9.703,16,unreviewed
25-37,Y,8.280,-2.184,16,unreviewed
25-37,D,11.201,6.325,16,unreviewed
25-37,Z,6.147,-5.994,16,unreviewed
25-37,E,12.700,2.184,16,unreviewed
25-37,a,2.184,-8.128,16,unreviewed
25-37,F,12.700,-2.184,16,unreviewed
25-37,b,-2.184,-8.128,16,unreviewed
25-37,G,11.201,-6.325,16,unreviewed
25-37,c,-6.147,-5.994,16,unreviewed
25-37,H,8.458,9.703,16,unreviewed
25-37,d,-8.280,-2.184,16,unreviewed
25-37,J,4.724,-11.989,16,unreviewed
25-37,e,-8.280,2.184,16,unreviewed
25-37,K,0.000,-11.989,16,unreviewed
25-37,f,-6.147,5.994,16,unreviewed
25-37,L,-4.724,-11.989,16,unreviewed
25-37,g,-2.184,8.128,16,unreviewed
25-37,M,-8.458,-9.703,16,unreviewed
25-37,h,0.000,4.369,16,unreviewed
25-37,N,-11.201,-6.325,16,unreviewed
25-37,k,3.912,2.184,16,unreviewed
25-37,P,-12.700,-2.184,16,unreviewed
25-37,m,3.912,-2.184,16,unreviewed
25-37,R,-12.700,2.184,16,unreviewed
25-37,n,0.000,-4.369,16,unreviewed
25-37,S,-11.201,6.325,16,unreviewed
25-37,p,-3.912,-2.184,16,unreviewed
25-37,T,-8.458,9.703,16,unreviewed
25-37,q,-3.912,2.184,16,unreviewed
25-37,U,-4.724,11.989,16,unreviewed
25-37,r,0.000,0.000,16,unreviewed
25-37,V,2.184,8.128,16,unreviewed
25-43,A,1.753,13.487,20,unreviewed
25-43,Z,-1.753,13.487,20,unreviewed
25-43,B,5.156,12.573,20,unreviewed
25-43,a,4.369,8.738,16,unreviewed
25-43,C,8.230,10.795,20,unreviewed
25-43,b,6.553,4.369,16,unreviewed
25-43,D,10.770,8.280,20,unreviewed
25-43,c,8.738,0.000,16,unreviewed
25-43,E,12.522,5.207,20,unreviewed
25-43,d,8.738,-4.369,16,unreviewed
25-43,F,13.487,1.753,20,unreviewed
25-43,e,4.369,-8.738,16,unreviewed
25-43,G,13.487,-1.753,20,unreviewed
25-43,f,0.000,-8.738,16,unreviewed
25-43,H,12.522,-5.207,20,unreviewed
25-43,g,-4.369,-8.738,16,unreviewed
25-43,J,10.770,-8.280,20,unreviewed
25-43,h,-8.738,-4.369,20,unreviewed
25-43,K,8.230,-10.795,20,unreviewed
25-43,k,-8.738,0.000,16,unreviewed
25-43,L,5.156,-12.573,20,unreviewed
25-43,m,-6.553,4.369,16,unreviewed
25-43,M,0.000,-13.487,16,unreviewed
25-43,n,-4.369,8.738,16,unreviewed
25-43,N,-5.156,-12.573,20,unreviewed
25-43,p,0.000,8.738,16,unreviewed
25-43,P,-8.230,-10.795,20,unreviewed
25-43,q,2.184,4.369,16,unreviewed
25-43,R,-10.770,-8.280,20,unreviewed
25-43,r,4.369,0.000,16,unreviewed
25-43,S,-12.522,-5.207,20,unreviewed
25-43,s,4.369,-4.369,16,unreviewed
25-43,T,-13.487,-1.753,20,unreviewed
25-43,t,0.000,-4.369,16,unreviewed
25-43,U,-13.487,1.753,20,unreviewed
25-43,u,-4.369,-4.369,16,unreviewed
25-43,V,-12.522,5.207,20,unreviewed
25-43,v,-4.369,0.000,16,unreviewed
25-43,W,-10.770,8.280,20,unreviewed
25-43,w,-2.184,4.369,16,unreviewed
25-43,X,-8.230,10.795,20,unreviewed
25-43,x,0.000,0.000,16,unreviewed
25-43,Y,-5.156,12.573,20,unreviewed
25-46,A,1.651,13.538,20,unreviewed
25-46,a,10.262,3.175,20,unreviewed
25-46,B,6.985,11.836,20,unreviewed
25-46,b,11.100,0.000,20,unreviewed
25-46,C,10.668,8.560,20,unreviewed
25-46,c,10.262,-3.175,20,unreviewed
25-46,D,12.446,5.766,20,unreviewed
25-46,d,7.976,-5.613,20,unreviewed
25-46,E,13.487,2.362,20,unreviewed
25-46,e,6.223,-8.560,20,unreviewed
25-46,F,13.487,-2.362,20,unreviewed
25-46,f,3.454,-10.770,20,unreviewed
25-46,G,12.446,-5.766,20,unreviewed
25-46,g,0.000,-10.033,20,unreviewed
25-46,H,10.668,-8.560,20,unreviewed
25-46,h,-3.454,-10.770,20,unreviewed
25-46,J,6.985,-11.836,20,unreviewed
25-46,k,-6.223,-8.560,20,unreviewed
25-46,K,1.651,-13.538,20,unreviewed
25-46,m,-7.976,-5.613,20,unreviewed
25-46,L,-1.651,-13.538,20,unreviewed
25-46,n,-10.262,-3.175,20,unreviewed
25-46,M,-6.985,-11.836,20,unreviewed
25-46,p,-11.100,0.000,20,unreviewed
25-46,N,-10.668,-8.560,20,unreviewed
25-46,q,-10.262,3.175,20,unreviewed
25-46,P,-12.446,-5.766,20,unreviewed
25-46,r,-7.976,5.613,20,unreviewed
25-46,R,-13.487,-2.362,20,unreviewed
25-46,s,-6.223,8.560,20,unreviewed
25-46,S,-13.487,2.362,20,unreviewed
25-46,t,-3.454,10.770,20,unreviewed
25-46,T,-12.446,5.766,20,unreviewed
25-46,u,0.000,10.033,20,unreviewed
25-46,U,-10.668,8.560,20,unreviewed
25-46,v,2.464,6.731,16,unreviewed
25-46,V,-6.985,11.836,20,unreviewed
25-46,w,4.572,0.000,16,unreviewed
25-46,W,-1.651,13.538,20,unreviewed
25-46,x,2.464,-6.731,16,unreviewed
25-46,X,3.454,10.770,20,unreviewed
25-46,y,-2.464,-6.731,20,unreviewed
25-46,Y,6.223,8.560,20,unreviewed
25-46,z,-4.572,0.000,16,unreviewed
25-46,Z,7.976,5.613,20,unreviewed
25-47,A,1.651,13.538,20,unreviewed
25-47,a,10.262,3.175,20,unreviewed
25-47,B,6.985,11.836,20,unreviewed
25-47,b,11.100,0.000,20,unreviewed
25-47,C,10.668,8.560,20,unreviewed
25-47,c,10.262,-3.175,20,unreviewed
25-47,D,12.446,5.766,20,unreviewed
25-47,d,7.976,-5.613,20,unreviewed
25-47,E,13.487,2.362,20,unreviewed
25-47,e,6.223,-8.560,20,unreviewed
25-47,F,13.487,-2.362,20,unreviewed
25-47,f,3.454,-10.770,20,unreviewed
25-47,G,12.446,-5.766,20,unreviewed
25-47,g,0.000,-10.033,20,unreviewed
25-47,H,10.668,-8.560,20,unreviewed
25-47,h,-3.454,-10.770,20,unreviewed
25-47,J,6.985,-11.836,20,unreviewed
25-47,k,-6.223,-8.560,20,unreviewed
25-47,K,1.651,-13.538,20,unreviewed
25-47,m,-7.976,-5.613,20,unreviewed
25-47,L,-1.651,-13.538,20,unreviewed
25-47,n,-10.262,-3.175,20,unreviewed
25-47,M,-6.985,-11.836,20,unreviewed
25-47,p,-11.100,0.000,20,unreviewed
25-47,N,-10.668,-8.560,20,unreviewed
25-47,q,-10.262,3.175,20,unreviewed
25-47,P,-12.446,-5.766,20,unreviewed
25-47,r,-7.976,5.613,20,unreviewed
25-47,R,-13.487,-2.362,20,unreviewed
25-47,s,-6.223,8.560,20,unreviewed
25-47,S,-13.487,2.362,20,unreviewed
25-47,t,-3.454,10.770,20,unreviewed
25-47,T,-12.446,5.766,20,unreviewed
25-47,u,0.000,10.033,20,unreviewed
25-47,U,-10.668,8.560,20,unreviewed
25-47,v,2.464,6.731,16,unreviewed
25-47,V,-6.985,11.836,20,unreviewed
25-47,w,4.572,0.000,16,unreviewed
25-47,W,-1.651,13.538,20,unreviewed
25-47,x,2.464,-6.731,16,unreviewed
25-47,X,3.454,10.770,20,unreviewed
25-47,y,-2.464,-6.731,20,unreviewed
25-47,Y,6.223,8.560,20,unreviewed
25-47,z,-4.572,0.000,16,unreviewed
25-47,Z,7.976,5.613,20,unreviewed
25-61,A,4.978,12.700,20,unreviewed
25-61,i,6.375,-7.976,20,unreviewed
25-61,B,7.976,11.049,20,unreviewed
25-61,j,3.378,-9.627,20,unreviewed
25-61,C,10.490,8.712,20,unreviewed
25-61,k,0.000,-10.211,20,unreviewed
25-61,D,12.319,5.842,20,unreviewed
25-61,m,-3.378,-9.627,20,unreviewed
25-61,E,13.386,2.565,20,unreviewed
25-61,n,-6.375,-7.976,20,unreviewed
25-61,F,13.614,-0.762,20,unreviewed
25-61,p,-8.661,-5.410,20,unreviewed
25-61,G,12.979,-4.166,20,unreviewed
25-61,q,-9.957,-2.235,20,unreviewed
25-61,H,11.532,-7.290,20,unreviewed
25-61,r,-10.135,1.168,20,unreviewed
25-61,J,9.347,-9.931,20,unreviewed
25-61,s,-9.195,4.445,20,unreviewed
25-61,K,6.579,-11.938,20,unreviewed
25-61,t,-7.239,7.188,20,unreviewed
25-61,L,3.404,-13.183,20,unreviewed
25-61,u,-4.394,9.220,20,unreviewed
25-61,M,0.000,-13.640,20,unreviewed
25-61,v,0.000,8.585,20,unreviewed
25-61,N,-3.404,-13.183,20,unreviewed
25-61,w,3.734,5.664,20,unreviewed
25-61,P,-6.579,-11.938,20,unreviewed
25-61,x,6.020,3.099,20,unreviewed
25-61,R,-9.347,-9.931,20,unreviewed
25-61,y,6.782,-0.254,20,unreviewed
25-61,S,-11.532,-7.290,20,unreviewed
25-61,z,5.791,-3.531,20,unreviewed
25-61,T,-12.979,-4.166,20,unreviewed
25-61,U,-13.614,-0.762,20,unreviewed
25-61,V,-13.386,2.565,20,unreviewed
25-61,W,-12.319,5.842,20,unreviewed
25-61,X,-10.490,8.712,20,unreviewed
25-61,Y,-7.976,11.049,20,unreviewed
25-61,Z,-4.978,12.700,20,unreviewed
25-61,a,-1.727,11.532,20,unreviewed
25-61,b,1.727,11.532,20,unreviewed
25-61,c,4.394,9.220,20,unreviewed
25-61,d,7.239,7.188,20,unreviewed
25-61,e,9.195,4.445,20,unreviewed
25-61,f,10.135,1.168,20,unreviewed
25-61,g,9.957,-2.235,20,unreviewed
25-61,h,8.661,-5.410,20,unreviewed
25-90,A,1.651,13.538,20,unreviewed
25-90,a,10.262,3.175,20,unreviewed
25-90,B,6.985,11.836,20,unreviewed
25-90,b,11.100,0.000,20,unreviewed
25-90,C,10.668,8.560,20,unreviewed
25-90,c,10.262,-3.175,20,unreviewed
25-90,D,12.446,5.766,20,unreviewed
25-90,d,7.976,-5.613,20,unreviewed
25-90,E,13.487,2.362,20,unreviewed
25-90,e,6.223,-8.560,20,unreviewed
25-90,F,13.487,-2.362,20,unreviewed
25-90,f,3.454,-10.770,20,unreviewed
25-90,G,12.446,-5.766,20,unreviewed
25-90,g,0.000,-10.033,16,unreviewed
25-90,H,10.668,-8.560,20,unreviewed
25-90,h,-3.454,-10.770,20,unreviewed
25-90,J,6.985,-11.836,20,unreviewed
25-90,k,-6.223,-8.560,20,unreviewed
25-90,K,1.651,-13.538,20,unreviewed
25-90,m,-7.976,-5.613,20,unreviewed
25-90,L,-1.651,-13.538,20,unreviewed
25-90,n,-10.262,-3.175,20,unreviewed
25-90,M,-6.985,-11.836,20,unreviewed
25-90,p,-11.100,0.000,20,unreviewed
25-90,N,-10.668,-8.560,20,unreviewed
25-90,q,-10.262,3.175,20,unreviewed
25-90,P,-12.446,-5.766,20,unreviewed
25-90,r,-7.976,5.613,20,unreviewed
25-90,R,-13.487,-2.362,20,unreviewed
25-90,s,-6.223,8.560,20,unreviewed
25-90,S,-13.487,2.362,20,unreviewed
25-90,t,-3.454,10.770,20,unreviewed
25-90,T,-12.446,5.766,20,unreviewed
25-90,u,0.000,10.033,20,unreviewed
25-90,U,-10.668,8.560,20,unreviewed
25-90,v,2.464,6.731,16,unreviewed
25-90,V,-6.985,11.836,20,unreviewed
25-90,w,4.572,0.000,8,unreviewed
25-90,W,-1.651,13.538,20,unreviewed
25-90,x,2.464,-6.731,16,unreviewed
25-90,X,3.454,10.770,20,unreviewed
25-90,y,-2.464,-6.731,16,unreviewed
25-90,Y,6.223,8.560,20,unreviewed
25-90,z,-4.572,0.000,8,unreviewed
25-90,Z,7.976,5.613,20,unreviewed
25-91,A,1.651,13.538,20,unreviewed
25-91,a,10.262,3.175,20,unreviewed
25-91,B,6.985,11.836,20,unreviewed
25-91,b,11.100,0.000,20,unreviewed
25-91,C,10.668,8.560,20,unreviewed
25-91,c,10.262,-3.175,20,unreviewed
25-91,D,12.446,5.766,20,unreviewed
25-91,d,7.976,-5.613,20,unreviewed
25-91,E,13.487,2.362,20,unreviewed
25-91,e,6.223,-8.560,20,unreviewed
25-91,F,13.487,-2.362,20,unreviewed
25-91,f,3.454,-10.770,20,unreviewed
25-91,G,12.446,-5.766,20,unreviewed
25-91,g,0.000,-10.033,16,unreviewed
25-91,H,10.668,-8.560,20,unreviewed
25-91,h,-3.454,-10.770,20,unreviewed
25-91,J,6.985,-11.836,20,unreviewed
25-91,k,-6.223,-8.560,20,unreviewed
25-91,K,1.651,-13.538,20,unreviewed
25-91,m,-7.976,-5.613,20,unreviewed
25-91,L,-1.651,-13.538,20,unreviewed
25-91,n,-10.262,-3.175,20,unreviewed
25-91,M,-6.985,-11.836,20,unreviewed
25-91,p,-11.100,0.000,20,unreviewed
25-91,N,-10.668,-8.560,20,unreviewed
25-91,q,-10.262,3.175,20,unreviewed
25-91,P,-12.446,-5.766,20,unreviewed
25-91,r,-7.976,5.613,20,unreviewed
25-91,R,-13.487,-2.362,20,unreviewed
25-91,s,-6.223,8.560,20,unreviewed
25-91,S,-13.487,2.362,20,unreviewed
25-91,t,-3.454,10.770,20,unreviewed
25-91,T,-12.446,5.766,20,unreviewed
25-91,u,0.000,10.033,20,unreviewed
25-91,U,-10.668,8.560,20,unreviewed
25-91,v,2.464,6.731,16,unreviewed
25-91,V,-6.985,11.836,20,unreviewed
25-91,w,4.572,0.000,8,unreviewed
25-91,W,-1.651,13.538,20,unreviewed
25-91,x,2.464,-6.731,16,unreviewed
25-91,X,3.454,10.770,20,unreviewed
25-91,y,-2.464,-6.731,16,unreviewed
25-91,Y,6.223,8.560,20,unreviewed
25-91,z,-4.572,0.000,8,unreviewed
25-91,Z,7.976,5.613,20,unreviewed
