file,pdf_page,table,row,cells,status
MIL-DTL-38999N.pdf,3,1,1,Shell size | Code letter | Shell size | Code letter | Shell size | Code letter,unreviewed
MIL-DTL-38999N.pdf,3,1,2,9 | A | 15 | D | 21 | G,unreviewed
MIL-DTL-38999N.pdf,3,1,3,11 | B | 17 | E | 23 | H,unreviewed
MIL-DTL-38999N.pdf,3,1,4,13 | C | 19 | F | 25 | J,unreviewed
MIL-DTL-38999N.pdf,5,1,1,"Designator | Series I,; II; Finish |  | Ser.; III,; IV; Class | 2 Hermetic | Shell; material 1 | Finish; (see 3.3.6.2) | Temp; range; (°C) |  | Features | Continued",unreviewed
MIL-DTL-38999N.pdf,5,1,2, | non-herm | hermetic |  |  |  |  | Low | Hi |  | ,unreviewed
MIL-DTL-38999N.pdf,5,1,3,"A |  |  |  |  | aluminum | cadmium yellow | -65 | 150 | conductive, nickel underplate | ",unreviewed
MIL-DTL-38999N.pdf,5,1,4,B |  |  |  |  |  | cadmium olive drab |  | 175 | conductive | ,unreviewed
MIL-DTL-38999N.pdf,5,1,5,C |  |  |  |  |  | anodic |  | 200 | nonconductive plating | ,unreviewed
MIL-DTL-38999N.pdf,5,1,6,D |  |  |  |  |  | fused tin |  | 150 | conductive | ,unreviewed
MIL-DTL-38999N.pdf,5,1,7,E |  |  |  |  | S/S | passivated |  | 200 | conductive | ,unreviewed
MIL-DTL-38999N.pdf,5,1,8,F |  |  |  |  | aluminum | nickel (electroless) |  |  | conductive plating | ,unreviewed
MIL-DTL-38999N.pdf,5,1,9,"G |  |  |  |  |  |  |  |  | same as F, but space grade | ",unreviewed
MIL-DTL-38999N.pdf,5,1,10,"H |  |  |  |  | S/S | passivated |  |  | same as Y, but space grade | ",unreviewed
MIL-DTL-38999N.pdf,5,1,11,J |  |  |  |  | composite | cadmium olive drab |  | 175 | conductive plating | ,unreviewed
MIL-DTL-38999N.pdf,5,1,12,"K |  |  |  |  | S/S | passivated |  | 200 | firewall, conductive | ",unreviewed
MIL-DTL-38999N.pdf,5,1,13,L |  |  |  |  |  | nickel (electrodeposited) |  |  | conductive plating | ,unreviewed
MIL-DTL-38999N.pdf,5,1,14,M |  |  |  |  | composite | nickel (electroless or; electrodeposited) |  |  | conductive plating | ,unreviewed
MIL-DTL-38999N.pdf,5,1,15,N |  |  |  |  | S/S | nickel (electrodeposited) |  |  | conductive | ,unreviewed
MIL-DTL-38999N.pdf,5,1,16,"R |  |  |  |  | aluminum | nickel (electroless) |  |  | same as F, but higher; corrosion requirement | ",unreviewed
MIL-DTL-38999N.pdf,5,1,17,"S |  |  |  |  | S/S | nickel (electrodeposited) |  |  | firewall, more conductive than; K | ",unreviewed
MIL-DTL-38999N.pdf,5,1,18,T |  |  |  |  | aluminum | nickel fluorocarbon; polymer |  | 175 | conductive plating | ,unreviewed
MIL-DTL-38999N.pdf,5,1,19,"U |  |  |  |  |  | cadmium yellow |  | 150 | same as A, but higher; corrosion requirement | ",unreviewed
MIL-DTL-38999N.pdf,5,1,20,V |  |  |  |  |  | tin-zinc (SnZn) |  | 175 | conductive 4 | ,unreviewed
MIL-DTL-38999N.pdf,5,1,21,W |  |  |  |  |  | cadmium olive drab |  |  | conductive plating | ,unreviewed
MIL-DTL-38999N.pdf,5,1,22,Y |  |  |  |  | S/S | passivated |  | 200 | conductive plating | ,unreviewed
MIL-DTL-38999N.pdf,5,1,23,Z |  |  |  |  | aluminum | zinc-nickel |  | 175 | conductive plating | ,unreviewed
MIL-DTL-38999N.pdf,5,1,24,AA |  |  |  |  |  | tri-nickel alloy |  | 200 | conductive plating 4 | ,unreviewed
MIL-DTL-38999N.pdf,5,1,25,AB |  |  |  |  |  | tin-zinc (SnZn) |  | 175 | higher performance variant of; class V 4 | ,unreviewed
MIL-DTL-38999N.pdf,6,1,1,"Continued | Designator | Shell-to-shell; conduct.; (mV) |  |  | Shield; braid-to-; shell; conduct; . (mV) | Salt spray; S=standard,; D=dynamic |  | Hex.; chrom.; det. | Fire; wall | Impact | Hydro.; Stab | Therm.; vac.; outgas | Designator",unreviewed
MIL-DTL-38999N.pdf,6,1,2, |  | spring fingers |  |  |  |  |  |  |  |  |  |  | ,unreviewed
MIL-DTL-38999N.pdf,6,1,3, |  | with |  | w/o | series; III only |  |  |  |  |  |  |  | ,unreviewed
MIL-DTL-38999N.pdf,6,1,4," |  | ser.; I, II | ser.; III, IV | ser.; II, IV |  | hrs. | test |  |  |  |  |  | ",unreviewed
MIL-DTL-38999N.pdf,6,1,5, | A | 2.5 |  | 200 |  | 48 | S |  |  |  |  |  | A,unreviewed
MIL-DTL-38999N.pdf,6,1,6, | B |  |  |  |  | 500 | D |  |  |  |  |  | B,unreviewed
MIL-DTL-38999N.pdf,6,1,7, | C |  |  |  |  |  |  |  |  |  |  |  | C,unreviewed
MIL-DTL-38999N.pdf,6,1,8, | D |  |  |  |  | 48 | S |  |  |  |  |  | D,unreviewed
MIL-DTL-38999N.pdf,6,1,9, | E | 50.0 |  |  |  | 500 | D |  |  |  |  |  | E,unreviewed
MIL-DTL-38999N.pdf,6,1,10, | F | 1.0 | 1.0 |  | 3.5 | 48 | S |  |  |  |  |  | F,unreviewed
MIL-DTL-38999N.pdf,6,1,11, | G |  |  |  |  |  |  |  |  |  |  |  | G,unreviewed
MIL-DTL-38999N.pdf,6,1,12, | H |  | 10.0 |  | 15.0 | 500 | D |  |  |  |  |  | H,unreviewed
MIL-DTL-38999N.pdf,6,1,13, | J |  | 3.0 |  | 6.0 | 2000 | D |  |  |  |  |  | J,unreviewed
MIL-DTL-38999N.pdf,6,1,14, | K |  | 10.0 |  | 15.0 | 500 | D |  |  |  |  |  | K,unreviewed
MIL-DTL-38999N.pdf,6,1,15, | L | 1.0 | 1.0 |  | 3.5 |  |  |  |  |  |  |  | L,unreviewed
MIL-DTL-38999N.pdf,6,1,16, | M |  | 3.0 |  | 6.0 | 2000 | D |  |  |  |  |  | M,unreviewed
MIL-DTL-38999N.pdf,6,1,17, | N | 1.0 | 1.0 |  | 3.5 | 48 | S |  |  |  |  |  | N,unreviewed
MIL-DTL-38999N.pdf,6,1,18, | R |  |  |  |  | 96 | S |  |  |  |  |  | R,unreviewed
MIL-DTL-38999N.pdf,6,1,19, | S |  |  |  |  | 500 | D |  |  |  |  |  | S,unreviewed
MIL-DTL-38999N.pdf,6,1,20, | T | 2.5 | 2.5 |  | 5.0 |  |  |  |  |  |  |  | T,unreviewed
MIL-DTL-38999N.pdf,6,1,21, | U |  |  |  |  | 96 | S |  |  |  |  |  | U,unreviewed
MIL-DTL-38999N.pdf,6,1,22, | V4 |  | 2.5 |  | 5.0 | 500 | D |  |  |  |  |  | V,unreviewed
MIL-DTL-38999N.pdf,6,1,23, | W |  |  |  |  |  |  |  |  |  |  |  | W,unreviewed
MIL-DTL-38999N.pdf,6,1,24, | Y |  | 10.0 |  | 15.0 |  |  |  |  |  |  |  | Y,unreviewed
MIL-DTL-38999N.pdf,6,1,25, | Z |  | 2.5 |  | 5.0 |  |  |  |  |  |  |  | Z,unreviewed
MIL-DTL-38999N.pdf,6,1,26, | AA | 2.5 |  |  |  | 1000 | D |  |  |  |  |  | AA,unreviewed
MIL-DTL-38999N.pdf,6,1,27, | AB |  |  |  |  |  |  |  |  |  |  |  | AB,unreviewed
MIL-DTL-38999N.pdf,17,1,1,Altitude | Service rating M |  | Service rating N |  | Service rating I |  | Service rating II | ,unreviewed
MIL-DTL-38999N.pdf,17,1,2, | Mated | Unmated | Mated | Unmated | Mated | Unmated | Mated | Unmated,unreviewed
MIL-DTL-38999N.pdf,17,1,3,Sea level | 1300 | 1300 | 1000 | 1000 | 1800 | 1800 | 2300 | 2300,unreviewed
MIL-DTL-38999N.pdf,17,1,4,"50,000 feet | 800 | 550 | 600 | 400 | 1000 | 600 | 1000 | 800",unreviewed
MIL-DTL-38999N.pdf,17,1,5,"70,000 feet | 800 | 350 | 600 | 260 | 1000 | 400 | 1000 | 500",unreviewed
MIL-DTL-38999N.pdf,17,1,6,"100,000 feet | 800 | 200 | 600 | 200 | 1000 | 200 | 1000 | 200",unreviewed
MIL-DTL-38999N.pdf,18,1,1,Contact size; (mating end) | Wire barrel; size | Wire size (AWG) | Finished wire outside dimensions |  |  | ,unreviewed
MIL-DTL-38999N.pdf,18,1,2, |  |  | minimum |  | maximum | ,unreviewed
MIL-DTL-38999N.pdf,18,1,3, |  |  | Inches | mm | Inches | mm,unreviewed
MIL-DTL-38999N.pdf,18,1,4,"23 | 22 | 26, 24, 22 | .030 | 0.76 | .050 | 1.27",unreviewed
MIL-DTL-38999N.pdf,18,1,5,"22 | 22D | 28, 26, 24, 22 | .030 | 0.76 | .054 | 1.37",unreviewed
MIL-DTL-38999N.pdf,18,1,6,"22 | 22M 1/ | 28, 26, 24 | .030 | 0.76 | .050 | 1.27",unreviewed
MIL-DTL-38999N.pdf,18,1,7,"22 | 22 1/ | 26, 24, 22 | .034 | 0.86 | .060 | 1.52",unreviewed
MIL-DTL-38999N.pdf,18,1,8,"20 | 20 | 24, 22, 20 | .040 | 1.02 | .083 | 2.11",unreviewed
MIL-DTL-38999N.pdf,18,1,9,"16 | 16 | 20, 18, 16 | .065 | 1.65 | .109 | 2.77",unreviewed
MIL-DTL-38999N.pdf,18,1,10,"12 | 12 | 14, 12 | .097 | 2.46 | .142 | 3.61",unreviewed
MIL-DTL-38999N.pdf,18,1,11,10 | 10 | 10 | .135 | 3.43 | .162 | 4.12,unreviewed
MIL-DTL-38999N.pdf,18,1,12,8 coax | N/A | M17/95-RG180 2/ 3/ | .135 | 3.43 | .155 | 3.94,unreviewed
MIL-DTL-38999N.pdf,18,1,13,8 twinax | N/A | M17/176-00002 2/ 3/ | .124 | 3.15 | .134 | 3.40,unreviewed
MIL-DTL-38999N.pdf,21,1,1,Contact size; (mating end) | Wire barrel; size | Installing and removal forces (maximum) | ,unreviewed
MIL-DTL-38999N.pdf,21,1,2, |  | Pounds | Newtons,unreviewed
MIL-DTL-38999N.pdf,21,1,3,23 | 22 | 10 | 44,unreviewed
MIL-DTL-38999N.pdf,21,1,4,22 | 22D | 10 | 44,unreviewed
MIL-DTL-38999N.pdf,21,1,5,22 | 22M 1/ | 10 | 44,unreviewed
MIL-DTL-38999N.pdf,21,1,6,22 | 22 1/ | 10 | 44,unreviewed
MIL-DTL-38999N.pdf,21,1,7,20 | 20 | 20 | 89,unreviewed
MIL-DTL-38999N.pdf,21,1,8,16 | 16 | 20 | 89,unreviewed
MIL-DTL-38999N.pdf,21,1,9,12 | 12 | 30 | 133,unreviewed
MIL-DTL-38999N.pdf,21,1,10,10 | 10 | 35 | 156,unreviewed
MIL-DTL-38999N.pdf,21,1,11,8; (twinax or coax) | N/A | 35 | 156,unreviewed
MIL-DTL-38999N.pdf,22,1,1,Shell; size | Maximum engagement and disengagement |  | Minimum disengagement | ,unreviewed
MIL-DTL-38999N.pdf,22,1,2, | Pound inch | Newton meters | Pound inch | Newton meters,unreviewed
MIL-DTL-38999N.pdf,22,1,3,8 | 8 | 0.9 | 2 | 0.2,unreviewed
MIL-DTL-38999N.pdf,22,1,4,9 | 8 | 0.9 | 2 | 0.2,unreviewed
MIL-DTL-38999N.pdf,22,1,5,10 | 12 | 1.4 | 2 | 0.2,unreviewed
MIL-DTL-38999N.pdf,22,1,6,11 | 12 | 1.4 | 2 | 0.2,unreviewed
MIL-DTL-38999N.pdf,22,1,7,12 | 16 | 1.8 | 2 | 0.2,unreviewed
MIL-DTL-38999N.pdf,22,1,8,13 | 16 | 1.8 | 2 | 0.2,unreviewed
MIL-DTL-38999N.pdf,22,1,9,14 | 20 | 2.3 | 4 | 0.4,unreviewed
MIL-DTL-38999N.pdf,22,1,10,15 | 20 | 2.3 | 3 | 0.3,unreviewed
MIL-DTL-38999N.pdf,22,1,11,16 | 24 | 2.7 | 4 | 0.4,unreviewed
MIL-DTL-38999N.pdf,22,1,12,17 | 24 | 2.7 | 3 | 0.3,unreviewed
MIL-DTL-38999N.pdf,22,1,13,18 | 28 | 3.2 | 5 | 0.6,unreviewed
MIL-DTL-38999N.pdf,22,1,14,19 | 28 | 3.2 | 3 | 0.3,unreviewed
MIL-DTL-38999N.pdf,22,1,15,20 | 32 | 3.6 | 6 | 0.7,unreviewed
MIL-DTL-38999N.pdf,22,1,16,21 | 32 | 3.6 | 5 | 0.6,unreviewed
MIL-DTL-38999N.pdf,22,1,17,22 | 36 | 4.1 | 7 | 0.8,unreviewed
MIL-DTL-38999N.pdf,22,1,18,23 | 36 | 4.1 | 5 | 0.6,unreviewed
MIL-DTL-38999N.pdf,22,1,19,24 | 36 | 4.1 | 7 | 0.8,unreviewed
MIL-DTL-38999N.pdf,22,1,20,25 | 40 | 4.6 | 5 | 0.6,unreviewed
MIL-DTL-38999N.pdf,22,2,1,"Shell; size | Axial force for series I, II, and III |  |  |  | Axial force for series IV |  |  | ",unreviewed
MIL-DTL-38999N.pdf,22,2,2, | Maximum |  | Minimum |  | Maximum |  | Minimum | ,unreviewed
MIL-DTL-38999N.pdf,22,2,3, | Pounds | Newtons | Pounds | Newtons | Pounds | Newtons | Pounds | Newtons,unreviewed
MIL-DTL-38999N.pdf,22,2,4,8/9 | 25 | 111 | 0.5 | 2 | - | - | - | -,unreviewed
MIL-DTL-38999N.pdf,22,2,5,10/11 | 25 | 111 | 0.5 | 2 | 5 | 22.3 | 0.3 | 1.3,unreviewed
MIL-DTL-38999N.pdf,22,2,6,12/13 | 30 | 133 | 0.5 | 2 | 5 | 22.3 | 0.3 | 1.3,unreviewed
MIL-DTL-38999N.pdf,22,2,7,14/15 | 30 | 133 | 0.5 | 2 | 6 | 26.7 | 0.4 | 1.8,unreviewed
MIL-DTL-38999N.pdf,22,2,8,16/17 | 35 | 156 | 0.5 | 2 | 7 | 31.1 | 0.4 | 1.8,unreviewed
MIL-DTL-38999N.pdf,22,2,9,18/19 | 35 | 156 | 0.5 | 2 | 8 | 35.6 | 0.5 | 2.2,unreviewed
MIL-DTL-38999N.pdf,22,2,10,20/21 | 35 | 156 | 0.5 | 2 | 9 | 40.0 | 0.5 | 2.2,unreviewed
MIL-DTL-38999N.pdf,22,2,11,22/23 | 35 | 156 | 0.5 | 2 | 10 | 44.5 | 0.5 | 2.2,unreviewed
MIL-DTL-38999N.pdf,22,2,12,24/25 | 35 | 156 | 0.5 | 2 | 10 | 44.5 | 0.5 | 2.2,unreviewed
MIL-DTL-38999N.pdf,24,1,1,Class | Contact; size | Wire; size | Test; amperes | Millivolt drop maximum | ,unreviewed
MIL-DTL-38999N.pdf,24,1,2, |  |  |  | Initial | After conditioning; (see table XIII),unreviewed
MIL-DTL-38999N.pdf,24,1,3,"H, N; and; Y | 12 | 12 | 17 | 85 | 100",unreviewed
MIL-DTL-38999N.pdf,24,1,4, | 16 | 16 | 10 | 85 | 100,unreviewed
MIL-DTL-38999N.pdf,24,1,5, | 20 | 20 | 5 | 60 | 75,unreviewed
MIL-DTL-38999N.pdf,24,1,6, | 22D | 22 | 3 | 85 | 95,unreviewed
MIL-DTL-38999N.pdf,24,1,7, | 23-22 | 22 | 3 | 85 | 95,unreviewed
MIL-DTL-38999N.pdf,25,1,1, |  |  |  |  |  |  | ,unreviewed
MIL-DTL-38999N.pdf,25,1,2,Shell; size | Accessory thread torque |  |  | Shell; size | Accessory thread torque |  | ,unreviewed
MIL-DTL-38999N.pdf,25,1,3, | Series II | Series I | Series III and IV |  | Series II | Series I | Series III and IV,unreviewed
MIL-DTL-38999N.pdf,25,1,4, | Inch-; pounds | Inch-; pounds | Newton-meters |  | Inch-; pounds | Inch-; pounds | Newton-meters,unreviewed
MIL-DTL-38999N.pdf,25,1,5,8 | 50 ± 5 |  |  | 17 |  | 200 ± 20 | 22.6 ± 2.3,unreviewed
MIL-DTL-38999N.pdf,25,1,6,9 |  | 100 ± 10 | 11.3 ± 1.1 | 18 | 50 ± 5 |  | ,unreviewed
MIL-DTL-38999N.pdf,25,1,7,10 | 50 ± 5 |  |  | 19 |  | 200 ± 20 | 22.6 ± 2.3,unreviewed
MIL-DTL-38999N.pdf,25,1,8,11 |  | 100 ± 10 | 11.3 ± 1.1 | 20 | 100 ± 10 |  | ,unreviewed
MIL-DTL-38999N.pdf,25,1,9,12 | 50 ± 5 |  |  | 21 |  | 250 ± 25 | 28.3 ± 2.8,unreviewed
MIL-DTL-38999N.pdf,25,1,10,13 |  | 150 ± 15 | 17.0 ± 1.7 | 22 | 100 ± 10 |  | ,unreviewed
MIL-DTL-38999N.pdf,25,1,11,14 | 50 ± 5 |  |  | 23 |  | 250 ± 25 | 28.3 ± 2.8,unreviewed
MIL-DTL-38999N.pdf,25,1,12,15 |  | 150 ± 15 | 17.0 ± 1.7 | 24 | 100 ± 10 |  | ,unreviewed
MIL-DTL-38999N.pdf,25,1,13,16 | 50 ± 5 |  |  | 25 |  | 250 ± 25 | 28.3 ± 2.8,unreviewed
MIL-DTL-38999N.pdf,26,1,1,Frequency; MHz | Leakage attenuation (dB) minimum |  |  |  | ,unreviewed
MIL-DTL-38999N.pdf,26,1,2, | Series II | Series III and IV |  |  | Series I,unreviewed
MIL-DTL-38999N.pdf,26,1,3," | Finishes; B, F, N, R, T,; V, Z, AA, and; AB | Classes; H, K, and Y | Classes; F, G, L, N, M, R; and S | Classes; J, T, V, W, X,; Z, AA, and AB | Finishes; B, F, N, R, V, T, Z,; AA, and AB",unreviewed
MIL-DTL-38999N.pdf,26,1,4,100 | 65 | 80 | 90 | 90 | 90,unreviewed
MIL-DTL-38999N.pdf,26,1,5,200 | 60 | 75 | 88 | 88 | 88,unreviewed
MIL-DTL-38999N.pdf,26,1,6,300 | 55 | 73 | 88 | 88 | 88,unreviewed
MIL-DTL-38999N.pdf,26,1,7,400 | 55 | 71 | 87 | 87 | 87,unreviewed
MIL-DTL-38999N.pdf,26,1,8,800 | 45 | 66 | 85 | 85 | 85,unreviewed
MIL-DTL-38999N.pdf,26,1,9,"1,000 | 45 | 65 | 85 | 85 | 85",unreviewed
MIL-DTL-38999N.pdf,26,1,10,"1,500 | --- | 59 | 76 | 69 | 69",unreviewed
MIL-DTL-38999N.pdf,26,1,11,"2,000 | --- | 55 | 70 | 65 | 65",unreviewed
MIL-DTL-38999N.pdf,26,1,12,"3,000 | --- | 52 | 69 | 61 | 61",unreviewed
MIL-DTL-38999N.pdf,26,1,13,"4,000 | --- | 50 | 68 | 58 | 58",unreviewed
MIL-DTL-38999N.pdf,26,1,14,"6,000 | --- | 48 | 66 | 55 | 55",unreviewed
MIL-DTL-38999N.pdf,26,1,15,"10,000 | --- | 45 | 65 | 50 | 50",unreviewed
MIL-DTL-38999N.pdf,27,1,1,Contact size; (mating end) | Wire barrel size | Total displacement |  | Force | ,unreviewed
MIL-DTL-38999N.pdf,27,1,2, |  | Inch | mm | Pounds | Newtons,unreviewed
MIL-DTL-38999N.pdf,27,1,3,23 | 22 | .025 | 0.64 | .25 | 1.1,unreviewed
MIL-DTL-38999N.pdf,27,1,4,"22 | 22D,; 22 1/, and 22M 1/ | .030 | 0.76 | .28 | 1.2",unreviewed
MIL-DTL-38999N.pdf,27,1,5,20 | 20 | .054 | 1.37 | .55 | 2.4,unreviewed
MIL-DTL-38999N.pdf,27,1,6,16 | 16 | .075 | 1.91 | 1.10 | 4.9,unreviewed
MIL-DTL-38999N.pdf,27,1,7,12 | 12 | .075 | 1.91 | 1.10 | 4.9,unreviewed
MIL-DTL-38999N.pdf,27,1,8,10 | 10 | .1 | 2.54 | 2.18 | 9.7,unreviewed
MIL-DTL-38999N.pdf,27,1,9,8 twinax or coax | N/A | .1 | 2.54 | 2.18 | 9.7,unreviewed
MIL-DTL-38999N.pdf,34,1,1,Contact size; (mating end) | Wire barrel size | Example of wire to; accomplish maximum; diameter | Example of wire to accomplish; minimum diameter,unreviewed
MIL-DTL-38999N.pdf,34,1,2,"23 | -22 | M22759/9 or /20 -24; M22759/10 or /21 -24 | M22759/18, /19, /32, /33 -26; M22759/44, /45, /46 -26",unreviewed
MIL-DTL-38999N.pdf,34,1,3,"22 | -22D,; -22M 1/, 2/; and; -22 1/, 2/ |  | ",unreviewed
MIL-DTL-38999N.pdf,34,1,4,"20 | -20 | M22759/7 -20; M22759/8 -20 | M22759/18, /19, /32, /33 -22; M22759/44, /45, /46 -22; M22759/11, /12, /13, /14 -24; M22759/22, /23",unreviewed
MIL-DTL-38999N.pdf,34,1,5,"16 | -16 | M22759/3, /4, -16; /7, or /8 | M22759/18, /19, /32, -16; M22759/44, /45",unreviewed
MIL-DTL-38999N.pdf,34,1,6,12 | -12 | M22759/7 -12; M22759/8 -12 | M81381/7 or /8 -12; M81381/11 or /12,unreviewed
MIL-DTL-38999N.pdf,34,1,7,10 | -10 | M22759/7 -10; M22759/8 -10 | M22759/11 -10,unreviewed
MIL-DTL-38999N.pdf,34,1,8,8 coax | N/A | M17/95-RG180 | M17/95-RG180,unreviewed
MIL-DTL-38999N.pdf,34,1,9,8 twinax | N/A | M17/176-00002 | M17/176-00002,unreviewed
MIL-DTL-38999N.pdf,37,1,1,Inspection | Requirement; paragraph | Test; paragraph,unreviewed
MIL-DTL-38999N.pdf,37,1,2,Group 1; (all classes and finishes) |  | ,unreviewed
MIL-DTL-38999N.pdf,37,1,3,"Visual and mechanical examination | 3.1, 3.3, 3.4,; 3.5, 3.52 and 3.53 | 4.5.1",unreviewed
MIL-DTL-38999N.pdf,37,1,4,Magnetic permeability (except finish D of series I and II) | 3.3.4 | 4.5.48,unreviewed
MIL-DTL-38999N.pdf,37,1,5,Maintenance aging (except hermetics) | 3.6 | 4.5.2,unreviewed
MIL-DTL-38999N.pdf,37,1,6,Thermal shock (hermetics only) | 3.7 | 4.5.3,unreviewed
MIL-DTL-38999N.pdf,37,1,7,Temperature cycling (except hermetics) | 3.8 | 4.5.4,unreviewed
MIL-DTL-38999N.pdf,37,1,8,Air leakage (hermetics only) | 3.10 | 4.5.6,unreviewed
MIL-DTL-38999N.pdf,37,1,9,Coupling and uncoupling torque | 3.11 | 4.5.7,unreviewed
MIL-DTL-38999N.pdf,37,1,10,Durability | 3.12 | 4.5.8,unreviewed
MIL-DTL-38999N.pdf,37,1,11,Attitude immersion (except hermetics) 1/ | 3.13 | 4.5.9,unreviewed
MIL-DTL-38999N.pdf,37,1,12,Insulation resistance at ambient temperature | 3.14.1 | 4.5.10.1,unreviewed
MIL-DTL-38999N.pdf,37,1,13,Dielectric withstanding voltage at sea level | 3.15 | 4.5.11.1,unreviewed
MIL-DTL-38999N.pdf,37,1,14,Insert retention | 3.16 | 4.5.12,unreviewed
MIL-DTL-38999N.pdf,37,1,15,Shell-to-shell conductivity | 3.29 | 4.5.25,unreviewed
MIL-DTL-38999N.pdf,37,1,16,Salt spray (corrosion) | 3.17 | 4.5.13.1,unreviewed
MIL-DTL-38999N.pdf,37,1,17,Coupling and uncoupling torque | 3.11 | 4.5.7,unreviewed
MIL-DTL-38999N.pdf,38,1,1,Inspection | Requirement; paragraph | Test; paragraph,unreviewed
MIL-DTL-38999N.pdf,38,1,2,Group 1; (all classes and finishes) |  | ,unreviewed
MIL-DTL-38999N.pdf,38,1,3,Shell-to-shell conductivity | 3.29 | 4.5.25,unreviewed
MIL-DTL-38999N.pdf,38,1,4,Contact resistance | 3.18.2 | 4.5.14.2,unreviewed
MIL-DTL-38999N.pdf,38,1,5,Electrical engagement | 3.19 | 4.5.15,unreviewed
MIL-DTL-38999N.pdf,38,1,6,External bending moment | 3.20 | 4.5.16,unreviewed
MIL-DTL-38999N.pdf,38,1,7,Bayonet coupling pin strength (series I and II only) | 3.21 | 4.5.17,unreviewed
MIL-DTL-38999N.pdf,38,1,8,Post test examination | 3.52 and 3.53 | 4.5.49,unreviewed
MIL-DTL-38999N.pdf,38,1,9,Group 2; (all classes except hermetics) |  | ,unreviewed
MIL-DTL-38999N.pdf,38,1,10,"Visual and mechanical examination | 3.1, 3.3, 3.4, 3.5,; 3.52 and 3.53 | 4.5.1",unreviewed
MIL-DTL-38999N.pdf,38,1,11,Gauge location | 3.22 | 4.5.18,unreviewed
MIL-DTL-38999N.pdf,38,1,12,Gauge retention | 3.23 | 4.5.19,unreviewed
MIL-DTL-38999N.pdf,38,1,13,Maintenance aging | 3.6 | 4.5.2,unreviewed
MIL-DTL-38999N.pdf,38,1,14,Contact retention | 3.24 | 4.5.20.1,unreviewed
MIL-DTL-38999N.pdf,38,1,15,Altitude-low temperature | 3.25 | 4.5.21,unreviewed
MIL-DTL-38999N.pdf,38,1,16,Insulation resistance at ambient temperature | 3.14.1 | 4.5.10.1,unreviewed
MIL-DTL-38999N.pdf,38,1,17,Dielectric withstanding voltage at sea level | 3.15 | 4.5.11.1,unreviewed
MIL-DTL-38999N.pdf,38,1,18,Temperature cycling | 3.8 | 4.5.4,unreviewed
MIL-DTL-38999N.pdf,38,1,19,Coupling and uncoupling torque | 3.11 | 4.5.7,unreviewed
MIL-DTL-38999N.pdf,38,1,20,Insulation resistance at elevated temperature | 3.14.2 | 4.5.10.2,unreviewed
MIL-DTL-38999N.pdf,38,1,21,Dielectric withstanding voltage at sea level | 3.15 | 4.5.11.1,unreviewed
MIL-DTL-38999N.pdf,38,1,22,Dielectric withstanding voltage at altitude 1/ | 3.15 | 4.5.11.2,unreviewed
MIL-DTL-38999N.pdf,38,1,23,Durability | 3.12 | 4.5.8,unreviewed
MIL-DTL-38999N.pdf,38,1,24,Accessory thread strength | 3.26 | 4.5.22,unreviewed
MIL-DTL-38999N.pdf,38,1,25,Vibration 5/ | 3.27 | 4.5.23,unreviewed
MIL-DTL-38999N.pdf,38,1,26,Shock | 3.28 | 4.5.24.1,unreviewed
MIL-DTL-38999N.pdf,38,1,27,Shell-to-shell conductivity (except finish C and class C) | 3.29 | 4.5.25,unreviewed
MIL-DTL-38999N.pdf,38,1,28,High temperature exposure (series III) 1/ | 3.38.2 | 4.5.34.2,unreviewed
MIL-DTL-38999N.pdf,39,1,1,Inspection | Requirement; paragraph | Test; paragraph,unreviewed
MIL-DTL-38999N.pdf,39,1,2,Group 2; (all classes except hermetics) |  | ,unreviewed
MIL-DTL-38999N.pdf,39,1,3,Humidity | 3.30 | 4.5.26,unreviewed
MIL-DTL-38999N.pdf,39,1,4,Insulation resistance at ambient temperature | 3.14.1 | 4.5.10.1,unreviewed
MIL-DTL-38999N.pdf,39,1,5,Dielectric withstanding voltage at sea level | 3.15 | 4.5.11.1,unreviewed
MIL-DTL-38999N.pdf,39,1,6,Contact retention | 3.24 | 4.5.20.1,unreviewed
MIL-DTL-38999N.pdf,39,1,7,Post test examination | 3.52 and 3.53 | 4.5.49,unreviewed
MIL-DTL-38999N.pdf,39,1,8,Group 3; (hermetic receptacles) |  | ,unreviewed
MIL-DTL-38999N.pdf,39,1,9,"Visual and mechanical examination | 3.1, 3.3, 3.4, 3.5,; 3.52 and 3.53 | 4.5.1",unreviewed
MIL-DTL-38999N.pdf,39,1,10,Thermal shock | 3.7 | 4.5.3,unreviewed
MIL-DTL-38999N.pdf,39,1,11,Air leakage | 3.10 | 4.5.6,unreviewed
MIL-DTL-38999N.pdf,39,1,12,Insulation resistance at elevated temperature | 3.14.2 | 4.5.10.2,unreviewed
MIL-DTL-38999N.pdf,39,1,13,Durability | 3.12 | 4.5.8,unreviewed
MIL-DTL-38999N.pdf,39,1,14,Coupling and uncoupling torque | 3.11 | 4.5.7,unreviewed
MIL-DTL-38999N.pdf,39,1,15,Contact resistance | 3.18.2 | 4.5.14.2,unreviewed
MIL-DTL-38999N.pdf,39,1,16,Vibration 5/ | 3.27 | 4.5.23,unreviewed
MIL-DTL-38999N.pdf,39,1,17,Contact resistance | 3.18.2 | 4.5.14.2,unreviewed
MIL-DTL-38999N.pdf,39,1,18,Shock | 3.28 | 4.5.24.1,unreviewed
MIL-DTL-38999N.pdf,39,1,19,Insulation resistance at ambient temperature | 3.14.1 | 4.5.10.1,unreviewed
MIL-DTL-38999N.pdf,39,1,20,Dielectric withstanding voltage at sea level | 3.15 | 4.5.11.1,unreviewed
MIL-DTL-38999N.pdf,39,1,21,Humidity | 3.30 | 4.5.26,unreviewed
MIL-DTL-38999N.pdf,39,1,22,Insulation resistance at ambient temperature | 3.14.1 | 4.5.10.1,unreviewed
MIL-DTL-38999N.pdf,39,1,23,Dielectric withstanding voltage at sea level | 3.15 | 4.5.11.1,unreviewed
MIL-DTL-38999N.pdf,39,1,24,Post test examination | 3.52 and 3.53 | 4.5.49,unreviewed
MIL-DTL-38999N.pdf,40,1,1,Inspection | Requirement; paragraph | Test; paragraph,unreviewed
MIL-DTL-38999N.pdf,40,1,2,Group 4; (shells with spring fingers) |  | ,unreviewed
MIL-DTL-38999N.pdf,40,1,3,"Visual and mechanical examination | 3.1, 3.3, 3.4, 3.5,; 3.52 and 3.53 | 4.5.1",unreviewed
MIL-DTL-38999N.pdf,40,1,4,"Durability (series I, III, and IV) (except classes J and M) | 3.12 | 4.5.8",unreviewed
MIL-DTL-38999N.pdf,40,1,5,Shell spring finger forces | 3.31 | 4.5.27,unreviewed
MIL-DTL-38999N.pdf,40,1,6,Shell-to-shell conductivity | 3.29 | 4.5.25,unreviewed
MIL-DTL-38999N.pdf,40,1,7,EMI shielding (except finish C and class C) | 3.32 | 4.5.28,unreviewed
MIL-DTL-38999N.pdf,40,1,8,Post test examination | 3.52 and 3.53 | 4.5.49,unreviewed
MIL-DTL-38999N.pdf,40,1,9,Group 5; (dielectric) |  | ,unreviewed
MIL-DTL-38999N.pdf,40,1,10,"Visual and mechanical examination | 3.1, 3.3, 3.4, 3.5,; 3.52 and 3.53 | 4.5.1",unreviewed
MIL-DTL-38999N.pdf,40,1,11,Ozone exposure | 3.33 | 4.5.29,unreviewed
MIL-DTL-38999N.pdf,40,1,12,Insulation resistance at ambient temperature | 3.14.1 | 4.5.10.1,unreviewed
MIL-DTL-38999N.pdf,40,1,13,Dielectric withstanding voltage at sea level | 3.15 | 4.5.11.1,unreviewed
MIL-DTL-38999N.pdf,40,1,14,Fluid immersion 1/ | 3.34 | 4.5.30,unreviewed
MIL-DTL-38999N.pdf,40,1,15,Dielectric withstanding voltage at sea level | 3.15 | 4.5.11.1,unreviewed
MIL-DTL-38999N.pdf,40,1,16,Coupling and uncoupling torque | 3.11 | 4.5.7,unreviewed
MIL-DTL-38999N.pdf,40,1,17,Post test examination | 3.52 and 3.53 | 4.5.49,unreviewed
MIL-DTL-38999N.pdf,40,1,18,Group 6; (retention system) |  | ,unreviewed
MIL-DTL-38999N.pdf,40,1,19,"Visual and mechanical examination | 3.1, 3.3, 3.4, 3.5,; 3.52 and 3.53 | 4.5.1",unreviewed
MIL-DTL-38999N.pdf,40,1,20,Retention system fluid immersion | 3.34.1 | 4.5.30.1,unreviewed
MIL-DTL-38999N.pdf,40,1,21,Contact retention | 3.24 | 4.5.20,unreviewed
MIL-DTL-38999N.pdf,40,1,22,Post test examination | 3.52 and 3.53 | 4.5.49,unreviewed
MIL-DTL-38999N.pdf,41,1,1,Inspection | Requirement; paragraph | Test; paragraph,unreviewed
MIL-DTL-38999N.pdf,41,1,2,Group 7; (retention system) |  | ,unreviewed
MIL-DTL-38999N.pdf,41,1,3,"Visual and mechanical examination | 3.1, 3.3, 3.4, 3.5,; 3.52 and 3.53 | 4.5.1",unreviewed
MIL-DTL-38999N.pdf,41,1,4,Pin contact stability | 3.35 | 4.5.31,unreviewed
MIL-DTL-38999N.pdf,41,1,5,Contact walkout | 3.36 | 4.5.32,unreviewed
MIL-DTL-38999N.pdf,41,1,6,Installing/removal tool abuse | 3.37 | 4.5.33,unreviewed
MIL-DTL-38999N.pdf,41,1,7,High temperature exposure with contact loading | 3.38.1 | 4.5.34.1,unreviewed
MIL-DTL-38999N.pdf,41,1,8,Insert retention | 3.16 | 4.5.12,unreviewed
MIL-DTL-38999N.pdf,41,1,9,Post test examination | 3.52 and 3.53 | 4.5.49,unreviewed
MIL-DTL-38999N.pdf,41,1,10,Group 8; (hermetic receptacles mated with crimp counterparts) |  | ,unreviewed
MIL-DTL-38999N.pdf,41,1,11,"Visual and mechanical examination | 3.1, 3.3, 3.4, 3.5,; 3.52 and 3.53 | 4.5.1",unreviewed
MIL-DTL-38999N.pdf,41,1,12,Contact resistance | 3.18.2 | 4.5.14.2,unreviewed
MIL-DTL-38999N.pdf,41,1,13,Contact engagement and separating force | 3.42 | 4.5.38,unreviewed
MIL-DTL-38999N.pdf,41,1,14,Resistance to probe damage | 3.43 | 4.5.39,unreviewed
MIL-DTL-38999N.pdf,41,1,15,Contact engagement and separating force | 3.42 | 4.5.38,unreviewed
MIL-DTL-38999N.pdf,41,1,16,Contact plating thickness (hermetic) | 3.41 | 4.5.37,unreviewed
MIL-DTL-38999N.pdf,41,1,17,Post test examination | 3.52 and 3.53 | 4.5.49,unreviewed
MIL-DTL-38999N.pdf,42,1,1,Inspection | Requirement; paragraph | Test; paragraph,unreviewed
MIL-DTL-38999N.pdf,42,1,2,"Group 9; (series I and II – finishes B, C, E, L, N, T, V, Z, AA, AB); (series III and IV – classes C, F, G, H, J, K, L, M, N, R, S, T, U,; V, W, Y, Z, AA, AB) |  | ",unreviewed
MIL-DTL-38999N.pdf,42,1,3,"Visual and mechanical examination | 3.1, 3.3, 3.4, 3.5,; 3.52 and 3.53 | 4.5.1",unreviewed
MIL-DTL-38999N.pdf,42,1,4,"Shock (high impact) (series I, III, and IV only) | 3.28 | 4.5.24.2",unreviewed
MIL-DTL-38999N.pdf,42,1,5,Dielectric withstanding voltage (at sea level) | 3.15 | 4.5.11.1,unreviewed
MIL-DTL-38999N.pdf,42,1,6,Electrolytic erosion (series III and IV) | 3.39 | 4.5.35,unreviewed
MIL-DTL-38999N.pdf,42,1,7,Shell-to-shell conductivity | 3.29 | 4.5.25,unreviewed
MIL-DTL-38999N.pdf,42,1,8,Temperature cycling (except hermetics) | 3.8 | 4.5.4,unreviewed
MIL-DTL-38999N.pdf,42,1,9,Salt spray (corrosion) | 3.17 | 4.5.13.2,unreviewed
MIL-DTL-38999N.pdf,42,1,10,Coupling and uncoupling torque | 3.11 | 4.5.7,unreviewed
MIL-DTL-38999N.pdf,42,1,11,Shell-to-shell conductivity | 3.29 | 4.5.25,unreviewed
MIL-DTL-38999N.pdf,42,1,12,Bayonet coupling pin strength (series I and II only) | 3.21 | 4.5.17,unreviewed
MIL-DTL-38999N.pdf,42,1,13,Post test examination | 3.52 and 3.53 | 4.5.49,unreviewed
MIL-DTL-38999N.pdf,42,1,14,Group 10 3/; (firewall – classes K and S) |  | ,unreviewed
MIL-DTL-38999N.pdf,42,1,15,"Visual and mechanical examination | 3.1, 3.3, 3.4, 3.5,; 3.52 and 3.53 | 4.5.1",unreviewed
MIL-DTL-38999N.pdf,42,1,16,Firewall | 3.40 | 4.5.36,unreviewed
MIL-DTL-38999N.pdf,42,1,17,Post test examination | 3.52 and 3.53 | 4.5.49,unreviewed
MIL-DTL-38999N.pdf,43,1,1,Inspection | Requirement; paragraph | Test; paragraph,unreviewed
MIL-DTL-38999N.pdf,43,1,2,"Group 11; (series I, III and IV) |  | ",unreviewed
MIL-DTL-38999N.pdf,43,1,3,"Visual and mechanical examination | 3.1, 3.3, 3.4, 3.5,; 3.52 and 3.53 | 4.5.1",unreviewed
MIL-DTL-38999N.pdf,43,1,4,Ice resistance | 3.44 | 4.5.40,unreviewed
MIL-DTL-38999N.pdf,43,1,5,Dust (fine sand) | 3.45 | 4.5.41,unreviewed
MIL-DTL-38999N.pdf,43,1,6,Impact | 3.49 | 4.5.45,unreviewed
MIL-DTL-38999N.pdf,43,1,7,Post test examination | 3.52 and 3.53 | 4.5.49,unreviewed
MIL-DTL-38999N.pdf,43,1,8,"Group 12; (series I, II, III, and IV) |  | ",unreviewed
MIL-DTL-38999N.pdf,43,1,9,"Visual and mechanical examination | 3.1, 3.3, 3.4, 3.5,; 3.52 and 3.53 | 4.5.1",unreviewed
MIL-DTL-38999N.pdf,43,1,10,Cavity leakage 2/ | 3.48 | 4.5.44,unreviewed
MIL-DTL-38999N.pdf,43,1,11,Insert bond strength 2/ | 3.50 | 4.5.46,unreviewed
MIL-DTL-38999N.pdf,43,1,12,Thermal vacuum outgassing 1/ 2/ | 3.46 | 4.5.42,unreviewed
MIL-DTL-38999N.pdf,43,1,13,Post test examination | 3.52 and 3.53 | 4.5.49,unreviewed
MIL-DTL-38999N.pdf,43,1,14,Group 13; (classes J and M) |  | ,unreviewed
MIL-DTL-38999N.pdf,43,1,15,"Visual and mechanical examination | 3.1, 3.3, 3.4, 3.5,; 3.52 and 3.53 | 4.5.1",unreviewed
MIL-DTL-38999N.pdf,43,1,16,Hydrolytic stability | 3.47 | 4.5.43,unreviewed
MIL-DTL-38999N.pdf,43,1,17,Post test examination | 3.52 and 3.53 | 4.5.49,unreviewed
MIL-DTL-38999N.pdf,44,1,1,Inspection | Requirement; paragraph | Test; paragraph,unreviewed
MIL-DTL-38999N.pdf,44,1,2,Group 14 1/ 4/; (series III only) |  | ,unreviewed
MIL-DTL-38999N.pdf,44,1,3,"Visual and mechanical examination | 3.1, 3.3, 3.4, 3.5,; 3.52 and 3.53 | 4.5.1",unreviewed
MIL-DTL-38999N.pdf,44,1,4,Coupling and uncoupling torque | 3.11 | 4.5.7,unreviewed
MIL-DTL-38999N.pdf,44,1,5,Shield braid-to-shell conductivity | 3.29.1 | 4.5.25.1,unreviewed
MIL-DTL-38999N.pdf,44,1,6,Resistance to indirect lightning strike | 3.51 | 4.5.47,unreviewed
MIL-DTL-38999N.pdf,44,1,7,Shield braid-to-shell conductivity | 3.29.1 | 4.5.25.1,unreviewed
MIL-DTL-38999N.pdf,44,1,8,Coupling and uncoupling torque | 3.11 | 4.5.7,unreviewed
MIL-DTL-38999N.pdf,44,1,9,Insulation resistance | 3.14.1 | 4.5.10.1,unreviewed
MIL-DTL-38999N.pdf,44,1,10,Dielectric withstanding voltage | 3.15 | 4.5.11.1,unreviewed
MIL-DTL-38999N.pdf,44,1,11,Post test examination | 3.52 and 3.53 | 4.5.49,unreviewed
MIL-DTL-38999N.pdf,44,1,12,Group 15 |  | ,unreviewed
MIL-DTL-38999N.pdf,44,1,13,Hexavalent chromium detection. | 3.56 | 4.5.50,unreviewed
MIL-DTL-38999N.pdf,45,1,1,Inspection | Requirement; paragraph | Test; paragraph,unreviewed
MIL-DTL-38999N.pdf,45,1,2,"Visual inspection 2/ 3/ | 3.1, 3.3, 3.4, 3.5,; 3.52 and 3.53 | 4.4.1.1.1",unreviewed
MIL-DTL-38999N.pdf,45,1,3,Critical examination 2/ 3/ | 3.1 | 4.4.1.1.2,unreviewed
MIL-DTL-38999N.pdf,45,1,4,Insulation resistance at ambient temperature 2/ 3/ 4/ | 3.14.1 | 4.5.10.1,unreviewed
MIL-DTL-38999N.pdf,45,1,5,Dielectric withstanding voltage at sea level 2/ 3/ 4/ | 3.15 | 4.5.11.1,unreviewed
MIL-DTL-38999N.pdf,45,1,6,Air leakage (hermetics only) 2/ 3/ | 3.10 | 4.5.6,unreviewed
MIL-DTL-38999N.pdf,45,2,1,Inspection | Requirement; paragraph | Test; paragraph | Number of; samples,unreviewed
MIL-DTL-38999N.pdf,45,2,2,Plating adhesion; (classes J and M) 1/ 2/ 3/ | 3.9 | 4.5.5 | As; specified in; table XVI,unreviewed
MIL-DTL-38999N.pdf,45,2,3,Contact engaging and separating forces; (hermetic receptacles with sockets only) 1/ | 3.42 | 4.5.38 | ,unreviewed
MIL-DTL-38999N.pdf,45,2,4,Shell spring finger forces; (plugs with spring fingers only) 1/ 2/ 3/ | 3.31 | 4.5.27 | ,unreviewed
MIL-DTL-38999N.pdf,46,1,1,Lot size | Sample size,unreviewed
MIL-DTL-38999N.pdf,46,1,2,1 to 13 | 100 percent,unreviewed
MIL-DTL-38999N.pdf,46,1,3,14 to 150 | 13 units,unreviewed
MIL-DTL-38999N.pdf,46,1,4,151 to 280 | 20 units,unreviewed
MIL-DTL-38999N.pdf,46,1,5,281 to 500 | 29 units,unreviewed
MIL-DTL-38999N.pdf,46,1,6,"501 to 1,200 | 34 units",unreviewed
MIL-DTL-38999N.pdf,46,1,7,"1,201 to 3,200 | 42 units",unreviewed
MIL-DTL-38999N.pdf,53,1,1,Series I |  | Series II |  | Series III |  | Series IV | ,unreviewed
MIL-DTL-38999N.pdf,53,1,2,Size | Pound inches | Size | Pound inches | Size | Newton meters | Size | Newton meters,unreviewed
MIL-DTL-38999N.pdf,53,1,3,9 | 75 | 8 | 50 | 9 | 11.3 | 9 | ---,unreviewed
MIL-DTL-38999N.pdf,53,1,4,11 | 230 | 10 | 75 | 11 | 33.9 | 11 | 26.0,unreviewed
MIL-DTL-38999N.pdf,53,1,5,13 | 310 | 12 | 75 | 13 | 45.2 | 13 | 35.0,unreviewed
MIL-DTL-38999N.pdf,53,1,6,15 | 380 | 14 | 100 | 15 | 56.5 | 15 | 42.9,unreviewed
MIL-DTL-38999N.pdf,53,1,7,17 | 450 | 16 | 125 | 17 | 67.8 | 17 | 50.9,unreviewed
MIL-DTL-38999N.pdf,53,1,8,19 | 500 | 18 | 125 | 19 | 79.1 | 19 | 56.5,unreviewed
MIL-DTL-38999N.pdf,53,1,9,21 | 530 | 20 | 125 | 21 | 90.4 | 21 | 59.9,unreviewed
MIL-DTL-38999N.pdf,53,1,10,23 | 650 | 22 | 125 | 23 | 101.7 | 23 | 73.5,unreviewed
MIL-DTL-38999N.pdf,53,1,11,25 | 650 | 24 | 150 | 25 | 113.0 | 25 | 73.5,unreviewed
MIL-DTL-38999N.pdf,54,1,1,Contact size; (mating end) | Wire barrel; size | Pounds | Newtons,unreviewed
MIL-DTL-38999N.pdf,54,1,2, |  | Load ± 10 percent | ,unreviewed
MIL-DTL-38999N.pdf,54,1,3,23 | -22 | 10 | 44,unreviewed
MIL-DTL-38999N.pdf,54,1,4,"22 | -22D,; -22 1/; and; -22M 1/ | 10 | 44",unreviewed
MIL-DTL-38999N.pdf,54,1,5,20 | -20 | 15 | 67,unreviewed
MIL-DTL-38999N.pdf,54,1,6,16 | -16 | 25 | 111,unreviewed
MIL-DTL-38999N.pdf,54,1,7,12 | -12 | 25 | 111,unreviewed
MIL-DTL-38999N.pdf,54,1,8,10 | -10 | 25 | 111,unreviewed
MIL-DTL-38999N.pdf,54,1,9,8 twinax; or coax | N/A | 25 | 111,unreviewed
MIL-DTL-38999N.pdf,61,1,1,Connector class | Peak current; (Amps),unreviewed
MIL-DTL-38999N.pdf,61,1,2,Class C | not applicable,unreviewed
MIL-DTL-38999N.pdf,61,1,3,"Classes F, G, H, K, L, N, R, S, T, V, W, Y, Z, AA, and AB | 10,000",unreviewed
MIL-DTL-38999N.pdf,61,1,4,"Classes J and M (shell sizes 11 and larger) | 6,000",unreviewed
MIL-DTL-38999N.pdf,61,1,5,"Classes J and M (shell sizes 9) | 3,000",unreviewed
MIL-DTL-38999N.pdf,65,1,1,Class; Code; or; Finish; Code | Series | Description; (finish or; surface; treatment) | Shell; material | Salt; spray; (hours) | Upper; temp | Electrically; conductive | Shell-to-shell; conductivity; (millivolts) 3),unreviewed
MIL-DTL-38999N.pdf,65,1,2,A | See table II. |  | AL | See table II. |  | Yes | See table II.,unreviewed
MIL-DTL-38999N.pdf,65,1,3,B |  |  | AL |  |  | Yes | ,unreviewed
MIL-DTL-38999N.pdf,65,1,4,C |  |  | AL |  |  | No | ,unreviewed
MIL-DTL-38999N.pdf,65,1,5,D |  |  | CRS |  |  | Yes | ,unreviewed
MIL-DTL-38999N.pdf,65,1,6,"E |  |  | SST |  |  | Yes: generally; No: EMI, bond. | ",unreviewed
MIL-DTL-38999N.pdf,65,1,7,F |  |  | AL |  |  | Yes | ,unreviewed
MIL-DTL-38999N.pdf,65,1,8,G |  |  | AL |  |  | Yes | ,unreviewed
MIL-DTL-38999N.pdf,65,1,9,"H |  |  | SST |  |  | Yes: generally; No: EMI, bond. | ",unreviewed
MIL-DTL-38999N.pdf,65,1,10,J |  |  | C |  |  | Yes | ,unreviewed
MIL-DTL-38999N.pdf,65,1,11,K |  |  | SST |  |  | Yes | ,unreviewed
MIL-DTL-38999N.pdf,65,1,12,L |  |  | SST |  |  | Yes | ,unreviewed
MIL-DTL-38999N.pdf,65,1,13,M |  |  | C |  |  | Yes | ,unreviewed
MIL-DTL-38999N.pdf,65,1,14,N |  |  | SST |  |  | Yes | ,unreviewed
MIL-DTL-38999N.pdf,65,1,15,R |  |  | AL |  |  | Yes | ,unreviewed
MIL-DTL-38999N.pdf,65,1,16,S |  |  | SST |  |  | Yes | ,unreviewed
MIL-DTL-38999N.pdf,65,1,17,T |  |  | AL |  |  | Yes | ,unreviewed
MIL-DTL-38999N.pdf,65,1,18,U |  |  | AL |  |  | Yes | ,unreviewed
MIL-DTL-38999N.pdf,65,1,19,V |  |  | AL |  |  | Yes | ,unreviewed
MIL-DTL-38999N.pdf,65,1,20,W |  |  | AL |  |  | Yes | ,unreviewed
MIL-DTL-38999N.pdf,65,1,21,"Y |  |  | SST |  |  | Yes: generally; No: EMI, bond. | ",unreviewed
MIL-DTL-38999N.pdf,65,1,22,Z |  |  | AL |  |  | Yes | ,unreviewed
MIL-DTL-38999N.pdf,65,1,23,AA |  |  | AL |  |  | Yes | ,unreviewed
MIL-DTL-38999N.pdf,65,1,24,AB |  |  | AL |  |  | Yes | ,unreviewed
MIL-DTL-38999N.pdf,70,1,1,SAE-AS39029 contact selection |  |  |  |  |  | ,unreviewed
MIL-DTL-38999N.pdf,70,1,2,Contact | Power | Shielded/Coax | Twinax 2/ | Thermocouple | Wirewrap | Engine 3/,unreviewed
MIL-DTL-38999N.pdf,70,1,3,Pin | AS39029/58; AS39029/107 1/; AS39029/122 | AS39029/28; AS39029/60; AS39029/76; AS39029/102 | AS39029/90; AS39029/113 | AS39029/87 | AS39029; /71 | AS39029; /118,unreviewed
MIL-DTL-38999N.pdf,70,1,4,Socket | AS39029/56; AS39029/57; AS39029/106 1/; AS39029/121 | AS39029/27; AS39029/59; AS39029/75; AS39029/77; AS39029/78; AS39029/103 | AS39029/91; AS39029/114 | AS39029/88; AS39029/89 | AS39029; /72 | AS39029; /117,unreviewed
MIL-DTL-38999N.pdf,76,1,1,Shell; size | A; gasket; location | C; (see note 3) | D; socket; insert; location | E; dia; +.000; -.016 | F; dia; +.001; -.005 | G; dia; +.005; -.010,unreviewed
MIL-DTL-38999N.pdf,76,1,2,9 | .569; .553 | .111; max | .023; .015 | .662 | .572 | .285,unreviewed
MIL-DTL-38999N.pdf,76,1,3,11 |  |  |  | .810 | .700 | .413,unreviewed
MIL-DTL-38999N.pdf,76,1,4,13 |  |  |  | .960 | .850 | .527,unreviewed
MIL-DTL-38999N.pdf,76,1,5,15 |  |  |  | 1.085 | .975 | .652,unreviewed
MIL-DTL-38999N.pdf,76,1,6,17 |  |  |  | 1.210 | 1.100 | .777,unreviewed
MIL-DTL-38999N.pdf,76,1,7,19 |  |  |  | 1.317 | 1.207 | .866,unreviewed
MIL-DTL-38999N.pdf,76,1,8,21 |  |  |  | 1.442 | 1.332 | .991,unreviewed
MIL-DTL-38999N.pdf,76,1,9,23 |  |  |  | 1.567 | 1.457 | 1.116,unreviewed
MIL-DTL-38999N.pdf,76,1,10,25 |  |  |  | 1.692 | 1.582 | 1.241,unreviewed
MIL-DTL-38999N.pdf,76,2,1,Shell; size | H; dia; +.005; -.001 | J; dia; +.005; -.006 | K; bay; location; BSC | L; dia; +.006; -.002 | M; pin; contact; location | N; pin; insert; location,unreviewed
MIL-DTL-38999N.pdf,76,2,2,9 | .442 | .492 | .100 | .078 | .404; .368 | .579; .566,unreviewed
MIL-DTL-38999N.pdf,76,2,3,11 | .570 | .620 |  |  |  | ,unreviewed
MIL-DTL-38999N.pdf,76,2,4,13 | .687 | .769 |  |  |  | ,unreviewed
MIL-DTL-38999N.pdf,76,2,5,15 | .812 | .894 |  |  |  | ,unreviewed
MIL-DTL-38999N.pdf,76,2,6,17 | .937 | 1.019 |  |  |  | ,unreviewed
MIL-DTL-38999N.pdf,76,2,7,19 | 1.042 | 1.124 |  |  |  | ,unreviewed
MIL-DTL-38999N.pdf,76,2,8,21 | 1.167 | 1.249 |  |  |  | ,unreviewed
MIL-DTL-38999N.pdf,76,2,9,23 | 1.292 | 1.374 |  |  |  | ,unreviewed
MIL-DTL-38999N.pdf,76,2,10,25 | 1.417 | 1.499 | .109 | .125 |  | ,unreviewed
MIL-DTL-38999N.pdf,77,1,1,Shell; size | P; pin; contact; location | R; (see; note 4) | S; pin; insert; location | T; dia; +.005; -.006 | U; dia; +.005; -.001 | V; dia; over keys; +.001; -.010 | W; dia; between; keys; +.001; -.005 | W’; dia; min; front of; keys | X; dia; min,unreviewed
MIL-DTL-38999N.pdf,77,1,2,9 | .228; .190 | .133; .093 | .031; .016 | .674 | .580 | .482 | .437 | .417 | .312,unreviewed
MIL-DTL-38999N.pdf,77,1,3,11 |  |  |  | .822 | .712 | .610 | .565 | .545 | .430,unreviewed
MIL-DTL-38999N.pdf,77,1,4,13 |  |  |  | .972 | .861 | .759 | .677 | .657 | .544,unreviewed
MIL-DTL-38999N.pdf,77,1,5,15 |  |  |  | 1.097 | .985 | .884 | .802 | .782 | .669,unreviewed
MIL-DTL-38999N.pdf,77,1,6,17 |  |  |  | 1.222 | 1.110 | 1.009 | .927 | .907 | .794,unreviewed
MIL-DTL-38999N.pdf,77,1,7,19 |  |  |  | 1.329 | 1.217 | 1.114 | 1.032 | 1.012 | .883,unreviewed
MIL-DTL-38999N.pdf,77,1,8,21 |  |  |  | 1.454 | 1.342 | 1.239 | 1.157 | 1.137 | 1.008,unreviewed
MIL-DTL-38999N.pdf,77,1,9,23 |  |  |  | 1.579 | 1.467 | 1.364 | 1.282 | 1.262 | 1.133,unreviewed
MIL-DTL-38999N.pdf,77,1,10,25 |  | .172; .132 |  | 1.704 | 1.592 | 1.489 | 1.407 | 1.387 | 1.257,unreviewed
MIL-DTL-38999N.pdf,77,2,1,Shell; size | Y; (see; note 3) | Z; socket; insert; location | AA; shield; location | BB; +.016; -.001 | CC; dia; +.011; -.000 | DD; +.045; -.036 | B; +.005; -.001 | EE; +.005; -.006 | FF; dia; min,unreviewed
MIL-DTL-38999N.pdf,77,2,2,9 | .483; min | .582; .572 | .597; .592 | .090 | .780 | .160 | .684 | .068 | .447,unreviewed
MIL-DTL-38999N.pdf,77,2,3,11 |  |  |  |  | .905 |  | .832 |  | .575,unreviewed
MIL-DTL-38999N.pdf,77,2,4,13 |  |  |  |  | 1.061 |  | .981 |  | .692,unreviewed
MIL-DTL-38999N.pdf,77,2,5,15 |  |  |  |  | 1.186 |  | 1.106 |  | .817,unreviewed
MIL-DTL-38999N.pdf,77,2,6,17 |  |  |  |  | 1.301 |  | 1.230 |  | .942,unreviewed
MIL-DTL-38999N.pdf,77,2,7,19 |  |  |  |  | 1.422 |  | 1.347 |  | 1.047,unreviewed
MIL-DTL-38999N.pdf,77,2,8,21 |  |  |  |  | 1.544 |  | 1.462 |  | 1.172,unreviewed
MIL-DTL-38999N.pdf,77,2,9,23 |  |  |  |  | 1.667 |  | 1.587 |  | 1.297,unreviewed
MIL-DTL-38999N.pdf,77,2,10,25 |  |  |  | .137 | 1.793 |  | 1.712 | .047 | 1.422,unreviewed
MIL-DTL-38999N.pdf,81,1,1,Shell; size | A; gasket; location | C D; (see note 3) sock; inser; locatio | E F; et dia di; t +.000 +.0; n -.016 -.00 | G; a dia; 01 +.005; 5 -.010 | H; dia; +.005; -.001,unreviewed
MIL-DTL-38999N.pdf,81,1,2,8 | .232; .216 | .111 .023; max .015 | .563 .47; .680 .59; .859 .75; .984 .87; 1.108 1.0; 1.233 1.1; 1.358 1.2; 1.483 1.3; 1.610 1.5 | 3 .285 | .362,unreviewed
MIL-DTL-38999N.pdf,81,1,3,10 |  |  |  | 0 .413 | .490,unreviewed
MIL-DTL-38999N.pdf,81,1,4,12 |  |  |  | 0 .527 | .607,unreviewed
MIL-DTL-38999N.pdf,81,1,5,14 |  |  |  | 5 .652 | .732,unreviewed
MIL-DTL-38999N.pdf,81,1,6,16 |  |  |  | 00 .777 | .857,unreviewed
MIL-DTL-38999N.pdf,81,1,7,18 |  |  |  | 25 .866 | .962,unreviewed
MIL-DTL-38999N.pdf,81,1,8,20 |  |  |  | 50 .991 | 1.087,unreviewed
MIL-DTL-38999N.pdf,81,1,9,22 |  |  |  | 75 1.116 | 1.212,unreviewed
MIL-DTL-38999N.pdf,81,1,10,24 |  |  |  | 00 1.241 | 1.337,unreviewed
MIL-DTL-38999N.pdf,82,1,1,Shell; size | J; dia; +.005; -.006 | K; bay; location; BSC | L; dia; +.006; -.002 | M; pin; contact; location | N; pin; insert; location | P; pin; contact; location,unreviewed
MIL-DTL-38999N.pdf,82,1,2,8 | .412 | .078 | .078 | .067; .031 | .241; .228 | .228; .190,unreviewed
MIL-DTL-38999N.pdf,82,1,3,10 | .540 |  |  |  |  | ,unreviewed
MIL-DTL-38999N.pdf,82,1,4,12 | .689 |  |  |  |  | ,unreviewed
MIL-DTL-38999N.pdf,82,1,5,14 | .814 |  |  |  |  | ,unreviewed
MIL-DTL-38999N.pdf,82,1,6,16 | .939 |  |  |  |  | ,unreviewed
MIL-DTL-38999N.pdf,82,1,7,18 | 1.039 |  |  |  |  | ,unreviewed
MIL-DTL-38999N.pdf,82,1,8,20 | 1.164 |  | .125 |  |  | ,unreviewed
MIL-DTL-38999N.pdf,82,1,9,22 | 1.289 |  |  |  |  | ,unreviewed
MIL-DTL-38999N.pdf,82,1,10,24 | 1.414 |  |  |  |  | ,unreviewed
MIL-DTL-38999N.pdf,82,2,1,Shell; size | R; (see note 4) | S; pin; insert; location | T; dia; +.005; -.006 | U; dia; +.005; -.001 | V; dia; over keys; +.001; -.010 | W; dia; between; keys; +.001; -.005 | W'; dia; min; front of; keys,unreviewed
MIL-DTL-38999N.pdf,82,2,2,8 | .116; .076 | .031; .016 | .576 | .481 | .402 | .357 | .337,unreviewed
MIL-DTL-38999N.pdf,82,2,3,10 |  |  | .697 | .602 | .530 | .485 | .465,unreviewed
MIL-DTL-38999N.pdf,82,2,4,12 |  |  | .871 | .761 | .679 | .597 | .557,unreviewed
MIL-DTL-38999N.pdf,82,2,5,14 |  |  | .995 | .885 | .804 | .722 | .702,unreviewed
MIL-DTL-38999N.pdf,82,2,6,16 |  |  | 1.120 | 1.010 | .929 | .847 | .827,unreviewed
MIL-DTL-38999N.pdf,82,2,7,18 |  |  | 1.245 | 1.136 | 1.029 | .947 | .927,unreviewed
MIL-DTL-38999N.pdf,82,2,8,20 | .143; .103 |  | 1.370 | 1.260 | 1.154 | 1.072 | 1.052,unreviewed
MIL-DTL-38999N.pdf,82,2,9,22 |  |  | 1.495 | 1.385 | 1.279 | 1.197 | 1.177,unreviewed
MIL-DTL-38999N.pdf,82,2,10,24 |  |  | 1.624 | 1.510 | 1.404 | 1.322 | 1.302,unreviewed
MIL-DTL-38999N.pdf,83,1,1,Shell; size | X; dia; min | Y; (see note 3) | Z; soc; ins; loc | AA; shield; location | BB; +.016; -.001 | CC; dia; +.000; -.006,unreviewed
MIL-DTL-38999N.pdf,83,1,2,8 | .306 | .146; min | .244; .234 | .260; .256 | .090 | .630,unreviewed
MIL-DTL-38999N.pdf,83,1,3,10 | .423 |  |  |  |  | .752,unreviewed
MIL-DTL-38999N.pdf,83,1,4,12 | .537 |  |  |  |  | .925,unreviewed
MIL-DTL-38999N.pdf,83,1,5,14 | .662 |  |  |  |  | 1.050,unreviewed
MIL-DTL-38999N.pdf,83,1,6,16 | .787 |  |  |  |  | 1.172,unreviewed
MIL-DTL-38999N.pdf,83,1,7,18 | .876 |  |  |  |  | 1.304,unreviewed
MIL-DTL-38999N.pdf,83,1,8,20 | 1.001 |  |  |  | .137 | 1.435,unreviewed
MIL-DTL-38999N.pdf,83,1,9,22 | 1.126 |  |  |  |  | 1.560,unreviewed
MIL-DTL-38999N.pdf,83,1,10,24 | 1.251 |  |  |  |  | 1.688,unreviewed
MIL-DTL-38999N.pdf,88,1,1,Shell; size | A; Gasket; location | C; (see note 3) | D; Socket; insert; location | E; dia; max | F; dia,unreviewed
MIL-DTL-38999N.pdf,88,1,2,9 | 14.73; 14.50 | 3.25; max | 0.94; 0.64 | 14.55 | 14.42; 14.14,unreviewed
MIL-DTL-38999N.pdf,88,1,3,11 |  |  |  | 17.73 | 17.60; 17.32,unreviewed
MIL-DTL-38999N.pdf,88,1,4,13 |  |  |  | 20.90 | 20.77; 20.49,unreviewed
MIL-DTL-38999N.pdf,88,1,5,15 |  |  |  | 24.08 | 23.95; 23.67,unreviewed
MIL-DTL-38999N.pdf,88,1,6,17 |  |  |  | 28.52 | 28.30; 27.97,unreviewed
MIL-DTL-38999N.pdf,88,1,7,19 |  |  |  | 30.12 | 29.89; 29.56,unreviewed
MIL-DTL-38999N.pdf,88,1,8,21 |  |  |  | 33.30 | 33.07; 32.74,unreviewed
MIL-DTL-38999N.pdf,88,1,9,23 |  |  |  | 36.47 | 36.24; 35.91,unreviewed
MIL-DTL-38999N.pdf,88,1,10,25 |  |  |  | 39.65 | 39.42; 39.02,unreviewed
MIL-DTL-38999N.pdf,89,1,1,Shell; size | FF; dia; min | G; dia; +.13; -.25 | H; dia; (except; classes; J & M) | H; dia; (classes; J & M; only) | J; dia; (except; classes; J & M) | J; dia; (classes; J & M; only),unreviewed
MIL-DTL-38999N.pdf,89,1,2,9 | 11.48 | 7.24 | 11.36; 11.20 | 11.43; 11.20 | 12.63; 12.34 | 12.70; 12.34,unreviewed
MIL-DTL-38999N.pdf,89,1,3,11 | 14.73 | 10.49 | 14.61; 14.45 | 14.68; 14.45 | 15.88; 15.60 | 15.95; 15.60,unreviewed
MIL-DTL-38999N.pdf,89,1,4,13 | 17.58 | 13.39 | 17.45; 17.30 | 17.52; 17.30 | 19.66; 19.38 | 19.73; 19.38,unreviewed
MIL-DTL-38999N.pdf,89,1,5,15 | 20.75 | 16.56 | 20.63; 20.44 | 20.70; 20.44 | 22.84; 22.56 | 22.91; 22.56,unreviewed
MIL-DTL-38999N.pdf,89,1,6,17 | 23.92 | 19.74 | 23.80; 23.64 | 23.87; 23.64 | 26.01; 25.73 | 26.08; 25.73,unreviewed
MIL-DTL-38999N.pdf,89,1,7,19 | 26.59 | 22.00 | 26.47; 26.31 | 26.54; 26.31 | 28.63; 28.40 | 28.70; 28.40,unreviewed
MIL-DTL-38999N.pdf,89,1,8,21 | 29.77 | 25.17 | 29.64; 29.49 | 29.71; 29.49 | 31.85; 31.57 | 31.92; 31.57,unreviewed
MIL-DTL-38999N.pdf,89,1,9,23 | 32.94 | 28.35 | 32.82; 32.66 | 32.89; 32.66 | 35.03; 34.75 | 35.10; 34.75,unreviewed
MIL-DTL-38999N.pdf,89,1,10,25 | 36.12 | 31.52 | 35.99; 35.84 | 36.06; 35.84 | 38.20; 37.92 | 38.27; 37.92,unreviewed
MIL-DTL-38999N.pdf,90,1,1,Shell; size | K; max | M; pin; contact; location | N; pin; insert; location | P; pin; contact; location | R; dia; max | S; pin; insert; location | T; dia; +.25; -.03,unreviewed
MIL-DTL-38999N.pdf,90,1,2,9 | 11.84 | 10.54; 9.50 | 15.46; 15.04 | 6.15; 5.11 | 15.88 | 0.65; 0.24 | 16.51,unreviewed
MIL-DTL-38999N.pdf,90,1,3,11 | 15.01 |  |  |  | 19.05 |  | 19.69,unreviewed
MIL-DTL-38999N.pdf,90,1,4,13 | 19.08 |  |  |  | 22.23 |  | 22.86,unreviewed
MIL-DTL-38999N.pdf,90,1,5,15 | 22.25 |  |  |  | 25.40 |  | 26.04,unreviewed
MIL-DTL-38999N.pdf,90,1,6,17 | 25.43 |  |  |  | 30.16 |  | 30.89,unreviewed
MIL-DTL-38999N.pdf,90,1,7,19 | 28.60 |  |  |  | 31.75 |  | 32.49,unreviewed
MIL-DTL-38999N.pdf,90,1,8,21 | 31.78 |  |  |  | 34.73 |  | 35.66,unreviewed
MIL-DTL-38999N.pdf,90,1,9,23 | 34.95 |  |  |  | 38.10 |  | 38.84,unreviewed
MIL-DTL-38999N.pdf,90,1,10,25 | 38.13 |  |  |  | 41.28 |  | 42.01,unreviewed
MIL-DTL-38999N.pdf,90,2,1,Shell; size | U; dia; min/max | U; dia; +.13; -.03 | U'; dia; min | V; dia; over; keys | W; dia; between; keys; (except; classes; J & M) | W; dia; between; keys; (classes; J & M; only) | W'; dia; min; front of; keys | X; dia; min | Y; (see; note 3) | Z; socket; insert; location,unreviewed
MIL-DTL-38999N.pdf,90,2,2,9 | 9.96; 9.55 | 9.83 | 8.51 | 12.27; 11.99 | 11.13; 10.97 | 11.13; 10.85 | 10.59 | 7.92 | 12.45; min | 15.06; 14.76,unreviewed
MIL-DTL-38999N.pdf,90,2,3,11 | 13.19; 12.61 | 13.06 | 11.74 | 15.52; 15.24 | 14.38; 14.22 | 14.38; 14.10 | 13.84 | 10.92 |  | ,unreviewed
MIL-DTL-38999N.pdf,90,2,4,13 | 16.08; 15.45 | 15.95 | 14.63 | 19.31; 19.02 | 17.22; 17.07 | 17.22; 16.95 | 16.68 | 13.81 |  | ,unreviewed
MIL-DTL-38999N.pdf,90,2,5,15 | 19.26; 18.63 | 19.13 | 17.81 | 22.48; 22.20 | 20.40; 20.24 | 20.40; 20.12 | 19.86 | 16.99 |  | ,unreviewed
MIL-DTL-38999N.pdf,90,2,6,17 | 22.43; 21.80 | 22.30 | 20.98 | 25.66; 25.37 | 23.57; 23.42 | 23.57; 23.30 | 23.03 | 20.16 |  | ,unreviewed
MIL-DTL-38999N.pdf,90,2,7,19 | 24.82; 24.47 | 24.69 | 23.57 | 28.32; 28.04 | 26.24; 26.09 | 26.24; 25.97 | 25.70 | 22.42 |  | ,unreviewed
MIL-DTL-38999N.pdf,90,2,8,21 | 27.99; 27.64 | 27.86 | 26.74 | 31.50; 31.22 | 29.42; 29.26 | 29.42; 29.14 | 28.87 | 25.60 |  | ,unreviewed
MIL-DTL-38999N.pdf,90,2,9,23 | 31.17; 30.82 | 31.04 | 29.92 | 34.67; 34.39 | 32.59; 32.44 | 32.59; 32.32 | 32.05 | 28.77 |  | ,unreviewed
MIL-DTL-38999N.pdf,90,2,10,25 | 34.34; 33.99 | 34.21 | 33.09 | 37.85; 37.57 | 35.77; 35.61 | 35.77; 35.49 | 35.22 | 31.92 |  | ,unreviewed
MIL-DTL-38999N.pdf,91,1,1,BB thread; (plated or finished); (see notes 10 and 17) |  |  |  |  |  |  |  |  |  | ,unreviewed
MIL-DTL-38999N.pdf,91,1,2,Shell; size | Designation |  |  |  | External thread; limits of size; class 2A |  |  |  |  | ,unreviewed
MIL-DTL-38999N.pdf,91,1,3, | Thread; size | Pitch | Lead | Allowance; (see; note 18) | Major diameter |  | Pitch diameter |  | Minor diameter | ,unreviewed
MIL-DTL-38999N.pdf,91,1,4, |  |  |  |  | Limits; tolerance is; .0080 |  | Limits; tolerance is; .0080 |  | Limits | ,unreviewed
MIL-DTL-38999N.pdf,91,1,5, |  |  |  |  | max | min | max | min | max | min,unreviewed
MIL-DTL-38999N.pdf,91,1,6,9 | .6250 | .1 | .3 | .0015 | .6235 | .6155 | .5975 | . 5895 | .5675 | .5535,unreviewed
MIL-DTL-38999N.pdf,91,1,7,11 | .7500 |  |  |  | .7485 | .7405 | .7225 | . 7145 | .6925 | .6785,unreviewed
MIL-DTL-38999N.pdf,91,1,8,13 | .8750 |  |  |  | .8735 | .8655 | .8475 | .8395 | .8175 | .8035,unreviewed
MIL-DTL-38999N.pdf,91,1,9,15 | 1.0000 |  |  |  | .9985 | .9905 | .9725 | .9645 | .9425 | .9285,unreviewed
MIL-DTL-38999N.pdf,91,1,10,Shell; size | Thread; size | Pitch | Lead | Allowance; (see; note 18) | Major diameter |  | Pitch diameter |  | Minor diameter | ,unreviewed
MIL-DTL-38999N.pdf,91,1,11, |  |  |  |  | Limits; tolerance is; .0120 |  | Limits; tolerance is; .0100 |  | Limits | ,unreviewed
MIL-DTL-38999N.pdf,91,1,12, |  |  |  |  | max | min | max | min | max | min,unreviewed
MIL-DTL-38999N.pdf,91,1,13,17 | 1.1875 | .1 | .3 | .0020 | 1.1855 | 1.1735 | 1.1515 | 1.1415 | 1.1135 | 1.0955,unreviewed
MIL-DTL-38999N.pdf,91,1,14,19 | 1.2500 |  |  |  | 1.2480 | 1.2360 | 1.2140 | 1.2040 | 1.1760 | 1.1580,unreviewed
MIL-DTL-38999N.pdf,91,1,15,21 | 1.3750 |  |  |  | 1.3730 | 1.3610 | 1.3390 | 1.3290 | 1.3010 | 1.2830,unreviewed
MIL-DTL-38999N.pdf,91,1,16,23 | 1.500 |  |  |  | 1.4980 | 1.4860 | 1.4640 | 1.4540 | 1.4260 | 1.4080,unreviewed
MIL-DTL-38999N.pdf,91,1,17,25 | 1.625 |  |  |  | 1.6230 | 1.6110 | 1.5890 | 1.5790 | 1.5510 | 1.5330,unreviewed
MIL-DTL-38999N.pdf,92,1,1,DD thread; (plated); (see notes 10 and 17) |  |  |  |  |  |  |  |  | ,unreviewed
MIL-DTL-38999N.pdf,92,1,2,Shell; size | Designation |  |  | Internal thread; limits of size; class 2B |  |  |  |  | ,unreviewed
MIL-DTL-38999N.pdf,92,1,3, | Thread; size | Pitch | Lead | Minor diameter |  | Pitch diameter |  | Major diameter | ,unreviewed
MIL-DTL-38999N.pdf,92,1,4, |  |  |  | Limits; tolerance is; .0100 |  | Limits; tolerance is; .0100 |  | Limits | ,unreviewed
MIL-DTL-38999N.pdf,92,1,5, |  |  |  | min | max | min | max | min | max,unreviewed
MIL-DTL-38999N.pdf,92,1,6,9 | .6250 | .1 | .3 | .5792 | .5892 | .5990 | .6090 | .6290 | .6450,unreviewed
MIL-DTL-38999N.pdf,92,1,7,11 | .7500 |  |  | .7042 | .7142 | .7240 | .7340 | .7540 | .7700,unreviewed
MIL-DTL-38999N.pdf,92,1,8,13 | .8750 |  |  | .8292 | .8392 | .8490 | .8590 | .8790 | .8950,unreviewed
MIL-DTL-38999N.pdf,92,1,9,15 | 1.0000 |  |  | .9542 | .9642 | .9740 | .9840 | 1.0040 | 1.0200,unreviewed
MIL-DTL-38999N.pdf,92,1,10,Shell; size | Thread; size | Pitch | Lead | Minor diameter |  | Pitch diameter |  | Major diameter | ,unreviewed
MIL-DTL-38999N.pdf,92,1,11, |  |  |  | Limits; tolerance is; .0120 |  | Limits; tolerance is; .0120 |  | Limits | ,unreviewed
MIL-DTL-38999N.pdf,92,1,12, |  |  |  | min | max | min | max | min | max,unreviewed
MIL-DTL-38999N.pdf,92,1,13,17 | 1.1875 | .1 | .3 | 1.1274 | 1.1394 | 1.1535 | 1.1655 | 1.1915 | 1.2115,unreviewed
MIL-DTL-38999N.pdf,92,1,14,19 | 1.2500 |  |  | 1.1900 | 1.2020 | 1.2160 | 1.2280 | 1.2540 | 1.2740,unreviewed
MIL-DTL-38999N.pdf,92,1,15,21 | 1.3750 |  |  | 1.3150 | 1.3270 | 1.3410 | 1.3530 | 1.3790 | 1.3990,unreviewed
MIL-DTL-38999N.pdf,92,1,16,23 | 1.5000 |  |  | 1.4400 | 1.4520 | 1.4660 | 1.4780 | 1.5040 | 1.5240,unreviewed
MIL-DTL-38999N.pdf,92,1,17,25 | 1.6250 |  |  | 1.5650 | 1.5770 | 1.5910 | 1.6030 | 1.6290 | 1.6490,unreviewed
MIL-DTL-38999N.pdf,96,1,1,Receptacle |  |  |  |  |  |  |  | ,unreviewed
MIL-DTL-38999N.pdf,96,1,2,Shell; size; code; (see note 12) | Shell; size | AA | G; dia | BB; pin; Insert; location | CC; pin; contact; location | DD; socket; Insert; location | EE; min | FF,unreviewed
MIL-DTL-38999N.pdf,96,1,3,B | 11 | 17.15 (.675); 16.99 (.669) | 10.62 (.418); 10.36 (.408) | 2.08; (.082); 1.71; (.067) | 7.09; (.279); 6.12; (.241) | 16.03; (.631); 15.81; (.622) | 13.46; (.530) | 7.02; (.276); 6.85; (.270),unreviewed
MIL-DTL-38999N.pdf,96,1,4,C | 13 |  | 13.52 (.532); 13.25 (.522) |  |  |  |  | ,unreviewed
MIL-DTL-38999N.pdf,96,1,5,D | 15 |  | 16.69 (.657); 16.43 (.647) |  |  |  |  | ,unreviewed
MIL-DTL-38999N.pdf,96,1,6,E | 17 |  | 19.87 (.782); 19.60 (.772) |  |  |  |  | ,unreviewed
MIL-DTL-38999N.pdf,96,1,7,F | 19 | 16.90 (.665); 16.73 (.659) | 22.13 (.871); 21.86 (.861) | 1.85; (.073); 1.46; (.057) | 6.84; (.269); 5.86; (.231) | 15.78; (.621); 15.55; (.612) | 13.20; (.520) | 6.76; (.266); 6.60; (.260),unreviewed
MIL-DTL-38999N.pdf,96,1,8,G | 21 |  | 25.30 (.996); 25.04 (.986) |  |  |  |  | ,unreviewed
MIL-DTL-38999N.pdf,96,1,9,H | 23 |  | 28.48 (1.121); 28.21 (1.111) |  |  |  |  | ,unreviewed
MIL-DTL-38999N.pdf,96,1,10,J | 25 |  | 31.65 (1.246); 31.39 (1.236) |  |  |  |  | ,unreviewed
MIL-DTL-38999N.pdf,97,1,1,Receptacle |  |  |  | ,unreviewed
MIL-DTL-38999N.pdf,97,1,2,Shell size code; (see note 12) | Shell; size | H dia; min | J dia | JJ dia,unreviewed
MIL-DTL-38999N.pdf,97,1,3,B | 11 | 10.74; (.423) | 12.93 (.509); 12.77 (.503) | 13.09 (.515); 12.97 (.511),unreviewed
MIL-DTL-38999N.pdf,97,1,4,C | 13 | 13.63; (.537) | 16.10 (.634); 15.94 (.628) | 16.51 (.650); 16.39 (.645),unreviewed
MIL-DTL-38999N.pdf,97,1,5,D | 15 | 16.81; (.662) | 19.28 (.759); 19.12 (.753) | 19.69 (.775); 19.57 (.770),unreviewed
MIL-DTL-38999N.pdf,97,1,6,E | 17 | 19.98; (.787) | 22.48 (.885); 22.32 (.879) | 22.89 (.901); 22.77 (.896),unreviewed
MIL-DTL-38999N.pdf,97,1,7,F | 19 | 22.25; (.876) | 25.63 (1.009); 25.47 (1.003) | 25.79 (1.015); 25.67 (1.011),unreviewed
MIL-DTL-38999N.pdf,97,1,8,G | 21 | 25.42; (1.001) | 28.80 (1.134); 28.64 (1.128) | 28.96 (1.140); 28.84 (1.135),unreviewed
MIL-DTL-38999N.pdf,97,1,9,H | 23 | 28.60; (1.126) | 31.98 (1.259); 31.82 (1.253) | 32.14 (1.265); 32.02 (1.261),unreviewed
MIL-DTL-38999N.pdf,97,1,10,J | 25 | 31.77; (1.251) | 35.15 (1.384); 35.00 (1.378) | 35.31 (1.390); 35.19 (1.385),unreviewed
MIL-DTL-38999N.pdf,98,1,1,Receptacle |  |  |  | ,unreviewed
MIL-DTL-38999N.pdf,98,1,2,Shell size code; (see note 12) | Shell; size | S | K dia | KK dia,unreviewed
MIL-DTL-38999N.pdf,98,1,3,B | 11 | 2.52 (.099); 2.38 (.094) | 14.99 (.590); 14.89 (.586) | 16.26 (.640); 16.16 (.636),unreviewed
MIL-DTL-38999N.pdf,98,1,4,C | 13 |  | 18.32 (.721); 18.22 (.717) | 19.33 (.761); 19.23 (.757),unreviewed
MIL-DTL-38999N.pdf,98,1,5,D | 15 |  | 21.47 (.845); 21.37 (.841) | 22.48 (.885); 22.38 (.881),unreviewed
MIL-DTL-38999N.pdf,98,1,6,E | 17 |  | 24.64 (.970); 24.54 (.966) | 25.66 1.010); 25.56 (1.006),unreviewed
MIL-DTL-38999N.pdf,98,1,7,F | 19 | 2.77 (.109); 2.64 (.104) |  | 27.67 (1.089); 27.57 (1.085),unreviewed
MIL-DTL-38999N.pdf,98,1,8,G | 21 |  |  | 30.84 (1.214); 30.74 (1.210),unreviewed
MIL-DTL-38999N.pdf,98,1,9,H | 23 |  |  | 34.12 (1.343); 34.02 (1.339),unreviewed
MIL-DTL-38999N.pdf,98,1,10,J | 25 |  |  | 37.34 (1.470); 37.24 (1.466),unreviewed
MIL-DTL-38999N.pdf,99,1,1,Plug |  |  |  |  |  | ,unreviewed
MIL-DTL-38999N.pdf,99,1,2,Shell; size; code; (see note 12) | Shell; size | N | P; min | V; pin; insert; location | W; pin; contact; location | X; socket; insert; location,unreviewed
MIL-DTL-38999N.pdf,99,1,3,B | 11 | 2.37 (.093); 2.26 (.089) | 4.08 (.161) | 15.14 (.596); 14.73 (.580) | 10.72 (.422); 9.70 (.382) | 1.05 (.041); 0.76 (.030),unreviewed
MIL-DTL-38999N.pdf,99,1,4,C | 13 |  |  |  |  | ,unreviewed
MIL-DTL-38999N.pdf,99,1,5,D | 15 |  |  |  |  | ,unreviewed
MIL-DTL-38999N.pdf,99,1,6,E | 17 |  |  |  |  | ,unreviewed
MIL-DTL-38999N.pdf,99,1,7,F | 19 | 2.62 (.103); 2.51 (.099) | 3.83 (.151) |  |  | ,unreviewed
MIL-DTL-38999N.pdf,99,1,8,G | 21 |  |  |  |  | ,unreviewed
MIL-DTL-38999N.pdf,99,1,9,H | 23 |  |  |  |  | ,unreviewed
MIL-DTL-38999N.pdf,99,1,10,J | 25 |  |  |  |  | ,unreviewed
MIL-DTL-38999N.pdf,101,1,1,"Series I assemblies, main key and keyway polarization |  |  |  |  |  |  |  |  | ",unreviewed
MIL-DTL-38999N.pdf,101,1,2,"Shell; size | F | Normal rotation, letter designator “N” |  |  |  | Alternate rotations,; letter designators “A”, “B”.”C” or “D” |  |  | ",unreviewed
MIL-DTL-38999N.pdf,101,1,3, |  | Main; key/; keyway | Minor keys/keyways rotations |  |  |  |  |  | ,unreviewed
MIL-DTL-38999N.pdf,101,1,4, |  | N | XR; XP | YR; YP | ZR; ZP | A | B | C | D,unreviewed
MIL-DTL-38999N.pdf,101,1,5,9 | 5° | 95° | 45° | 88° | 27° | 77° | --- | --- | 113°,unreviewed
MIL-DTL-38999N.pdf,101,1,6,11 | 5° | 95° | 45° | 88° | 27° | 81° | 67° | 123° | 109°,unreviewed
MIL-DTL-38999N.pdf,101,1,7,13 | 5° | 95° | 45° | 88° | 27° | 75° | 63° | 127° | 115°,unreviewed
MIL-DTL-38999N.pdf,101,1,8,15 | 5° | 95° | 45° | 88° | 27° | 74° | 61° | 129° | 116°,unreviewed
MIL-DTL-38999N.pdf,101,1,9,17 | 5° | 95° | 45° | 88° | 27° | 77° | 65° | 125° | 113°,unreviewed
MIL-DTL-38999N.pdf,101,1,10,19 | 5° | 95° | 45° | 88° | 27° | 77° | 65° | 125° | 113°,unreviewed
MIL-DTL-38999N.pdf,101,1,11,21 | 5° | 95° | 45° | 88° | 27° | 77° | 65° | 125° | 113°,unreviewed
MIL-DTL-38999N.pdf,101,1,12,23 | 5° | 95° | 45° | 88° | 27° | 80° | 69° | 121° | 110°,unreviewed
MIL-DTL-38999N.pdf,101,1,13,25 | 5° | 95° | 45° | 88° | 27° | 80° | 69° | 121° | 110°,unreviewed
MIL-DTL-38999N.pdf,101,2,1,"Series II assemblies, main key and keyway polarization |  |  |  |  |  |  |  |  | ",unreviewed
MIL-DTL-38999N.pdf,101,2,2,"Shell; size | F | Normal rotation, letter designator “N” |  |  |  | Alternate rotations,; letter designators “A”, “B”.”C” or “D” |  |  | ",unreviewed
MIL-DTL-38999N.pdf,101,2,3, |  | Main; key/; keyway | Minor keys/keyways rotations |  |  |  |  |  | ,unreviewed
MIL-DTL-38999N.pdf,101,2,4, |  | N | XR; XP | YR; YP | ZR; ZP | A | B | C | D,unreviewed
MIL-DTL-38999N.pdf,101,2,5,8 | 10° | 100° | 28° | 100° | 37° | 82° | --- | --- | 118°,unreviewed
MIL-DTL-38999N.pdf,101,2,6,10 | 10° | 100° | 28° | 100° | 37° | 86° | 72° | 128° | 114°,unreviewed
MIL-DTL-38999N.pdf,101,2,7,12 | 10° | 100° | 28° | 100° | 37° | 80° | 68° | 132° | 120°,unreviewed
MIL-DTL-38999N.pdf,101,2,8,14 | 10° | 100° | 28° | 100° | 37° | 79° | 66° | 134° | 121°,unreviewed
MIL-DTL-38999N.pdf,101,2,9,16 | 10° | 100° | 28° | 100° | 37° | 82° | 70° | 130° | 118°,unreviewed
MIL-DTL-38999N.pdf,101,2,10,18 | 10° | 100° | 28° | 100° | 37° | 82° | 70° | 130° | 118°,unreviewed
MIL-DTL-38999N.pdf,101,2,11,20 | 10° | 100° | 28° | 100° | 37° | 82° | 70° | 130° | 118°,unreviewed
MIL-DTL-38999N.pdf,101,2,12,22 | 10° | 100° | 28° | 100° | 37° | 85° | 74° | 126° | 115°,unreviewed
MIL-DTL-38999N.pdf,101,2,13,24 | 10° | 100° | 28° | 100° | 37° | 85° | 74° | 126° | 115°,unreviewed
MIL-DTL-38999N.pdf,103,1,1,Shell; size | Key and keyway; arrangement; identification letter | Minor key/keyway rotations |  |  | ,unreviewed
MIL-DTL-38999N.pdf,103,1,2, |  | AR° or; AP° BSC | BR° or; BP° BSC | CR° or; CP° BSC | DR° or; DP° BSC,unreviewed
MIL-DTL-38999N.pdf,103,1,3,9 | N | 105 | 140 | 215 | 265,unreviewed
MIL-DTL-38999N.pdf,103,1,4, | A | 102 | 132 | 248 | 320,unreviewed
MIL-DTL-38999N.pdf,103,1,5, | B | 80 | 118 | 230 | 312,unreviewed
MIL-DTL-38999N.pdf,103,1,6, | C | 35 | 140 | 205 | 275,unreviewed
MIL-DTL-38999N.pdf,103,1,7, | D | 64 | 155 | 234 | 304,unreviewed
MIL-DTL-38999N.pdf,103,1,8, | E | 91 | 131 | 197 | 240,unreviewed
MIL-DTL-38999N.pdf,103,1,9,"11,; 13,; and; 15 | N | 95 | 141 | 208 | 236",unreviewed
MIL-DTL-38999N.pdf,103,1,10, | A | 113 | 156 | 182 | 292,unreviewed
MIL-DTL-38999N.pdf,103,1,11, | B | 90 | 145 | 195 | 252,unreviewed
MIL-DTL-38999N.pdf,103,1,12, | C | 53 | 156 | 220 | 255,unreviewed
MIL-DTL-38999N.pdf,103,1,13, | D | 119 | 146 | 176 | 298,unreviewed
MIL-DTL-38999N.pdf,103,1,14, | E | 51 | 141 | 184 | 242,unreviewed
MIL-DTL-38999N.pdf,103,1,15,17; and; 19 | N | 80 | 142 | 196 | 293,unreviewed
MIL-DTL-38999N.pdf,103,1,16, | A | 135 | 170 | 200 | 310,unreviewed
MIL-DTL-38999N.pdf,103,1,17, | B | 49 | 169 | 200 | 244,unreviewed
MIL-DTL-38999N.pdf,103,1,18, | C | 66 | 140 | 200 | 257,unreviewed
MIL-DTL-38999N.pdf,103,1,19, | D | 62 | 145 | 180 | 280,unreviewed
MIL-DTL-38999N.pdf,103,1,20, | E | 79 | 153 | 197 | 272,unreviewed
MIL-DTL-38999N.pdf,103,1,21,"21,; 23,; and; 25 | N | 80 | 142 | 196 | 293",unreviewed
MIL-DTL-38999N.pdf,103,1,22, | A | 135 | 170 | 200 | 310,unreviewed
MIL-DTL-38999N.pdf,103,1,23, | B | 49 | 169 | 200 | 244,unreviewed
MIL-DTL-38999N.pdf,103,1,24, | C | 66 | 140 | 200 | 257,unreviewed
MIL-DTL-38999N.pdf,103,1,25, | D | 62 | 145 | 180 | 280,unreviewed
MIL-DTL-38999N.pdf,103,1,26, | E | 79 | 153 | 197 | 272,unreviewed
MIL-DTL-38999N.pdf,109,1,1,"Shell; size; code; (see note 15) | Plug, inner shell; Main key and keyway polarization |  |  |  |  |  |  | Main keyway; inner shell",unreviewed
MIL-DTL-38999N.pdf,109,1,2, | Shell; size | LL; dia | MMM; dia; BSC | PPP; BSC | QQQ; BSC | RRR; BSC | SSS; BSC | W3; BSC; (see note 13),unreviewed
MIL-DTL-38999N.pdf,109,1,3,B | 11 | 13.33 (.525); 13.10 (.516) | 15.01; (.591) | 44°28' | 151°6' | 208°54' | 315°32' | 2.73; (.107),unreviewed
MIL-DTL-38999N.pdf,109,1,4,C | 13 | 16.79 (.661); 16.53 (.651) | 18.34; (.722) | 44°25' | 150°31' | 209°29' | 315°35' | ,unreviewed
MIL-DTL-38999N.pdf,109,1,5,D | 15 | 19.96 (.786); 19.71 (.776) | 21.49; (.846) | 44°33' | 150°24' | 209°36' | 315°27' | 3.26; (.128),unreviewed
MIL-DTL-38999N.pdf,109,1,6,E | 17 | 23.17 (.912); 22.91 (.902) | 24.66; (.971) | 44°36' | 150°22 | 209°38' | 315°24' | ,unreviewed
MIL-DTL-38999N.pdf,109,1,7,F | 19 | 26.06 (1.026); 25.81 (1.016) | 27.69; (1.090) | 44°33' | 150°27 | 209°33' | 315°27' | 3.76; (.148),unreviewed
MIL-DTL-38999N.pdf,109,1,8,G | 21 | 29.24 (1.151); 28.98 (1.141) | 30.86; (1.215) | 44°34' | 150°23' | 209°37' | 315°26' | ,unreviewed
MIL-DTL-38999N.pdf,109,1,9,H | 23 | 32.41 (1.276); 32.16 (1.266) | 34.14; (1.344) | 44°34' | 150°20' | 209°40' | 315°26' | 4.28; (.169),unreviewed
MIL-DTL-38999N.pdf,109,1,10,J | 25 | 35.59 (1.401); 35.33 (1.391) | 37.36; (1.471) | 44°42' | 150°22' | 209°38' | 315°18' | ,unreviewed
MIL-DTL-38999N.pdf,110,1,1,Receptacle; Main key and keyway polarization |  |  |  |  |  |  |  |  |  | Main key; (receptacle); (BSC); (see note 2) | ,unreviewed
MIL-DTL-38999N.pdf,110,1,2,"Shell; size; code; (see; note; 15) | Shell; size | MM; dia; (BSC) | PP° | QQ° | RR° | SS° | Z | Z²; (all; polariza-; tions; except; K) | Z²; (K; polarization; only,; see; note 16) | Socket; contact; T1 | Pin; contact; T2; (see; note 4)",unreviewed
MIL-DTL-38999N.pdf,110,1,3,B | 11 | 13.09; (.515) | 47°21' | 148°13' | 211°47' | 312°39' | 1.83; (.072); 1.52; (.060) | 1.83; (.072); 1.52; (.060) | 2.46; (.097); 2.16; (.085) | 1.90; (.075) | 2.78; (.109),unreviewed
MIL-DTL-38999N.pdf,110,1,4,C | 13 | 16.51; (.650) | 46°34' | 148°22' | 211°38' | 313°26' |  |  |  | 1.94; (.076) | 2.85; (.112),unreviewed
MIL-DTL-38999N.pdf,110,1,5,D | 15 | 19.69; (.775) | 46°23' | 148°35' | 211°25' | 313°26' | 2.34; (.092); 2.03; (.080) | 2.34; (.092); 2.03; (.080) | 3.23; (.127); 2.92; (.115) | 2.43; (.096) | 3.36; (.132),unreviewed
MIL-DTL-38999N.pdf,110,1,6,E | 17 | 22.89; (.901) | 46°11' | 148°47' | 211°13' | 313°49' |  |  |  | 2.45; (.096) | 3.40; (.134),unreviewed
MIL-DTL-38999N.pdf,110,1,7,F | 19 | 25.79; (1.015) | 45°33' | 149°27 | 210°33' | 314°27' | 2.85; (.112); 2.54; (.100) | 2.85; (.112); 2.54; (.100) | 3.99; (.157); 3.68; (.145) | 2.96; (.117) | 3.91; (.154),unreviewed
MIL-DTL-38999N.pdf,110,1,8,G | 21 | 28.96; (1.140) | 45°28' | 149°29' | 210°31' | 314°32' |  |  |  | 2.99; (.118) | 3.94; (.155),unreviewed
MIL-DTL-38999N.pdf,110,1,9,H | 23 | 32.14; (1.265) | 45°25' | 149°29' | 210°31' | 314°35 | 3.35; (.132); 3.04; (.120) | 3.35; (.132); 3.04; (.120) | 4.75; (.187); 4.45; (.175) | 3.50; (.138) | 4.46; (.176),unreviewed
MIL-DTL-38999N.pdf,110,1,10,J | 25 | 35.31; (1.390) | 45°30' | 149°34' | 210°26' | 314°30' |  |  |  | 3.53; (.139) | 4.49; (.177),unreviewed
MIL-DTL-38999N.pdf,111,1,1,Key and keyway arrangement; polarity dimensions |  |  |  |  |  |  |  |  | ,unreviewed
MIL-DTL-38999N.pdf,111,1,2, | N | A | B | C | D | K; (see; note 16) | L | M | R,unreviewed
MIL-DTL-38999N.pdf,111,1,3,X°; XX° | 110° | 100° | 90° | 80° | 70° | 120° | 120° | 120° | 120°,unreviewed
MIL-DTL-38999N.pdf,111,1,4,Y°; YY° | 250° | 260° | 270° | 280° | 290° | 255° | 265° | 275° | 285°,unreviewed
MIL-DTL-38999N.pdf,111,2,1,"Plug, outer coupling ring, main key and keyway polarization |  |  |  |  |  |  | ",unreviewed
MIL-DTL-38999N.pdf,111,2,2,Shell; size; code; (see note; 15) | Shell; size | L; dia | M; dia; (BSC) | P° | Q° | R° | S°,unreviewed
MIL-DTL-38999N.pdf,111,2,3,B | 11 | 13.26 (.522); 13.16 (.518) | 16.28; (.641) | 46°22' | 149°13' | 10°47' | 313°38',unreviewed
MIL-DTL-38999N.pdf,111,2,4,C | 13 | 16.68 (.657); 16.58 (.653) | 19.35; (.762) | 45°54' | 149°3' | 210°57' | 314°6',unreviewed
MIL-DTL-38999N.pdf,111,2,5,D | 15 | 19.86 (.782); 19.76 (.778) | 22.50; (.886) | 45°48' | 149°10' | 210°50' | 314°12',unreviewed
MIL-DTL-38999N.pdf,111,2,6,E | 17 | 23.06 (.908); 22.96 (.904) | 25.68; (1.011) | 45°40' | 149°19' | 210°41' | 314°20',unreviewed
MIL-DTL-38999N.pdf,111,2,7,F | 19 | 25.96(1.022); 25.86(1.018) | 27.71; (1.091) | 45°34' | 149°27' | 210°33' | 314°26',unreviewed
MIL-DTL-38999N.pdf,111,2,8,G | 21 | 29.13(1.147); 29.03(1.143) | 30.88; (1.216) | 45°29' | 149°29' | 210°31' | 314°31',unreviewed
MIL-DTL-38999N.pdf,111,2,9,H | 23 | 32.31 (1.272); 32.21 (1.268) | 34.16; (1.345) | 45°27' | 149°28' | 210°32' | 314°33',unreviewed
MIL-DTL-38999N.pdf,111,2,10,J | 25 | 35.48 (1.397); 35.38 (1.393) | 37.38; (1.472) | 45°30' | 149°34' | 210°26' | 314°30',unreviewed
MIL-DTL-38999N.pdf,112,1,1,"Plug, outer coupling ring, main key and keyway polarization |  |  |  |  |  |  | ",unreviewed
MIL-DTL-38999N.pdf,112,1,2,Shell; size; code; (see; note 15) | Shell size | U | U²; (all; polarizations; except K) | U²; (K polarization; only) | UU; max | UU²; max (all; polarizations; except K) | UU²; max; (K; polarization; only ),unreviewed
MIL-DTL-38999N.pdf,112,1,3,B | 11 | 1.26 (.050); 0.95 (.037) | 1.26 (.050); 0.95 (.037) | 2.06 (.081); 1.96 (.077) | 2.42 (.095) | 2.42 (.095) | 3.20 (.126),unreviewed
MIL-DTL-38999N.pdf,112,1,4,C | 13 |  |  |  | 2.22 (.087) | 2.22 (.087) | 3.00 (.118),unreviewed
MIL-DTL-38999N.pdf,112,1,5,D | 15 | 1.77 (.070); 1.46 (.057) | 1.77 (.070); 1.46 (.057) | 2.82 (.111); 2.72 (.107) | 2.76 (.109) | 2.76 (.109) | 3.81 (.150),unreviewed
MIL-DTL-38999N.pdf,112,1,6,E | 17 |  |  |  | 2.71 (.107) | 2.71 (.107) | 3.58 (.141),unreviewed
MIL-DTL-38999N.pdf,112,1,7,F | 19 | 2.28 (.090); 1.97 (.078) | 2.28 (.090); 1.97 (.078) | 3.58 (.141); 3.48 (.137) | 2.94 (.116) | 2.94 (.116) | 4.24 (.167),unreviewed
MIL-DTL-38999N.pdf,112,1,8,G | 21 |  |  |  | 2.92 (.115) | 2.92 (.115) | 4.22 (.166),unreviewed
MIL-DTL-38999N.pdf,112,1,9,H | 23 | 2.78 (.109); 2.47 (.097) | 2.78 (.109); 2.47 (.097) | 4.34 (.171); 4.24 (.167) | 3.47 (.137) | 3.47 (.137) | 5.05 (.199),unreviewed
MIL-DTL-38999N.pdf,112,1,10,J | 25 |  |  |  | 3.47 (.137) | 3.47 (.137) | 5.05 (.199),unreviewed
MIL-DTL-38999N.pdf,112,2,1,"Plug, outer coupling ring, main key and keyway polarization |  |  | ",unreviewed
MIL-DTL-38999N.pdf,112,2,2,Shell; size; code; (see note 15) | Shell; size | W1; BSC; pin contact; (see note 7) | W2; BSC; socket contact; (see notes 4 and 7),unreviewed
MIL-DTL-38999N.pdf,112,2,3,B | 11 | 1.82 (.072) | 2.84 (.112),unreviewed
MIL-DTL-38999N.pdf,112,2,4,C | 13 | 1.85 (.073) | 2.87 (.113),unreviewed
MIL-DTL-38999N.pdf,112,2,5,D | 15 | 2.36 (.093) | 3.37 (.133),unreviewed
MIL-DTL-38999N.pdf,112,2,6,E | 17 |  | ,unreviewed
MIL-DTL-38999N.pdf,112,2,7,F | 19 | 2.87 (.113) | 3.89 (.153),unreviewed
MIL-DTL-38999N.pdf,112,2,8,G | 21 |  | ,unreviewed
MIL-DTL-38999N.pdf,112,2,9,H | 23 | 3.37 (.133) | 4.39 (.173),unreviewed
MIL-DTL-38999N.pdf,112,2,10,J | 25 |  | ,unreviewed
MIL-DTL-38999N.pdf,115,1,1,Shell; size | A; dia; (grommet); max | HH; dia; +.001; -.005 | NN | PP; dia; ±.003 | XP; min; dia | YP; max; dia | V V; thread class 2A; UNEF(plated); (see note 3),unreviewed
MIL-DTL-38999N.pdf,115,1,2,9 | 0.299 | 0.386 | 12 | 0.344 | 0.434 | 0.641 | .4375-28,unreviewed
MIL-DTL-38999N.pdf,115,1,3,11 | 0.427 | 0.503 | 16 | 0.472 | 0.548 | 0.766 | .5625-24,unreviewed
MIL-DTL-38999N.pdf,115,1,4,13 | 0.541 | 0.628 | 20 | 0.586 | 0.673 | 0.891 | .6875-24,unreviewed
MIL-DTL-38999N.pdf,115,1,5,15 | 0.666 | 0.742 | 24 | 0.711 | 0.798 | 1.016 | .8125-20,unreviewed
MIL-DTL-38999N.pdf,115,1,6,17 | 0.791 | 0.866 | 28 | 0.836 | 0.899 | 1.125 | .9375-20,unreviewed
MIL-DTL-38999N.pdf,115,1,7,19 | 0.897 | 0.984 | 32 | 0.942 | 1.024 | 1.250 | 1.0625-18,unreviewed
MIL-DTL-38999N.pdf,115,1,8,21 | 1.022 | 1.109 | 36 | 1.067 | 1.149 | 1.375 | 1.1875-18,unreviewed
MIL-DTL-38999N.pdf,115,1,9,23 | 1.147 | 1.234 | 40 | 1.192 | 1.274 | 1.500 | 1.3125-18,unreviewed
MIL-DTL-38999N.pdf,115,1,10,25 | 1.272 | 1.359 | 44 | 1.317 | 1.399 | 1.625 | 1.4375-18,unreviewed
MIL-DTL-38999N.pdf,119,1,1,Shell; size | G; grommet; projection; class T only | HH; dia; +.001; -.005 | NN | PP; dia; ±.003 | XE; max; dia | XP; min; dia,unreviewed
MIL-DTL-38999N.pdf,119,1,2,8 | .120; ±.030 | .387 | 12 | .344 | .594 | .434,unreviewed
MIL-DTL-38999N.pdf,119,1,3,10 |  | .515 | 16 | .472 | .719 | .548,unreviewed
MIL-DTL-38999N.pdf,119,1,4,12 |  | .628 | 20 | .586 | .844 | .673,unreviewed
MIL-DTL-38999N.pdf,119,1,5,14 |  | .754 | 24 | .711 | .969 | .798,unreviewed
MIL-DTL-38999N.pdf,119,1,6,16 |  | .879 | 28 | .836 | 1.094 | .899,unreviewed
MIL-DTL-38999N.pdf,119,1,7,18 |  | .985 | 32 | .942 | 1.219 | 1.024,unreviewed
MIL-DTL-38999N.pdf,119,1,8,20 |  | 1.110 | 36 | 1.067 | 1.344 | 1.149,unreviewed
MIL-DTL-38999N.pdf,119,1,9,22 |  | 1.235 | 40 | 1.192 | 1.469 | 1.274,unreviewed
MIL-DTL-38999N.pdf,119,1,10,24 | .090; ±.050 | 1.360 | 44 | 1.317 | 1.594 | 1.399,unreviewed
MIL-DTL-38999N.pdf,119,2,1,Shell; size | YP; max; dia | VV; thread class 2A; UNEF plated; (see note 3) | A; dia; grommet; max | CC; min; dia | B; min,unreviewed
MIL-DTL-38999N.pdf,119,2,2,8 | .641 | .4375-28 | .299 | .578 | .135,unreviewed
MIL-DTL-38999N.pdf,119,2,3,10 | .766 | .5625-24 | .427 | .719 | ,unreviewed
MIL-DTL-38999N.pdf,119,2,4,12 | .891 | .6875-24 | .541 | .844 | ,unreviewed
MIL-DTL-38999N.pdf,119,2,5,14 | 1.016 | .8125-20 | .666 | .969 | ,unreviewed
MIL-DTL-38999N.pdf,119,2,6,16 | 1.125 | .9375-20 | .791 | 1.094 | ,unreviewed
MIL-DTL-38999N.pdf,119,2,7,18 | 1.250 | 1.0625-18 | .897 | 1.219 | .109,unreviewed
MIL-DTL-38999N.pdf,119,2,8,20 | 1.375 | 1.1875-18 | 1.022 | 1.344 | ,unreviewed
MIL-DTL-38999N.pdf,119,2,9,22 | 1.500 | 1.3125-18 | 1.147 | 1.469 | ,unreviewed
MIL-DTL-38999N.pdf,119,2,10,24 | 1.625 | 1.4375-18 | 1.272 | 1.594 | ,unreviewed
MIL-DTL-38999N.pdf,123,1,1,Shell; size; code; (see note 5) | Shell; size | A; max | HH; +.00; -.15 | NN | PP; max | VV; thread,unreviewed
MIL-DTL-38999N.pdf,123,1,2,A | 9 | 7.59 (.299) | 10.57 (.416) | 12 | 8.80 (.346) | M12x1.0-6g 0.100R,unreviewed
MIL-DTL-38999N.pdf,123,1,3,B | 11 | 10.85 (.427) | 13.56 (.534) | 16 | 12.07 (.475) | M15x1.0-6g 0.100R,unreviewed
MIL-DTL-38999N.pdf,123,1,4,C | 13 | 13.74 (.541) | 16.58 (.653) | 20 | 14.96 (.589) | M18x1.0-6g 0.100R,unreviewed
MIL-DTL-38999N.pdf,123,1,5,D | 15 | 16.92 (.666) | 20.57 (.810) | 24 | 18.14 (.714) | M22x1.0-6g 0.100R,unreviewed
MIL-DTL-38999N.pdf,123,1,6,E | 17 | 20.09 (.791) | 23.57 (.928) | 28 | 21.31 (.839) | M25x1.0-6g 0.100R,unreviewed
MIL-DTL-38999N.pdf,123,1,7,F | 19 | 22.78 (.897) | 26.57 (1.046) | 32 | 24.00 (.945) | M28x1.0-6g 0.100R,unreviewed
MIL-DTL-38999N.pdf,123,1,8,G | 21 | 25.96 (1.022) | 29.57 (1.164) | 36 | 27.18 (1.070) | M31x1.0-6g 0.100R,unreviewed
MIL-DTL-38999N.pdf,123,1,9,H | 23 | 29.13 (1.147) | 32.56 (1.282) | 40 | 30.35 (1.194) | M34x1.0-6g 0.100R,unreviewed
MIL-DTL-38999N.pdf,123,1,10,J | 25 | 32.31 (1.272) | 35.56 (1.400) | 44 | 33.53 (1.320) | M37x1.0-6g 0.100R,unreviewed
MIL-DTL-38999N.pdf,124,1,1,Metric external thread dimensions (VV) for series III and IV |  |  |  |  |  | ,unreviewed
MIL-DTL-38999N.pdf,124,1,2,Designation; (thread size) | Major diameter |  | Pitch diameter |  | Minor diameter | ,unreviewed
MIL-DTL-38999N.pdf,124,1,3, | max | min | max | min | max | min,unreviewed
MIL-DTL-38999N.pdf,124,1,4,M12x1.0-6g 0.100R | 11.974 | 11.794 | 11.324 | 11.206 | 10.747 | 10.557,unreviewed
MIL-DTL-38999N.pdf,124,1,5,M15x1.0-6g 0.100R | 14.974 | 14.794 | 14.324 | 14.206 | 13.747 | 13.557,unreviewed
MIL-DTL-38999N.pdf,124,1,6,M17x1.0-6g 0.100R | 16.974 | 16.794 | 16.324 | 16.206 | 15.747 | 15.557,unreviewed
MIL-DTL-38999N.pdf,124,1,7,M18x1.0-6g 0.100R | 17.974 | 17.794 | 17.324 | 17.206 | 16.747 | 16.557,unreviewed
MIL-DTL-38999N.pdf,124,1,8,M20x1.0-6g 0.100R | 19.974 | 19.794 | 19.324 | 19.206 | 18.747 | 18.557,unreviewed
MIL-DTL-38999N.pdf,124,1,9,M22x1.0-6g 0.100R | 21.974 | 21.794 | 21.324 | 21.206 | 20.747 | 20.557,unreviewed
MIL-DTL-38999N.pdf,124,1,10,M25x1.0-6g 0.100R | 24.974 | 24.794 | 24.324 | 24.199 | 23.747 | 23.550,unreviewed
MIL-DTL-38999N.pdf,124,1,11,M28x1.0-6g 0.100R | 27.974 | 27.794 | 27.324 | 27.199 | 26.747 | 26.550,unreviewed
MIL-DTL-38999N.pdf,124,1,12,M31x1.0-6g 0.100R | 30.974 | 30.794 | 30.324 | 30.199 | 29.747 | 29.550,unreviewed
MIL-DTL-38999N.pdf,124,1,13,M32x1.0-6g 0.100R | 31.974 | 31.794 | 31.324 | 31.199 | 30.747 | 30.550,unreviewed
MIL-DTL-38999N.pdf,124,1,14,M34x1.0-6g 0.100R | 33.974 | 33.794 | 33.324 | 33.199 | 32.747 | 32.550,unreviewed
MIL-DTL-38999N.pdf,124,1,15,M35x1.0-6g 0.100R | 34.974 | 34.794 | 34.324 | 34.199 | 33.747 | 33.550,unreviewed
MIL-DTL-38999N.pdf,124,1,16,M37x1.0-6g 0.100R | 36.974 | 36.794 | 36.324 | 36.199 | 35.747 | 35.550,unreviewed
MIL-DTL-38999N.pdf,124,1,17,M38x1.0-6g 0.100R | 37.974 | 37.794 | 37.324 | 37.199 | 36.747 | 36.550,unreviewed
MIL-DTL-38999N.pdf,124,1,18,M41x1.0-6g 0.100R | 40.974 | 40.794 | 40.324 | 40.199 | 39.747 | 39.550,unreviewed
MIL-DTL-38999N.pdf,124,1,19,M44x1.0-6g 0.100R | 43.974 | 43.794 | 43.324 | 43.199 | 42.747 | 42.550,unreviewed
MIL-DTL-38999N.pdf,124,1,20,M47x1.0-6g 0.100R | 46.974 | 46.794 | 46.324 | 46.199 | 45.747 | 45.550,unreviewed
MIL-DTL-38999N.pdf,126,1,1,Shell A; size di; m | AA; a dia; in min; n; fo | B; +.00; -.25; (see; ote 5; r size; 8-9) | C; +.25; -.00 | E; dia; min | F G; +.00 +.25; -.25 -.00 | R1 R2 | T; dia; ±.13,unreviewed
MIL-DTL-38999N.pdf,126,1,2,8-9 16.; (.6 | 66 13.11 1; 56) (.516) ( | 6.70; .657) | 17.6; (.693) | 14.15; (.557) | 21.08 22.48; (.830) (.885) | 18.26 15.09; (.719) (.594) | 3.25; (.128),unreviewed
MIL-DTL-38999N.pdf,126,1,3,10-11 20.; (.7 | 22 15.88 1; 96) (.625) ( | 9.59; .771) | 20.96; (.825) | 17.32; (.682) | 24.26 25.65; (.955) (1.010) | 20.62 18.26; (.812) (.719) | 3.25; (.128),unreviewed
MIL-DTL-38999N.pdf,126,1,4,12-13 23.; (.9 | 42 19.05 2; 22) (.750) ( | 4.26; .955) | 25.65; (1.010) | 21.69; (.854) | 27.56 28.83; (1.085) (1.135) | 23.01 20.62; (.906) (.812) | 3.25; (.128),unreviewed
MIL-DTL-38999N.pdf,126,1,5,14-15 26.; (1.0 | 59 23.01 2; 47) (.906) (1 | 7.56; .085) | 28.83; (1.135) | 24.87; (.979) | 30.73 32.01; (1.210) (1.260) | 24.61 23.01; (.969) (.906) | 3.25; (.128),unreviewed
MIL-DTL-38999N.pdf,126,1,6,16-17 30.; (1.2 | 96 25.81 3; 19) (1.016) (1 | 0.73; .210) | 32.01; (1.260) | 28.04; (1.104) | 33.91 35.18; (1.335) (1.385) | 26.97 24.61; (1.062) (.969) | 3.25; (.128),unreviewed
MIL-DTL-38999N.pdf,126,1,7,18-19 32.; (1.2 | 94 28.98 3; 97) (1.141) (1 | 3.91; .335) | 35.18; (1.385) | 31.22; (1.229) | 37.08 38.35; (1.460) (1.510) | 29.36 26.97; (1.156) (1.062) | 3.25; (.128),unreviewed
MIL-DTL-38999N.pdf,126,1,8,20-21 36.; (1.4 | 12 32.16 3; 22) (1.266) (1 | 7.08; .460) | 38.35; (1.510) | 34.39; (1.354) | 40.26 41.53; (1.585) (1.635) | 31.75 29.36; (1.250) (1.156) | 3.25; (.128),unreviewed
MIL-DTL-38999N.pdf,126,1,9,22-23 39.; (1.5 | 29 34.93 4; 47) (1.375) (1 | 0.26; .585) | 41.53; (1.635) | 37.57; (1.479) | 43.42 44.70; (1.709) (1.760) | 34.93 31.75; (1.375) (1.250) | 3.91; (.154),unreviewed
MIL-DTL-38999N.pdf,126,1,10,24-25 42.; (1.6 | 47 37.69 4; 72) (1.484) (1 | 3.43; .710) | 44.70; (1.760) | 40.74; (1.604) | 46.61 47.88; (1.835) (1.885) | 38.10 34.93; (1.500) (1.375) | 3.81; (.150),unreviewed
MIL-DTL-38999N.pdf,127,1,1,Recommended jam nut torque values |  |  | ,unreviewed
MIL-DTL-38999N.pdf,127,1,2,UN; thread sizes; -2B | Torque; min/max; (inch-lbs) | Connector shell size; reference | ,unreviewed
MIL-DTL-38999N.pdf,127,1,3, |  | Series I | Series II,unreviewed
MIL-DTL-38999N.pdf,127,1,4,.6875-24 UNEF | 28/34 | 9 | --,unreviewed
MIL-DTL-38999N.pdf,127,1,5,.8125-20 UNEF | 34/40 | 11 | --,unreviewed
MIL-DTL-38999N.pdf,127,1,6,.875-20 UNEF | 40/46 | -- | 8,unreviewed
MIL-DTL-38999N.pdf,127,1,7,1.000-20 UNEF | 50/55 | 13 | 10,unreviewed
MIL-DTL-38999N.pdf,127,1,8,1.125-18 UN | 70/75 | 15 | 12,unreviewed
MIL-DTL-38999N.pdf,127,1,9,1.250-18 UN | 80/85 | 17 | 14,unreviewed
MIL-DTL-38999N.pdf,127,1,10,1.375-18 UNEF | 80/85 | 19 | 16,unreviewed
MIL-DTL-38999N.pdf,127,1,11,1.500-18 UN | 105/115 | 21 | 18,unreviewed
MIL-DTL-38999N.pdf,127,1,12,1.625-18 UNEF | 105/115 | 23 | 20,unreviewed
MIL-DTL-38999N.pdf,127,1,13,1.750-18 UNS | 110/120 | 25 | 22,unreviewed
MIL-DTL-38999N.pdf,127,1,14,1.875-16 UN | 120/130 | -- | 24,unreviewed
MIL-DTL-38999N.pdf,127,1,15,-- | -- | -- | --,unreviewed
MIL-DTL-38999N.pdf,127,2,1,Recommended jam nut torque values |  |  | ,unreviewed
MIL-DTL-38999N.pdf,127,2,2,Metric; thread sizes; X1-6H | Torque; min/max | Connector shell size; reference | ,unreviewed
MIL-DTL-38999N.pdf,127,2,3, |  | Series III | Series IV,unreviewed
MIL-DTL-38999N.pdf,127,2,4,M17 | 30/36 | 9 | --,unreviewed
MIL-DTL-38999N.pdf,127,2,5,M20 | 40/46 | 11 | --,unreviewed
MIL-DTL-38999N.pdf,127,2,6,M25 | 55/60 | 13 | 11,unreviewed
MIL-DTL-38999N.pdf,127,2,7,M28 | 70/75 | 15 | 13,unreviewed
MIL-DTL-38999N.pdf,127,2,8,M31 | 70/75 | -- | 15,unreviewed
MIL-DTL-38999N.pdf,127,2,9,M32 | 80/85 | 17 | --,unreviewed
MIL-DTL-38999N.pdf,127,2,10,M34 | 80/85 | -- | 17,unreviewed
MIL-DTL-38999N.pdf,127,2,11,M35 | 90/95 | 19 | --,unreviewed
MIL-DTL-38999N.pdf,127,2,12,M38 | 100/110 | 21 | 19,unreviewed
MIL-DTL-38999N.pdf,127,2,13,M41 | 110/120 | 23 | 21,unreviewed
MIL-DTL-38999N.pdf,127,2,14,M44 | 120/130 | 25 | 23,unreviewed
MIL-DTL-38999N.pdf,127,2,15,M47 | 120/130 | -- | 25,unreviewed
MIL-DTL-38999N.pdf,132,1,1,Contact; size | A; dia | C; dia; min | D; dia | E; min | F; dia | G,unreviewed
MIL-DTL-38999N.pdf,132,1,2,23 | .0260; .0275 | .033 | .040; .035 | .125; .094 | .055; .051 | .080; .050,unreviewed
MIL-DTL-38999N.pdf,132,1,3,22; 22D; 22M; (see note 8) | .0305; .0295 | .036 | .040; .035 | .125; .094 | .055; .051 | .080; .050,unreviewed
MIL-DTL-38999N.pdf,132,1,4,20 | .041; .039 | .045 | .048; .042 | .156; .125 | .088; .061 | .114; .068,unreviewed
MIL-DTL-38999N.pdf,132,1,5,16 | .0635; .0615 | .067 | .082; .069 | .172; .141 | .103; .097 | .114; .068,unreviewed
MIL-DTL-38999N.pdf,132,1,6,12 | .095; .093 | .099 | .120; .112 | .172; .141 | .142; .136 | .114; .068,unreviewed
MIL-DTL-38999N.pdf,132,1,7,10 | .126; .124 | .130 | .146; .138 | .188; .157 | .173; .167 | .145; .097,unreviewed
MIL-DTL-38999N.pdf,132,2,1,Contact; size | H; dia; +.005; -.000 | R; ±.002 | J; min | K; max | L; min | M; min,unreviewed
MIL-DTL-38999N.pdf,132,2,2,23 | .050 | .013 | .010 | .062 | .031 | .012,unreviewed
MIL-DTL-38999N.pdf,132,2,3,22; 22D; 22M; (see note 8) | .062 | .013 | .010 | .062 | .031 | .012,unreviewed
MIL-DTL-38999N.pdf,132,2,4,20 | .071 | .026 | .015 | .085 | .042 | .012,unreviewed
MIL-DTL-38999N.pdf,132,2,5,16 | .104 | --- | .015 | .118 | .065 | .020,unreviewed
MIL-DTL-38999N.pdf,132,2,6,12 | .140 | --- | 0.025 | .190 | .096 | .020,unreviewed
MIL-DTL-38999N.pdf,132,2,7,10 | .171 | --- | .040 | .250 | .127 | .030,unreviewed
MIL-DTL-38999N.pdf,134,1,1,Contact; size | Detail A |  | Detail B |  | ,unreviewed
MIL-DTL-38999N.pdf,134,1,2, | F dia | G dia | E dia | J | K,unreviewed
MIL-DTL-38999N.pdf,134,1,3,22; 22D; 22M; (see note 4) | .038 (0.97); .035 (0.89) | .067 (1.70); .063 (1.60) | .077 (1.96); .069 (1.75) | .040 (1.02); .030 (0.76) | 28°; 26°,unreviewed
MIL-DTL-38999N.pdf,134,1,4,20 | .052 (1.32); .049 (1.24) | .089 (2.26); .085 (2.16) | .099 (2.51); .091 (2.31) |  | ,unreviewed
MIL-DTL-38999N.pdf,134,1,5,16 | .074 (1.88); .071 (1.80) | .112 (2.84); .108 (2.74) | .122 (3.10); .114 (2.90) |  | ,unreviewed
MIL-DTL-38999N.pdf,134,1,6,12 | .106 (2.69); .103 (2.62) | .144 (3.66); .140 (3.56) | .154 (3.91); .146 (3.71) |  | ,unreviewed
MIL-DTL-38999N.pdf,135,1,1,Contact; size | Detail A |  | Detail B |  | ,unreviewed
MIL-DTL-38999N.pdf,135,1,2, | F dia | G dia | E dia | C dia | D dia max,unreviewed
MIL-DTL-38999N.pdf,135,1,3,23 | 0.89 (.035); 0.81 (.032) | 1.52 (.060); 1.42 (.056) | 1.50 (.059); 1.37 (.054) | 1.22 (.048); 1.14 (.045) | 0.64; (.025),unreviewed
MIL-DTL-38999N.pdf,135,1,4,22D | 0.97 (.038); 0.89 (.035) | 1.70 (.067); 1.60 (.063) | 1.88 (.074); 1.75 (.069) | 1.35 (.053); 1.27 (.050) | 0.71; (.028),unreviewed
MIL-DTL-38999N.pdf,135,1,5,20 | 1.32 (.052); 1.24 (.049) | 2.26 (.089); 2.16 (.085) | 2.44 (.096); 2.31 (.091) | 1.91 (.075); 1.83 (.072) | 0.97; (.039),unreviewed
MIL-DTL-38999N.pdf,135,1,6,16 | 1.88 (.074); 1.80 (.071) | 2.84 (.112); 2.74 (.109) | 3.02 (.119); 2.90 (.114) | 2.49 (.098); 2.41 (.095) | 1.52; (.060),unreviewed
MIL-DTL-38999N.pdf,135,1,7,12 | 2.69 (.106); 2.62 (.103) | 3.66 (.144); 3.56 (.140) | 3.84 (.151); 3.71 (.146) | 3.30 (.130); 3.23 (.127) | 2.34; (.092),unreviewed
MIL-DTL-38999N.pdf,135,1,8,10 | 3.48 (.137); 3.40 (.134) | 4.45 (.175); 4.34 (.171) | 4.62 (.182); 4.50 (.177) | 4.09 (.161); 4.01 (.158) | 3.12; (.123),unreviewed
MIL-DTL-38999N.pdf,135,1,9,8; twinax or coax | 5.84 (.230); 5.77 (.227) | 6.81 (.268); 6.71 (.264) | 7.06 (.278); 6.93 (.273) | 6.50 (.256); 6.38 (.251) | 5.49; (.216),unreviewed
MIL-DTL-38999N.pdf,137,1,1,Contact; size | Detail A |  | Detail B |  | ,unreviewed
MIL-DTL-38999N.pdf,137,1,2, | F; dia | G; dia | E; dia | J | K,unreviewed
MIL-DTL-38999N.pdf,137,1,3,22; 22D; 22M; (see note 6) | 0.97 (.038); 0.89 (.035) | 1.70 (.067); 1.60 (.063) | 1.96 (.077); 1.75 (.069) | 1.02 (.040); 0.76 (.030) | 28°; 26°,unreviewed
MIL-DTL-38999N.pdf,137,1,4,20 | 1.32 (.052); 1.24 (.049) | 2.26 (.089); 2.16 (.085) | 2.51 (.099); 2.31 (.091) |  | ,unreviewed
MIL-DTL-38999N.pdf,137,1,5,16 | 1.88 (.074); 1.80 (.071) | 2.84 (.112); 2.74 (.108) | 3.10 (.122); 2.90 (.114) |  | ,unreviewed
MIL-DTL-38999N.pdf,137,1,6,12 | 2.69 (.106); 2.62 (.103) | 3.66 (.144); 3.56 (.140) | 3.91 (.154); 3.71 (.146) |  | ,unreviewed
MIL-DTL-38999N.pdf,139,1,1,Contact; size | A; +.0005; -.0000 | B; dia; +.0002; -.0000 | C; dia; +.0002; -.0000 | D; dia; +.0000; -.0002 | E; +.0000; -.0002 | G; dia; +.0000; -.0002,unreviewed
MIL-DTL-38999N.pdf,139,1,2,23 | .4200 | .0265 | .0540 | .0415 | .0120 | .0480,unreviewed
MIL-DTL-38999N.pdf,139,1,3,22D | .2950 | .0295 | .0600 | .0410 | .0330 | .0480,unreviewed
MIL-DTL-38999N.pdf,139,1,4,"20 | "" | .0390 | .0910 | --- | "" | .0700",unreviewed
MIL-DTL-38999N.pdf,139,1,5,"16 | "" | .0615 | .1270 | --- | "" | .1030",unreviewed
MIL-DTL-38999N.pdf,139,1,6,"12 | "" | .0930 | .1790 | --- | "" | .1510",unreviewed
MIL-DTL-38999N.pdf,139,1,7,"10 | "" | .1240 | .2380 | --- | "" | .2130",unreviewed
MIL-DTL-38999N.pdf,139,1,8,"8 twinax or; coax | "" | .2170 | .3110 | --- | "" | .2760",unreviewed
MIL-DTL-38999N.pdf,141,1,1,Contact; size | A; +.0005; -.0000 | B dia; +.0002; -.0000 | C dia; +.0002; -.0000 | D dia; +.0000; -.0002 | E; +.0000; -.0002 | G dia; +.0000; -.0002,unreviewed
MIL-DTL-38999N.pdf,141,1,2,23 | .4260 | .0265 | .0540 | .0415 | .0090 | .0480,unreviewed
MIL-DTL-38999N.pdf,141,1,3,22D | .3000 | .0295 | .0600 | .0410 | .0290 | .0480,unreviewed
MIL-DTL-38999N.pdf,141,1,4,"20 | "" | .0390 | .0910 | --- | "" | .0700",unreviewed
MIL-DTL-38999N.pdf,141,1,5,"16 | "" | .0615 | .1270 | --- | "" | .1030",unreviewed
MIL-DTL-38999N.pdf,141,1,6,"12 | "" | .0930 | .1790 | --- | "" | .1510",unreviewed
MIL-DTL-38999N.pdf,141,1,7,"10 | "" | .1240 | .2380 | --- | "" | .2130",unreviewed
MIL-DTL-38999N.pdf,141,1,8,"8; twinax or coax | "" | .2170 | .3110 | --- | "" | .2760",unreviewed
MIL-DTL-38999N.pdf,143,1,1,Contact; size | A; +.0005; -.0000 | B dia; +.0002; -.0000 | C dia; +.0002; -.0000 | D dia; +.0000; -.0002 | E; +.0000; -.0002 | G dia; +.0000; -.0002,unreviewed
MIL-DTL-38999N.pdf,143,1,2,23 | .6780 | .0540 | .0540 | .0415 | .0120 | .0480,unreviewed
MIL-DTL-38999N.pdf,143,1,3,22D | .5850 | .0600 | .0600 | .041 | --- | .0480,unreviewed
MIL-DTL-38999N.pdf,143,1,4,"20 | "" | .0770 | .0910 | --- | .0330 | .0700",unreviewed
MIL-DTL-38999N.pdf,143,1,5,"16 | "" | .1120 | .1270 | --- | "" | .1030",unreviewed
MIL-DTL-38999N.pdf,143,1,6,"12 | "" | .1600 | .1790 | --- | "" | .1510",unreviewed
MIL-DTL-38999N.pdf,143,1,7,"10 | "" | .2190 | .2380 | --- | "" | .2130",unreviewed
MIL-DTL-38999N.pdf,143,1,8,"8 twinax or; coax | .5900 | .2870 | .3110 | --- | "" | .2760",unreviewed
MIL-DTL-38999N.pdf,144,1,1,Contact; size | A; +.0005; -.0000 | B dia; +.0002; -.0000 | C dia; +.0002; -.0000 | D dia; +.0000; -.0002 | E; +.0000; -.0002 | G dia; +.0000; -.0002,unreviewed
MIL-DTL-38999N.pdf,144,1,2,22D | .2480; (6.30) | .0600; (1.52) | .0600; (1.52) | .0410; (1.04) | --- | .0480; (1.22),unreviewed
MIL-DTL-38999N.pdf,144,1,3,"20 | "" | .0770; (1.96) | .0910; (2.31) | --- | .0330; (.84) | .0700; (1.78)",unreviewed
MIL-DTL-38999N.pdf,144,1,4,"16 | "" | .1120; (2.84) | .1270; (3.23) | --- | "" | .1030; (2.62)",unreviewed
MIL-DTL-38999N.pdf,144,1,5,"12 | "" | .1600; (4.06) | .1790; (4.55) | --- | "" | .1510; (3.84)",unreviewed
MIL-DTL-38999N.pdf,147,1,1,Contact; size | A; +.0005; -.0000 | B; dia; +.0002; -.0000 | C; dia; +.0002; -.0000 | D; dia; +.0000; -.0002 | E; +.0000; -.0002 | G; dia; +.0000; -.0002,unreviewed
MIL-DTL-38999N.pdf,147,1,2,23 | .7260 | .0540 | ----- | .0415 | ---- | .0480,unreviewed
MIL-DTL-38999N.pdf,147,1,3,22D | .6260 | .0600 | .0600 | .0410 | --- | .0480,unreviewed
MIL-DTL-38999N.pdf,147,1,4,"20 | "" | .0770 | .0910 | --- | .0330 | .0700",unreviewed
MIL-DTL-38999N.pdf,147,1,5,"16 | "" | .1120 | .1270 | --- | "" | .1030",unreviewed
MIL-DTL-38999N.pdf,147,1,6,"12 | "" | .1600 | .1790 | --- | "" | .1510",unreviewed
MIL-DTL-38999N.pdf,147,1,7,"10 | "" | .2190 | .2380 | --- | "" | .2130",unreviewed
MIL-DTL-38999N.pdf,147,1,8,"8 twinax or; coax | .6310 | .2870 | .3110 | --- | "" | .2760",unreviewed
MIL-DTL-38999N.pdf,148,1,1,Contact; size | A; +.0005; -.0000 | B; dia; +.0002; -.0000 | C; dia; +.0002; -.0000 | D; dia; +.0000; -.0002 | E; +.0000; -.0002 | G; dia; +.0000; -.0002,unreviewed
MIL-DTL-38999N.pdf,148,1,2,22D | .2890; (7.34) | .0600; (1.52) | .0600; (1.52) | .0410; (1.04) | --- | .0480; (1.22),unreviewed
MIL-DTL-38999N.pdf,148,1,3,"20 | "" | .0770; (1.96) | .0910; (2.31) | --- | .0330; (.84) | .0700; (1.78)",unreviewed
MIL-DTL-38999N.pdf,148,1,4,"16 | "" | .1120; (2.84) | .1270; (3.23) | --- | "" | .1030; (2.62)",unreviewed
MIL-DTL-38999N.pdf,148,1,5,"12 | "" | .1600; (4.06) | .1790; (4.55) | --- | "" | .1510; (3.84)",unreviewed
MIL-DTL-38999N.pdf,151,1,1,Shell; size | L (mm); root to C.G.; + 10% - 0% | Weight (kg); backshell assembly; + 10% - 0% | LL (mm); ± 1,unreviewed
MIL-DTL-38999N.pdf,151,1,2,9 | 15.24 | .05 | 10.2,unreviewed
MIL-DTL-38999N.pdf,151,1,3,11 | 17.78 | .06 | 10.2,unreviewed
MIL-DTL-38999N.pdf,151,1,4,13 | 19.05 | .07 | 17.8,unreviewed
MIL-DTL-38999N.pdf,151,1,5,15 | 19.05 | .09 | 25.4,unreviewed
MIL-DTL-38999N.pdf,151,1,6,17 | 19.05 | .11 | 25.4,unreviewed
MIL-DTL-38999N.pdf,151,1,7,19 | 22.86 | .18 | 30.5,unreviewed
MIL-DTL-38999N.pdf,151,1,8,21 | 22.86 | .22 | 30.5,unreviewed
MIL-DTL-38999N.pdf,151,1,9,23 | 23.37 | .25 | 35.6,unreviewed
MIL-DTL-38999N.pdf,151,1,10,25 | 23.37 | .31 | 35.6,unreviewed
MIL-STD-1560C.pdf,8,1,1,"Dimensions, socket cavity diameter and pin engaging end diameter |  |  | ",unreviewed
MIL-STD-1560C.pdf,8,1,2,"Contact size | Connector specification | Contacts, number of places as applicable | ",unreviewed
MIL-STD-1560C.pdf,8,1,3," |  | insert, socket contact,; contact cavity diameter | pin contact,; engaging end diameter",unreviewed
MIL-STD-1560C.pdf,8,1,4,23-22 | MIL-DTL-38999 | .032 min | .0275 / .0260,unreviewed
MIL-STD-1560C.pdf,8,1,5,22 | MIL-DTL-27599 or; MIL-DTL-38999 | .036 min | .0300 ± .0005,unreviewed
MIL-STD-1560C.pdf,8,1,6,22D | MIL-DTL-38999 or; SAE-AS29600 series A | .035 min | .0300 ± .0005,unreviewed
MIL-STD-1560C.pdf,8,1,7,22M | MIL-DTL-27599 or; MIL-DTL-38999 | .036 min | .0300 ± .0005,unreviewed
MIL-STD-1560C.pdf,8,1,8,20 | MIL-DTL-27599 | .045 min | .040 ± .001,unreviewed
MIL-STD-1560C.pdf,8,1,9,20 | MIL-DTL-38999 or; SAE-AS29600 series A | .049 min | .040 ± .001,unreviewed
MIL-STD-1560C.pdf,8,1,10,16 | MIL-DTL-27599 | .067 min | .0625 ± .0010,unreviewed
MIL-STD-1560C.pdf,8,1,11,16 | MIL-DTL-38999 or; SAE-AS29600 series A | .071 min | .0625 ± .0010,unreviewed
MIL-STD-1560C.pdf,8,1,12,12 | MIL-DTL-27599 | .099 min | .094 ± .001,unreviewed
MIL-STD-1560C.pdf,8,1,13,12 | MIL-DTL-38999 or; SAE-AS29600 series A | .103 min | .094 ± .001,unreviewed
MIL-STD-1560C.pdf,8,1,14,10 | MIL-DTL-38999 | .134 min | .125 ± .001,unreviewed
MIL-STD-1560C.pdf,8,1,15,8; coax or twinax | MIL-DTL-38999 or; SAE-AS29600 series A | .227 min | .218 ± .001,unreviewed
MIL-STD-1560C.pdf,13,1,1,Title | Current; figure | Previous; section | Document | Series,unreviewed
MIL-STD-1560C.pdf,13,1,2,"Insert arrangement, electrical connector,; shell size 9 | 1 | 101 | MIL-DTL-38999 | I,III, IV",unreviewed
MIL-STD-1560C.pdf,13,1,3, |  |  | MIL-DTL-27599 | I,unreviewed
MIL-STD-1560C.pdf,13,1,4, |  |  | SAE-AS29600 | A,unreviewed
MIL-STD-1560C.pdf,13,1,5,"Insert arrangement, electrical connector,; shell size 11 | 2 | 102 | MIL-DTL-38999 | I,III, IV",unreviewed
MIL-STD-1560C.pdf,13,1,6, |  |  | MIL-DTL-27599 | I,unreviewed
MIL-STD-1560C.pdf,13,1,7, |  |  | SAE-AS29600 | A,unreviewed
MIL-STD-1560C.pdf,13,1,8,"Insert arrangement, electrical connector,; shell size 13 | 3 | 103 | MIL-DTL-38999 | I,III, IV",unreviewed
MIL-STD-1560C.pdf,13,1,9, |  |  | MIL-DTL-27599 | I,unreviewed
MIL-STD-1560C.pdf,13,1,10, |  |  | SAE-AS29600 | A,unreviewed
MIL-STD-1560C.pdf,13,1,11,"Insert arrangement, electrical connector,; shell size 15 | 4 | 104 | MIL-DTL-38999 | I,III, IV",unreviewed
MIL-STD-1560C.pdf,13,1,12, |  |  | MIL-DTL-27599 | I,unreviewed
MIL-STD-1560C.pdf,13,1,13, |  |  | SAE-AS29600 | A,unreviewed
MIL-STD-1560C.pdf,13,1,14,"Insert arrangement, electrical connector,; shell size 17 | 5 | 105 | MIL-DTL-38999 | I,III, IV",unreviewed
MIL-STD-1560C.pdf,13,1,15, |  |  | MIL-DTL-27599 | I,unreviewed
MIL-STD-1560C.pdf,13,1,16, |  |  | SAE-AS29600 | A,unreviewed
MIL-STD-1560C.pdf,13,1,17,"Insert arrangement, electrical connector,; shell size 19 | 6 | 106 | MIL-DTL-38999 | I,III, IV",unreviewed
MIL-STD-1560C.pdf,13,1,18, |  |  | MIL-DTL-27599 | I,unreviewed
MIL-STD-1560C.pdf,13,1,19, |  |  | SAE-AS29600 | A,unreviewed
MIL-STD-1560C.pdf,13,1,20,"Insert arrangement, electrical connector,; shell size 21 | 7 | 107 | MIL-DTL-38999 | I,III, IV",unreviewed
MIL-STD-1560C.pdf,13,1,21, |  |  | MIL-DTL-27599 | I,unreviewed
MIL-STD-1560C.pdf,13,1,22, |  |  | SAE-AS29600 | A,unreviewed
MIL-STD-1560C.pdf,13,1,23,"Insert arrangement, electrical connector,; shell size 23 | 8 | 108 | MIL-DTL-38999 | I,III, IV",unreviewed
MIL-STD-1560C.pdf,13,1,24, |  |  | MIL-DTL-27599 | I,unreviewed
MIL-STD-1560C.pdf,13,1,25, |  |  | SAE-AS29600 | A,unreviewed
MIL-STD-1560C.pdf,13,1,26,"Insert arrangement, electrical connector,; shell size 25 | 9 | 109 | MIL-DTL-38999 | I,III, IV",unreviewed
MIL-STD-1560C.pdf,13,1,27, |  |  | MIL-DTL-27599 | I,unreviewed
MIL-STD-1560C.pdf,13,1,28, |  |  | SAE-AS29600 | A,unreviewed
MIL-STD-1560C.pdf,13,1,29,"Insert arrangement, electrical connector,; shell size 8 | 10 | 201 | MIL-DTL-38999 | II",unreviewed
MIL-STD-1560C.pdf,13,1,30, |  |  | MIL-DTL-27599 | II,unreviewed
MIL-STD-1560C.pdf,13,1,31,"Insert arrangement, electrical connector,; shell size 10 | 11 | 202 | MIL-DTL-38999 | II",unreviewed
MIL-STD-1560C.pdf,13,1,32, |  |  | MIL-DTL-27599 | II,unreviewed
MIL-STD-1560C.pdf,13,1,33,"Insert arrangement, electrical connector,; shell size 12 | 12 | 203 | MIL-DTL-38999 | II",unreviewed
MIL-STD-1560C.pdf,13,1,34, |  |  | MIL-DTL-27599 | II,unreviewed
MIL-STD-1560C.pdf,13,1,35,"Insert arrangement, electrical connector,; shell size 14 | 13 | 204 | MIL-DTL-38999 | II",unreviewed
MIL-STD-1560C.pdf,13,1,36, |  |  | MIL-DTL-27599 | II,unreviewed
MIL-STD-1560C.pdf,13,1,37,"Insert arrangement, electrical connector,; shell size 16 | 14 | 205 | MIL-DTL-38999 | II",unreviewed
MIL-STD-1560C.pdf,13,1,38, |  |  | MIL-DTL-27599 | II,unreviewed
MIL-STD-1560C.pdf,13,1,39,"Insert arrangement, electrical connector,; shell size 18 | 15 | 206 | MIL-DTL-38999 | II",unreviewed
MIL-STD-1560C.pdf,13,1,40, |  |  | MIL-DTL-27599 | II,unreviewed
MIL-STD-1560C.pdf,13,1,41,"Insert arrangement, electrical connector,; shell size 20 | 16 | 207 | MIL-DTL-38999 | II",unreviewed
MIL-STD-1560C.pdf,13,1,42, |  |  | MIL-DTL-27599 | II,unreviewed
MIL-STD-1560C.pdf,13,1,43,"Insert arrangement, electrical connector,; shell size 22 | 17 | 208 | MIL-DTL-38999 | II",unreviewed
MIL-STD-1560C.pdf,13,1,44, |  |  | MIL-DTL-27599 | II,unreviewed
MIL-STD-1560C.pdf,13,1,45,"Insert arrangement, electrical connector,; shell size 24 | 18 | 209 | MIL-DTL-38999 | II",unreviewed
MIL-STD-1560C.pdf,13,1,46, |  |  | MIL-DTL-27599 | II,unreviewed
MIL-STD-1560C.pdf,14,1,1,"Shell size 9, figure 1 |  |  | ",unreviewed
MIL-STD-1560C.pdf,14,1,2,Insert arrangement | Page | Insert arrangement | Page,unreviewed
MIL-STD-1560C.pdf,14,1,3,9-3 | 14 | 9-35 | 18,unreviewed
MIL-STD-1560C.pdf,14,1,4,9-6 1/ | 15 | 9-44 1/ | 19,unreviewed
MIL-STD-1560C.pdf,14,1,5,9-7 | 16 | 9-98 | 20,unreviewed
MIL-STD-1560C.pdf,14,1,6,9-23 | 17 | ---- | ---,unreviewed
MIL-STD-1560C.pdf,14,2,1,"Shell size 11, figure 2 |  |  | ",unreviewed
MIL-STD-1560C.pdf,14,2,2,Insert arrangement | Page | Insert arrangement | Page,unreviewed
MIL-STD-1560C.pdf,14,2,3,11-2 | 21 | 11-23 | 25,unreviewed
MIL-STD-1560C.pdf,14,2,4,11-4 | 22 | 11-35 | 26,unreviewed
MIL-STD-1560C.pdf,14,2,5,11-5 | 23 | 11-98 | 27,unreviewed
MIL-STD-1560C.pdf,14,2,6,11-13 1/ | 24 | 11-99 | 28,unreviewed
MIL-STD-1560C.pdf,14,3,1,"Shell size 13, figure 3 |  |  | ",unreviewed
MIL-STD-1560C.pdf,14,3,2,Insert arrangement | Page | Insert arrangement | Page,unreviewed
MIL-STD-1560C.pdf,14,3,3,13-4 | 29 | 13-23 | 32,unreviewed
MIL-STD-1560C.pdf,14,3,4,13-8 | 30 | 13-35 | 34,unreviewed
MIL-STD-1560C.pdf,14,3,5,13-22 1/ | 31 | 13-98 | 35,unreviewed
MIL-STD-1560C.pdf,14,4,1,"Shell size 15, figure 4 |  |  | ",unreviewed
MIL-STD-1560C.pdf,14,4,2,Insert arrangement | Page | Insert arrangement | Page,unreviewed
MIL-STD-1560C.pdf,14,4,3,15-5 | 36 | 15-23 | 42,unreviewed
MIL-STD-1560C.pdf,14,4,4,15-15 | 37 | 15-35 | 44,unreviewed
MIL-STD-1560C.pdf,14,4,5,15-18 | 38 | 15-37 1/ | 46,unreviewed
MIL-STD-1560C.pdf,14,4,6,15-19 | 39 | 15-97 | 48,unreviewed
MIL-STD-1560C.pdf,14,4,7,15-21 | 40 | ---- | ---,unreviewed
MIL-STD-1560C.pdf,14,5,1,"Shell size 17, figure 5 |  |  | ",unreviewed
MIL-STD-1560C.pdf,14,5,2,Insert arrangement | Page | Insert arrangement | Page,unreviewed
MIL-STD-1560C.pdf,14,5,3,17-2 1/ | 49 | 17-23 | 56,unreviewed
MIL-STD-1560C.pdf,14,5,4,17-3 2/ | 51 | 17-26 | 58,unreviewed
MIL-STD-1560C.pdf,14,5,5,17-6 | 53 | 17-35 | 59,unreviewed
MIL-STD-1560C.pdf,14,5,6,17-8 | 54 | 17-55 1/ | 61,unreviewed
MIL-STD-1560C.pdf,14,5,7,17-11 | 55 | 17-99 | 63,unreviewed
MIL-STD-1560C.pdf,15,1,1,"Shell size 19, figure 6 |  |  | ",unreviewed
MIL-STD-1560C.pdf,15,1,2,Insert arrangement | Page | Insert arrangement | Page,unreviewed
MIL-STD-1560C.pdf,15,1,3,19-11 | 64 | 19-32 | 72,unreviewed
MIL-STD-1560C.pdf,15,1,4,19-18 1/ | 65 | 19-35 | 73,unreviewed
MIL-STD-1560C.pdf,15,1,5,19-19 2/ | 66 | 19-45 | 75,unreviewed
MIL-STD-1560C.pdf,15,1,6,19-23 | 67 | 19-66 1/ | 77,unreviewed
MIL-STD-1560C.pdf,15,1,7,19-28 | 70 | 19-67 1/ | 79,unreviewed
MIL-STD-1560C.pdf,15,1,8,19-30 | 71 | ---- | ---,unreviewed
MIL-STD-1560C.pdf,15,2,1,"Shell size 21, figure 7 |  |  | ",unreviewed
MIL-STD-1560C.pdf,15,2,2,Insert arrangement | Page | Insert arrangement | Page,unreviewed
MIL-STD-1560C.pdf,15,2,3,21-1 1/ | 81 | 21-29 | 91,unreviewed
MIL-STD-1560C.pdf,15,2,4,21-11 | 83 | 21-35 | 93,unreviewed
MIL-STD-1560C.pdf,15,2,5,21-16 | 84 | 21-39 | 95,unreviewed
MIL-STD-1560C.pdf,15,2,6,21-23 | 85 | 21-41 | 97,unreviewed
MIL-STD-1560C.pdf,15,2,7,21-24 | 88 | 21-75 1/ | 98,unreviewed
MIL-STD-1560C.pdf,15,2,8,21-25 | 89 | 21-76 2/ | 99,unreviewed
MIL-STD-1560C.pdf,15,2,9,21-27 | 90 | --- | ---,unreviewed
MIL-STD-1560C.pdf,15,3,1,"Shell size 23, figure 8 |  |  | ",unreviewed
MIL-STD-1560C.pdf,15,3,2,Insert arrangement | Page | Insert arrangement | Page,unreviewed
MIL-STD-1560C.pdf,15,3,3,23-1 1/ | 100 | 23-35 | 112,unreviewed
MIL-STD-1560C.pdf,15,3,4,23-2 1/ | 103 | 23-36 | 115,unreviewed
MIL-STD-1560C.pdf,15,3,5,23-21 | 105 | 23-53 | 117,unreviewed
MIL-STD-1560C.pdf,15,3,6,23-23 | 106 | 23-55 | 119,unreviewed
MIL-STD-1560C.pdf,15,3,7,23-32 | 110 | 23-97 | 121,unreviewed
MIL-STD-1560C.pdf,15,3,8,23-34 | 111 | 23-99 | 122,unreviewed
MIL-STD-1560C.pdf,16,1,1,"Shell size 25, figure 9 |  |  | ",unreviewed
MIL-STD-1560C.pdf,16,1,2,Insert arrangement | Page | Insert arrangement | Page,unreviewed
MIL-STD-1560C.pdf,16,1,3,25-1 1/ | 123 | 25-23 | 145,unreviewed
MIL-STD-1560C.pdf,16,1,4,25-2 1/ | 126 | 25-24 | 150,unreviewed
MIL-STD-1560C.pdf,16,1,5,25-4 | 129 | 25-29 | 151,unreviewed
MIL-STD-1560C.pdf,16,1,6,25-7 1/ | 131 | 25-35 | 152,unreviewed
MIL-STD-1560C.pdf,16,1,7,25-8 1/ | 134 | 25-37 | 155,unreviewed
MIL-STD-1560C.pdf,16,1,8,25-9 2/ | 135 | 25-43 | 157,unreviewed
MIL-STD-1560C.pdf,16,1,9,25-10 2/ | 138 | 25-46 1/ | 159,unreviewed
MIL-STD-1560C.pdf,16,1,10,25-11 | 139 | 25-47 2/ | 161,unreviewed
MIL-STD-1560C.pdf,16,1,11,25-19 | 140 | 25-61 | 163,unreviewed
MIL-STD-1560C.pdf,16,1,12,25-20 1/ | 141 | 25-90 1/ | 165,unreviewed
MIL-STD-1560C.pdf,16,1,13,25-21 2/ | 143 | 25-91 2/ | 167,unreviewed
MIL-STD-1560C.pdf,16,2,1,"Shell size 8, figure 10 |  |  | ",unreviewed
MIL-STD-1560C.pdf,16,2,2,Insert arrangement | Page | Insert arrangement | Page,unreviewed
MIL-STD-1560C.pdf,16,2,3,8-3 1/ | 169 | 8-44 1/ | 172,unreviewed
MIL-STD-1560C.pdf,16,2,4,8-6 | 170 | 8-98 | 173,unreviewed
MIL-STD-1560C.pdf,16,2,5,8-35 | 171 | ---- | ----,unreviewed
MIL-STD-1560C.pdf,16,3,1,"Shell size 10, figure 11 |  |  | ",unreviewed
MIL-STD-1560C.pdf,16,3,2,Insert arrangement | Page | Insert arrangement | Page,unreviewed
MIL-STD-1560C.pdf,16,3,3,10-5 | 174 | 10-98 | 177,unreviewed
MIL-STD-1560C.pdf,16,3,4,10-13 1/ | 175 | 10-99 | 178,unreviewed
MIL-STD-1560C.pdf,16,3,5,10-35 | 176 | ---- | ----,unreviewed
MIL-STD-1560C.pdf,16,4,1,"Shell size 12, figure 12 |  |  | ",unreviewed
MIL-STD-1560C.pdf,16,4,2,Insert arrangement | Page | Insert arrangement | Page,unreviewed
MIL-STD-1560C.pdf,16,4,3,12-3 | 179 | 12-22 1/ | 182,unreviewed
MIL-STD-1560C.pdf,16,4,4,12-4 | 180 | 12-35 | 183,unreviewed
MIL-STD-1560C.pdf,16,4,5,12-8 | 181 | 12-98 | 184,unreviewed
MIL-STD-1560C.pdf,16,5,1,"Shell size 14, figure 13 |  |  | ",unreviewed
MIL-STD-1560C.pdf,16,5,2,Insert arrangement | Page | Insert arrangement | Page,unreviewed
MIL-STD-1560C.pdf,16,5,3,14-5 | 185 | 14-35 | 188,unreviewed
MIL-STD-1560C.pdf,16,5,4,14-15 | 186 | 14-37 1/ | 189,unreviewed
MIL-STD-1560C.pdf,16,5,5,14-18 | 187 | 14-97 | 190,unreviewed
MIL-STD-1560C.pdf,17,1,1,"Shell size 16, figure 14 |  |  | ",unreviewed
MIL-STD-1560C.pdf,17,1,2,Insert arrangement | Page | Insert arrangement | Page,unreviewed
MIL-STD-1560C.pdf,17,1,3,16-6/7 | 191 | 16-42 1/ | 196,unreviewed
MIL-STD-1560C.pdf,17,1,4,16-8 | 192 | 16-55 1/ | 198,unreviewed
MIL-STD-1560C.pdf,17,1,5,16-26 | 193 | 16-99 | 200,unreviewed
MIL-STD-1560C.pdf,17,1,6,16-35 | 194 | ---- | ---,unreviewed
MIL-STD-1560C.pdf,17,2,1,"Shell size 18, figure 15 |  |  | ",unreviewed
MIL-STD-1560C.pdf,17,2,2,Insert arrangement | Page | Insert arrangement | Page,unreviewed
MIL-STD-1560C.pdf,17,2,3,18-11 | 201 | 18-45 | 210,unreviewed
MIL-STD-1560C.pdf,17,2,4,18-28 | 202 | 18-53 1/ | 212,unreviewed
MIL-STD-1560C.pdf,17,2,5,18-30 | 204 | 18-66 1/ | 214,unreviewed
MIL-STD-1560C.pdf,17,2,6,18-32 | 206 | 18-67 1/ | 216,unreviewed
MIL-STD-1560C.pdf,17,2,7,18-35 | 208 | 18-96 | 218,unreviewed
MIL-STD-1560C.pdf,17,3,1,"Shell size 20, figure 16 |  |  | ",unreviewed
MIL-STD-1560C.pdf,17,3,2,Insert arrangement | Page | Insert arrangement | Page,unreviewed
MIL-STD-1560C.pdf,17,3,3,20-1 1/ | 219 | 20-27 | 226,unreviewed
MIL-STD-1560C.pdf,17,3,4,20-2 1/ | 221 | 20-35 | 227,unreviewed
MIL-STD-1560C.pdf,17,3,5,20-16 | 223 | 20-39 | 229,unreviewed
MIL-STD-1560C.pdf,17,3,6,20-24 | 224 | 20-41 | 231,unreviewed
MIL-STD-1560C.pdf,17,3,7,20-25 | 225 | ---- | ---,unreviewed
MIL-STD-1560C.pdf,17,4,1,"Shell size 22, figure 17 |  |  | ",unreviewed
MIL-STD-1560C.pdf,17,4,2,Insert arrangement | Page | Insert arrangement | Page,unreviewed
MIL-STD-1560C.pdf,17,4,3,22-1 1/ | 232 | 22-36 | 244,unreviewed
MIL-STD-1560C.pdf,17,4,4,22-2 1/ | 235 | 22-53 | 246,unreviewed
MIL-STD-1560C.pdf,17,4,5,22-21 | 237 | 22-55 | 248,unreviewed
MIL-STD-1560C.pdf,17,4,6,22-32 | 238 | 22-97 | 250,unreviewed
MIL-STD-1560C.pdf,17,4,7,22-34 | 239 | 22-99 | 251,unreviewed
MIL-STD-1560C.pdf,17,4,8,22-35 | 241 | ---- | ---,unreviewed
MIL-STD-1560C.pdf,18,1,1,"Shell size 24, figure 18 |  |  | ",unreviewed
MIL-STD-1560C.pdf,18,1,2,Insert arrangement | Page | Insert arrangement | Page,unreviewed
MIL-STD-1560C.pdf,18,1,3,24-1 1/ | 252 | 24-24 | 261,unreviewed
MIL-STD-1560C.pdf,18,1,4,24-2 1/ | 255 | 24-29 | 262,unreviewed
MIL-STD-1560C.pdf,18,1,5,24-4 | 258 | 24-35 | 263,unreviewed
MIL-STD-1560C.pdf,18,1,6,24-19 | 260 | 24-61 | 266,unreviewed
MIL-STD-1560C.pdf,19,1,1,Superseded insert; arrangement number 2/ | Superseded by; insert arrangement number 3/,unreviewed
MIL-STD-1560C.pdf,19,1,2,17-2 | 17-3,unreviewed
MIL-STD-1560C.pdf,19,1,3,19-18 | 19-19,unreviewed
MIL-STD-1560C.pdf,19,1,4,21-75 | 21-76,unreviewed
MIL-STD-1560C.pdf,19,1,5,25-7 | 25-9,unreviewed
MIL-STD-1560C.pdf,19,1,6,25-8 | 25-10,unreviewed
MIL-STD-1560C.pdf,19,1,7,25-46 | 25-47,unreviewed
MIL-STD-1560C.pdf,19,1,8,25-90 | 25-91,unreviewed
MIL-STD-1560C.pdf,19,1,9,25-20 | 25-21,unreviewed
MIL-STD-1560C.pdf,20,1,1,Contacts; (Insert arrangement 9-3) |  | ,unreviewed
MIL-STD-1560C.pdf,20,1,2,Contact position; identification (ID) | Contact location | ,unreviewed
MIL-STD-1560C.pdf,20,1,3, | X-axis; (mm) | Y-axis; (mm),unreviewed
MIL-STD-1560C.pdf,20,1,4,A | +.056 (1.42) | +.018 (0.46),unreviewed
MIL-STD-1560C.pdf,20,1,5,B | +.000 (0.00) | -.079 (2.01),unreviewed
MIL-STD-1560C.pdf,20,1,6,C | -.056 (1.42) | +.018 (0.46),unreviewed
MIL-STD-1560C.pdf,20,2,1,Shell; size | Arrangement; no. | Number of; contacts | Size; contacts | Service; rating | Contact; location | Supersedes,unreviewed
MIL-STD-1560C.pdf,20,2,2,9 | -3 | 3 | 20 | M | All | MS20049-3,unreviewed
MIL-STD-1560C.pdf,21,1,1,Contacts; (Insert arrangement 9-6) |  | ,unreviewed
MIL-STD-1560C.pdf,21,1,2,Contact; position; ID | Contact location | ,unreviewed
MIL-STD-1560C.pdf,21,1,3, | X-axis; (mm) | Y-axis; (mm),unreviewed
MIL-STD-1560C.pdf,21,1,4,1 | +.045 (1.14) | +.078 (1.98),unreviewed
MIL-STD-1560C.pdf,21,1,5,2 | +.078 (1.98) | -.045 (1.14),unreviewed
MIL-STD-1560C.pdf,21,1,6,3 | +.000 (0.00) | -.090 (2.29),unreviewed
MIL-STD-1560C.pdf,21,1,7,4 | -.078 (1.98) | -.045 (1.14),unreviewed
MIL-STD-1560C.pdf,21,1,8,5 | -.045 (1.14) | +.078 (1.98),unreviewed
MIL-STD-1560C.pdf,21,1,9,6 | +.000 (0.00) | +.000 (0.00),unreviewed
MIL-STD-1560C.pdf,21,2,1,Shell; size | Arrangement; no. | Number of; contacts | Size; contacts | Service; rating | Contact; location | Supersedes,unreviewed
MIL-STD-1560C.pdf,21,2,2,9 | -6 | 6 | 22M | M | All | MS20049-6,unreviewed
MIL-STD-1560C.pdf,22,1,1, |  |  |  | ,unreviewed
MIL-STD-1560C.pdf,22,1,2, |  |  |  | ,unreviewed
MIL-STD-1560C.pdf,22,1,3, | Contacts; (Insert arrangement 9-7) |  |  | ,unreviewed
MIL-STD-1560C.pdf,22,1,4, | Contact; position; ID | Contact location |  | ,unreviewed
MIL-STD-1560C.pdf,22,1,5, |  | X-axis; mm; (inches) | Y-axis; mm; (inches) | ,unreviewed
MIL-STD-1560C.pdf,22,1,6, | A | +1.18 (.046) | +2.06 (.081) | ,unreviewed
MIL-STD-1560C.pdf,22,1,7, | B | + 2.36 (.093) | +0.00 (0.00) | ,unreviewed
MIL-STD-1560C.pdf,22,1,8, | C | +1.18 (.046 ) | - 2.06 (-.081) | ,unreviewed
MIL-STD-1560C.pdf,22,1,9, | D | - 1.18 (-.046) | - 2.06 (-.081) | ,unreviewed
MIL-STD-1560C.pdf,22,1,10, | E | - 2.36 (-.093) | - 0.00 (0.00) | ,unreviewed
MIL-STD-1560C.pdf,22,1,11, | F | -1.18 (- .046) | +2.06 (.081) | ,unreviewed
MIL-STD-1560C.pdf,22,1,12, | G | +.000 (0.00) | +.000 (0.00) | ,unreviewed
MIL-STD-1560C.pdf,22,2,1,Shell; size | Arrangement; no. | Number of; contacts | Size; contacts | Service; rating | Contact; location,unreviewed
MIL-STD-1560C.pdf,22,2,2,9 | - 7 | 7 | 22D | M | All,unreviewed
MIL-STD-1560C.pdf,23,1,1,Contacts; (Insert arrangement 9-23) |  |  |  |  | ,unreviewed
MIL-STD-1560C.pdf,23,1,2,Contact; position; ID | Location |  | Contact; position; ID | Location | ,unreviewed
MIL-STD-1560C.pdf,23,1,3, | X-axis; (mm) | Y-axis; (mm) |  | X-axis; (mm) | Y-axis; (mm),unreviewed
MIL-STD-1560C.pdf,23,1,4,1 | +.000 (0.00) | +.105 (2.67) | 6 | -.074 (1.89) | -.074 (1.89),unreviewed
MIL-STD-1560C.pdf,23,1,5,2 | +.074 (1.89) | +.074 (1.89) | 7 | -.105 (2.67) | +.000 (0.00),unreviewed
MIL-STD-1560C.pdf,23,1,6,3 | +.105 (2.67) | +.000 (0.00) | 8 | -.074 (1.89) | +.074 (1.89),unreviewed
MIL-STD-1560C.pdf,23,1,7,4 | +.074 (1.89) | -.074 (1.89) | 9 | +.000 (0.00) | +.000 (0.00),unreviewed
MIL-STD-1560C.pdf,23,1,8,5 | +.000 (0.00) | -.105 (2.67) | --- | ‐‐‐ | ‐‐‐,unreviewed
MIL-STD-1560C.pdf,23,2,1,Shell; size | Arrangement; no. | Number of; contacts | Size; contacts | Service; rating | Contact; location | Standard contact | ,unreviewed
MIL-STD-1560C.pdf,23,2,2,9 | -23 | 9 | 23-22 | N | ALL | Pin | Socket,unreviewed
MIL-STD-1560C.pdf,23,2,3, |  |  |  |  |  | M39029/122-670 | M39029/121-663,unreviewed
MIL-STD-1560C.pdf,24,1,1,Contacts; (Insert arrangement 9-35) |  | ,unreviewed
MIL-STD-1560C.pdf,24,1,2,Contact; position; ID | Contact location | ,unreviewed
MIL-STD-1560C.pdf,24,1,3, | X-axis; (mm) | Y-axis; (mm),unreviewed
MIL-STD-1560C.pdf,24,1,4,1 | +.045 (1.14) | +.078 (1.98),unreviewed
MIL-STD-1560C.pdf,24,1,5,2 | +.078 (1.98) | -.045 (1.14),unreviewed
MIL-STD-1560C.pdf,24,1,6,3 | +.000 (0.00) | -.090 (2.29),unreviewed
MIL-STD-1560C.pdf,24,1,7,4 | -.078 (1.98) | -.045 (1.14),unreviewed
MIL-STD-1560C.pdf,24,1,8,5 | -.045 (1.14) | +.078 (1.98),unreviewed
MIL-STD-1560C.pdf,24,1,9,6 | +.000 (0.00) | +.000 (0.00),unreviewed
MIL-STD-1560C.pdf,24,2,1,Shell; size | Arrangement; no. | Number of; contacts | Size; contacts | Service; rating | Contact; location | Supersedes,unreviewed
MIL-STD-1560C.pdf,24,2,2,9 | -35 | 6 | 22D | M | All | MS27525-35,unreviewed
MIL-STD-1560C.pdf,25,1,1,Contacts; (Insert arrangement 9-44) |  | ,unreviewed
MIL-STD-1560C.pdf,25,1,2,Contact; position; ID | Contact location | ,unreviewed
MIL-STD-1560C.pdf,25,1,3, | X-axis; (mm) | Y-axis; (mm),unreviewed
MIL-STD-1560C.pdf,25,1,4,1 | +.000 (0.00) | +.081 (2.06),unreviewed
MIL-STD-1560C.pdf,25,1,5,2 | +.080 (2.03) | +.021 (0.53),unreviewed
MIL-STD-1560C.pdf,25,1,6,3 | +.000 (0.00) | -.050 (1.27),unreviewed
MIL-STD-1560C.pdf,25,1,7,4 | -.080 (2.03) | +.021 (0.53),unreviewed
MIL-STD-1560C.pdf,25,2,1,Shell; size | Arrangement; no. | Number of; contacts | Size; contacts | Service; rating | Contact; location | Supersedes,unreviewed
MIL-STD-1560C.pdf,25,2,2,9 | -44 | 4 | 22 | M | All | MS20049-44,unreviewed
MIL-STD-1560C.pdf,26,1,1,Contacts; (Insert arrangement 9-98) |  | ,unreviewed
MIL-STD-1560C.pdf,26,1,2,Contact; position; ID | Contact location | ,unreviewed
MIL-STD-1560C.pdf,26,1,3, | X-axis; (mm) | Y-axis; (mm),unreviewed
MIL-STD-1560C.pdf,26,1,4,A | +.065 (1.65) | +.038 (0.97),unreviewed
MIL-STD-1560C.pdf,26,1,5,B | +.000 (0.00) | -.075 (1.91),unreviewed
MIL-STD-1560C.pdf,26,1,6,C | -.065 (1.65) | +.038 (0.97),unreviewed
MIL-STD-1560C.pdf,26,2,1,Shell; size | Arrangement; no. | Number of; contacts | Size; contacts | Service; rating | Contact; location | Supersedes,unreviewed
MIL-STD-1560C.pdf,26,2,2,9 | -98 | 3 | 20 | I | All | MS20049-98,unreviewed
MIL-STD-1560C.pdf,27,1,1,Contacts; (Insert arrangement 11-2) |  | ,unreviewed
MIL-STD-1560C.pdf,27,1,2,Contact; position; ID | Contact location | ,unreviewed
MIL-STD-1560C.pdf,27,1,3, | X-axis; (mm) | Y-axis; (mm),unreviewed
MIL-STD-1560C.pdf,27,1,4,A | +.095 (2.41) | +.000 (.00),unreviewed
MIL-STD-1560C.pdf,27,1,5,B | -.095 (2.41) | +.000 (.00),unreviewed
MIL-STD-1560C.pdf,27,2,1,Shell; size | Arrangement; no. | Number of; contacts | Size; contacts | Service; rating | Contact; location,unreviewed
MIL-STD-1560C.pdf,27,2,2,11 | -2 | 2 | 16 | I | All,unreviewed
MIL-STD-1560C.pdf,28,1,1,+ |  | ,unreviewed
MIL-STD-1560C.pdf,28,1,2, | + | X,unreviewed
MIL-STD-1560C.pdf,28,1,3, |  | ,unreviewed
MIL-STD-1560C.pdf,28,2,1,Contacts; (Insert arrangement 11-4) |  | ,unreviewed
MIL-STD-1560C.pdf,28,2,2,Contact; position; ID | Contact location | ,unreviewed
MIL-STD-1560C.pdf,28,2,3, | X-axis; (mm) | Y-axis; (mm),unreviewed
MIL-STD-1560C.pdf,28,2,4,A | +.065 (1.65) | +.065 (1.65),unreviewed
MIL-STD-1560C.pdf,28,2,5,B | +.065 (1.65) | -.065 (1.65),unreviewed
MIL-STD-1560C.pdf,28,2,6,C | -.065 (1.65) | -.065 (1.65),unreviewed
MIL-STD-1560C.pdf,28,2,7,D | -.065 (1.65) | +.065 (1.65),unreviewed
MIL-STD-1560C.pdf,28,3,1,Shell; size | Arrangement; no. | Number of; contacts | Size; contacts | Service; rating | Contact; location | Supersedes,unreviewed
MIL-STD-1560C.pdf,28,3,2,11 | -4 | 4 | 20 | I | All | MS20050-4,unreviewed
MIL-STD-1560C.pdf,29,1,1, |  | ,unreviewed
MIL-STD-1560C.pdf,29,1,2, |  | +X,unreviewed
MIL-STD-1560C.pdf,29,1,3, |  | ,unreviewed
MIL-STD-1560C.pdf,29,2,1,Contacts; (Insert arrangement 11-5) |  | ,unreviewed
MIL-STD-1560C.pdf,29,2,2,Contact; position; ID | Contact location | ,unreviewed
MIL-STD-1560C.pdf,29,2,3, | X-axis; (mm) | Y-axis; (mm),unreviewed
MIL-STD-1560C.pdf,29,2,4,A | +.065 (1.65) | +.056 (1.42),unreviewed
MIL-STD-1560C.pdf,29,2,5,B | +.113 (2.87) | -.065 (1.65),unreviewed
MIL-STD-1560C.pdf,29,2,6,C | +.000 (0.00) | -.130 (3.30),unreviewed
MIL-STD-1560C.pdf,29,2,7,D | -.113 (2.87) | -.065 (1.65),unreviewed
MIL-STD-1560C.pdf,29,2,8,E | -.065 (1.65) | +.056 (1.42),unreviewed
MIL-STD-1560C.pdf,29,3,1,Shell; size | Arrangement; no. | Number of; contacts | Size; contacts | Service; rating | Contact; location | Supersedes,unreviewed
MIL-STD-1560C.pdf,29,3,2,11 | -5 | 5 | 20 | I | All | MS20050-5,unreviewed
MIL-STD-1560C.pdf,30,1,1,Contacts; (Insert arrangement 11-13) |  |  |  |  | ,unreviewed
MIL-STD-1560C.pdf,30,1,2,Contact; position ID | Location |  | Contact; position ID | Location | ,unreviewed
MIL-STD-1560C.pdf,30,1,3, | X-axis; (mm) | Y-axis; (mm) |  | X-axis; (mm) | Y-axis; (mm),unreviewed
MIL-STD-1560C.pdf,30,1,4,1 | +.000 (0.00) | +.146 (3.71) | 8 | -.138 (3.51) | -.045 (1.14),unreviewed
MIL-STD-1560C.pdf,30,1,5,2 | +.085 (2.16) | +.118 (3.00) | 9 | -.138 (3.51) | +.045 (1.14),unreviewed
MIL-STD-1560C.pdf,30,1,6,3 | +.138 (3.51) | +.045 (1.14) | 10 | -.085 (2.16) | +.118 (3.00),unreviewed
MIL-STD-1560C.pdf,30,1,7,4 | +.138 (3.51) | -.045 (1.14) | 11 | +.000 (0.00) | +.056 (1.42),unreviewed
MIL-STD-1560C.pdf,30,1,8,5 | +.085 (2.16) | -.118 (3.00) | 12 | +.049 (1.24) | -.035 (0.89),unreviewed
MIL-STD-1560C.pdf,30,1,9,6 | +.000 (0.00) | -.146 (3.71) | 13 | -.049 (1.24) | -.035 (0.89),unreviewed
MIL-STD-1560C.pdf,30,1,10,7 | -.085 (2.16) | -.118 (3.00) | --- | --- | ---,unreviewed
MIL-STD-1560C.pdf,30,2,1,Shell; size | Arrangement; no. | Number; of; contacts | Size; contacts | Service; rating | Contact; location | Supersedes,unreviewed
MIL-STD-1560C.pdf,30,2,2,11 | -13 | 13 | 22M | M | ALL | MS20050-13,unreviewed
MIL-STD-1560C.pdf,31,1,1,Contacts; (Insert arrangement 11-23) |  |  |  |  | ,unreviewed
MIL-STD-1560C.pdf,31,1,2,Contact; position ID | Location |  | Contact; position ID | Location | ,unreviewed
MIL-STD-1560C.pdf,31,1,3, | X-axis; (mm) | Y-axis; (mm) |  | X-axis; (mm) | Y-axis; (mm),unreviewed
MIL-STD-1560C.pdf,31,1,4,1 | +.000 (0.00) | +.161 (4.08) | 11 | -.139 (3.53) | +.080 (2.04),unreviewed
MIL-STD-1560C.pdf,31,1,5,2 | +.070 (1.77) | +.120 (3.06) | 12 | -.070 (1.77) | +.120 (3.06),unreviewed
MIL-STD-1560C.pdf,31,1,6,3 | +.139 (3.53) | +.080 (2.04) | 13 | +.000 (0.00) | +.080 (2.04),unreviewed
MIL-STD-1560C.pdf,31,1,7,4 | +.139 (3.53) | +.000 (0.00) | 14 | +.070 (1.77) | +.040 (1.02),unreviewed
MIL-STD-1560C.pdf,31,1,8,5 | +.139 (3.53) | -.080 (2.04) | 15 | +.070 (1.77) | -.040 (1.02),unreviewed
MIL-STD-1560C.pdf,31,1,9,6 | +.070 (1.77) | -.120 (3.06) | 16 | +.000 (0.00) | -.080 (2.04),unreviewed
MIL-STD-1560C.pdf,31,1,10,7 | +.000 (0.00) | -.161 (4.08) | 17 | -.070 (1.77) | -.040 (1.02),unreviewed
MIL-STD-1560C.pdf,31,1,11,8 | -.070 (1.77) | -.120 (3.06) | 18 | -.070 (1.77) | +.040 (1.02),unreviewed
MIL-STD-1560C.pdf,31,1,12,9 | -.139 (3.53) | -.080 (2.04) | 19 | +.000 (0.00) | +.000 (0.00),unreviewed
MIL-STD-1560C.pdf,31,1,13,10 | -.139 (3.53) | +.000 (0.00) | --- | --- | ---,unreviewed
MIL-STD-1560C.pdf,31,2,1,Shell; size | Arrangement; no. | Number of; contacts | Size; contacts | Service; rating | Contact; location | Standard contact | ,unreviewed
MIL-STD-1560C.pdf,31,2,2,11 | -23 | 19 | 23-22 | N | ALL | Pin | Socket,unreviewed
MIL-STD-1560C.pdf,31,2,3, |  |  |  |  |  | M39029/122-670 | M39029/121-663,unreviewed
MIL-STD-1560C.pdf,32,1,1,Contacts; (Insert arrangement 11-35) |  |  |  |  | ,unreviewed
MIL-STD-1560C.pdf,32,1,2,Contact; position ID | Location |  | Contact; position ID | Location | ,unreviewed
MIL-STD-1560C.pdf,32,1,3, | X-axis; (mm) | Y-axis; (mm) |  | X-axis; (mm) | Y-axis; (mm),unreviewed
MIL-STD-1560C.pdf,32,1,4,1 | +.000 (0.00) | +.146 (3.71) | 8 | -.138 (3.51) | -.045 (1.14),unreviewed
MIL-STD-1560C.pdf,32,1,5,2 | +.085 (2.16) | +.118 (3.00) | 9 | -.138 (3.51) | +.045 (1.14),unreviewed
MIL-STD-1560C.pdf,32,1,6,3 | +.138 (3.51) | +.045 (1.14) | 10 | -.085 (2.16) | +.118 (3.00),unreviewed
MIL-STD-1560C.pdf,32,1,7,4 | +.138 (3.51) | -.045 (1.14) | 11 | +.000 (0.00) | +.056 (1.42),unreviewed
MIL-STD-1560C.pdf,32,1,8,5 | +.085 (2.16) | -.118 (3.00) | 12 | +.049 (1.24) | -.035 (0.89),unreviewed
MIL-STD-1560C.pdf,32,1,9,6 | +.000 (0.00) | -.146 (3.71) | 13 | -.049 (1.24) | -.035 (0.89),unreviewed
MIL-STD-1560C.pdf,32,1,10,7 | -.085 (2.16) | -.118 (3.00) | --- | --- | ---,unreviewed
MIL-STD-1560C.pdf,32,2,1,Shell; size | Arrangement; no. | Number of; contacts | Size; contacts | Service; rating | Contact; location | Supersedes,unreviewed
MIL-STD-1560C.pdf,32,2,2,11 | -35 | 13 | 22D | M | All | MS27526-35,unreviewed
MIL-STD-1560C.pdf,33,1,1,Contacts; (Insert arrangement 11-98) |  | ,unreviewed
MIL-STD-1560C.pdf,33,1,2,Contact; position; ID | Contact location | ,unreviewed
MIL-STD-1560C.pdf,33,1,3, | X-axis; (mm) | Y-axis; (mm),unreviewed
MIL-STD-1560C.pdf,33,1,4,A | +.000 (0.00) | +.130 (3.30),unreviewed
MIL-STD-1560C.pdf,33,1,5,B | +.130 (3.30) | +.000 (0.00),unreviewed
MIL-STD-1560C.pdf,33,1,6,C | +.065 (1.65) | -.113 (2.87),unreviewed
MIL-STD-1560C.pdf,33,1,7,D | -.065 (1.65) | -.113 (2.87),unreviewed
MIL-STD-1560C.pdf,33,1,8,E | -.130 (3.30) | +.000 (0.00),unreviewed
MIL-STD-1560C.pdf,33,1,9,F | +.000 (0.00) | +.000 (0.00),unreviewed
MIL-STD-1560C.pdf,33,2,1,Shell; size | Arrangement; no. | Number of; contacts | Size; contacts | Service; rating | Contact; location | Supersedes,unreviewed
MIL-STD-1560C.pdf,33,2,2,11 | -98 | 6 | 20 | I | All | MS20050-98,unreviewed
MIL-STD-1560C.pdf,34,1,1,Contacts; (Insert arrangement 11-99) |  | ,unreviewed
MIL-STD-1560C.pdf,34,1,2,Contact; position; ID | Location | ,unreviewed
MIL-STD-1560C.pdf,34,1,3, | X-axis; (mm) | Y-axis; (mm),unreviewed
MIL-STD-1560C.pdf,34,1,4,A | +.065 (1.65) | +.113 (2.87),unreviewed
MIL-STD-1560C.pdf,34,1,5,B | +.130 (3.30) | +.000 (0.00),unreviewed
MIL-STD-1560C.pdf,34,1,6,C | +.065 (1.65) | -.113 (2.87),unreviewed
MIL-STD-1560C.pdf,34,1,7,D | -.065 (1.65) | -.113 (2.87),unreviewed
MIL-STD-1560C.pdf,34,1,8,E | -.130 (3.30) | +.000 (0.00),unreviewed
MIL-STD-1560C.pdf,34,1,9,F | -.065 (1.65) | +.113 (2.87),unreviewed
MIL-STD-1560C.pdf,34,1,10,G | +.000 (0.00) | +.000 (0.00),unreviewed
MIL-STD-1560C.pdf,34,2,1,Shell; size | Arrangement; no. | Number of; contacts | Size; contacts | Service; rating | Contact; location | Supersedes,unreviewed
MIL-STD-1560C.pdf,34,2,2,11 | -99 | 7 | 20 | I | All | MS20050-99,unreviewed
MIL-STD-1560C.pdf,35,1,1,Contacts; (Insert arrangement 13-4) |  | ,unreviewed
MIL-STD-1560C.pdf,35,1,2,Contact; position ID | Location | ,unreviewed
MIL-STD-1560C.pdf,35,1,3, | X-axis; (mm) | Y-axis; (mm),unreviewed
MIL-STD-1560C.pdf,35,1,4,A | +.000 (0.00) | +.150 (3.81),unreviewed
MIL-STD-1560C.pdf,35,1,5,B | +.146 (3.71) | +.035 (0.89),unreviewed
MIL-STD-1560C.pdf,35,1,6,C | +.000 (0.00) | -.083 (2.11),unreviewed
MIL-STD-1560C.pdf,35,1,7,D | -.146 (3.71) | +.035 (0.89),unreviewed
MIL-STD-1560C.pdf,35,2,1,Shell; size | Arrangement; no. | Number of; contacts | Size; contacts | Service; rating | Contact; location | Supersedes,unreviewed
MIL-STD-1560C.pdf,35,2,2,13 | -4 | 4 | 16 | I | All | MS20051-4,unreviewed
MIL-STD-1560C.pdf,36,1,1,Contacts; (Insert arrangement 13-8) |  | ,unreviewed
MIL-STD-1560C.pdf,36,1,2,Contact; position; ID | Contact location | ,unreviewed
MIL-STD-1560C.pdf,36,1,3, | X-axis; (mm) | Y-axis; (mm),unreviewed
MIL-STD-1560C.pdf,36,1,4,A | +.065 (1.65) | +.157 (3.99),unreviewed
MIL-STD-1560C.pdf,36,1,5,B | +.170 (4.32) | +.000 (0.00),unreviewed
MIL-STD-1560C.pdf,36,1,6,C | +.120 (3.05) | -.120 (3.05),unreviewed
MIL-STD-1560C.pdf,36,1,7,D | +.000 (0.00) | -.170 (4.32),unreviewed
MIL-STD-1560C.pdf,36,1,8,E | -.120 (3.05) | -.120 (3.05),unreviewed
MIL-STD-1560C.pdf,36,1,9,F | -.170 (4.32) | +.000 (0.00),unreviewed
MIL-STD-1560C.pdf,36,1,10,G | -.065 (1.65) | +.157 (3.99),unreviewed
MIL-STD-1560C.pdf,36,1,11,H | +.000 (0.00) | +.044 (1.12),unreviewed
MIL-STD-1560C.pdf,36,2,1,Shell; size | Arrangement; no. | Number of; contacts | Size; contacts | Service; rating | Contact; location | Supersedes,unreviewed
MIL-STD-1560C.pdf,36,2,2,13 | -8 | 8 | 20 | I | All | MS20051-8,unreviewed
MIL-STD-1560C.pdf,37,1,1,Contacts; (Insert arrangement 13-22) |  |  |  |  | ,unreviewed
MIL-STD-1560C.pdf,37,1,2,Contact; position; ID | Location |  | Contact; position; ID | Location | ,unreviewed
MIL-STD-1560C.pdf,37,1,3, | X-axis; (mm) | Y-axis; (mm) |  | X-axis; (mm) | Y-axis; (mm),unreviewed
MIL-STD-1560C.pdf,37,1,4,1 | +.045 (1.14) | +.197 (5.00) | 12 | -.182 (4.62) | +.088 (2.24),unreviewed
MIL-STD-1560C.pdf,37,1,5,2 | +.126 (3.20) | +.158 (4.01) | 13 | -.126 (3.20) | +.158 (4.01),unreviewed
MIL-STD-1560C.pdf,37,1,6,3 | +.182 (4.62) | +.088 (2.24) | 14 | -.045 (1.14) | +.197 (5.00),unreviewed
MIL-STD-1560C.pdf,37,1,7,4 | +.203 (5.16) | +.000 (0.00) | 15 | +.045 (1.14) | +.107 (2.72),unreviewed
MIL-STD-1560C.pdf,37,1,8,5 | +.182 (4.62) | -.088 (2.24) | 16 | +.117 (2.97) | +.026 (0.66),unreviewed
MIL-STD-1560C.pdf,37,1,9,6 | +.126 (3.20) | -.158 (4.01) | 17 | +.093 (2.36) | -.075 (1.91),unreviewed
MIL-STD-1560C.pdf,37,1,10,7 | +.045 (1.14) | -.197 (5.00) | 18 | +.000 (0.00) | -.120 (3.05),unreviewed
MIL-STD-1560C.pdf,37,1,11,8 | -.045 (1.14) | -.197 (5.00) | 19 | -.093 (2.36) | -.075 (1.91),unreviewed
MIL-STD-1560C.pdf,37,1,12,9 | -.126 (3.20) | -.158 (4.01) | 20 | -.117 (2.97) | +.026 (0.66),unreviewed
MIL-STD-1560C.pdf,37,1,13,10 | -.182 (4.62) | -.088 (2.24) | 21 | -.045 (1.14) | +.107 (2.72),unreviewed
MIL-STD-1560C.pdf,37,1,14,11 | -.203 (5.16) | +.000 (0.00) | 22 | +.000 (0.00) | -.030 (0.76),unreviewed
MIL-STD-1560C.pdf,37,2,1,Shell; size | Arrangement; no. | Number of; contacts | Size; contacts | Service; rating | Contact; location | Supersedes,unreviewed
MIL-STD-1560C.pdf,37,2,2,13 | -22 | 22 | 22M | M | All | MS20051-22,unreviewed
MIL-STD-1560C.pdf,39,1,1,Contacts; (Insert arrangement 13-23) |  |  |  |  | ,unreviewed
MIL-STD-1560C.pdf,39,1,2,Contact; position ID | Location |  | Contact; position ID | Location | ,unreviewed
MIL-STD-1560C.pdf,39,1,3, | X-axis; (mm) | Y-axis; (mm) |  | X-axis; (mm) | Y-axis; (mm),unreviewed
MIL-STD-1560C.pdf,39,1,4,1 | +.000 (0.00) | +.224 (5.68) | 17 | -.081 (2.05) | +.209 (5.30),unreviewed
MIL-STD-1560C.pdf,39,1,5,2 | +.081 (2.05) | +.209 (5.30) | 18 | +.000 (0.00) | +.143 (3.64),unreviewed
MIL-STD-1560C.pdf,39,1,6,3 | +.151 (3.83) | +.165 (4.20) | 19 | +.078 (1.97) | +.121 (3.06),unreviewed
MIL-STD-1560C.pdf,39,1,7,4 | +.200 (5.09) | +.100 (2.53) | 20 | +.130 (3.31) | +.059 (1.51),unreviewed
MIL-STD-1560C.pdf,39,1,8,5 | +.223 (5.66) | +.021 (0.52) | 21 | +.142 (3.60) | -.021 (0.52),unreviewed
MIL-STD-1560C.pdf,39,1,9,6 | +.215 (5.46) | -.061 (1.55) | 22 | +.108 (2.75) | -.094 (2.38),unreviewed
MIL-STD-1560C.pdf,39,1,10,7 | +.178 (4.53) | -.135 (3.42) | 23 | +.041 (1.03) | -.137 (3.49),unreviewed
MIL-STD-1560C.pdf,39,1,11,8 | +.118 (2.99) | -.190 (4.83) | 24 | -.041 (1.03) | -.137 (3.49),unreviewed
MIL-STD-1560C.pdf,39,1,12,9 | +.041 (1.04) | -.220 (5.58) | 25 | -.108 (2.75) | -.094 (2.38),unreviewed
MIL-STD-1560C.pdf,39,1,13,10 | -.041 (1.04) | -.220 (5.58) | 26 | -.142 (3.60) | -.021 (0.52),unreviewed
MIL-STD-1560C.pdf,39,1,14,11 | -.118 (2.99) | -.190 (4.83) | 27 | -.130 (3.31) | +.059 (1.51),unreviewed
MIL-STD-1560C.pdf,39,1,15,12 | -.178 (4.53) | -.135 (3.42) | 28 | -.078 (1.97) | +.121 (3.06),unreviewed
MIL-STD-1560C.pdf,39,1,16,13 | -.215 (5.46) | -.061 (1.55) | 29 | +.000 (0.00) | +.063 (1.60),unreviewed
MIL-STD-1560C.pdf,39,1,17,14 | -.223 (5.66) | +.021 (0.52) | 30 | +.063 (1.60) | +.000 (0.00),unreviewed
MIL-STD-1560C.pdf,39,1,18,15 | -.200 (5.09) | +.100 (2.53) | 31 | +.000 (0.00) | -.063 (1.60),unreviewed
MIL-STD-1560C.pdf,39,1,19,16 | -.151 (3.83) | +.165 (4.20) | 32 | -.063 (1.60) | +.000 (0.00),unreviewed
MIL-STD-1560C.pdf,39,2,1,Shell; size | Arrangement; no. | Number of; contacts | Size; contacts | Service; rating | Contact; location | Standard contact | ,unreviewed
MIL-STD-1560C.pdf,39,2,2,13 | -23 | 32 | 23-22 | N | All | Pin | Socket,unreviewed
MIL-STD-1560C.pdf,39,2,3, |  |  |  |  |  | M39029/122-670 | M39029/121-663,unreviewed
MIL-STD-1560C.pdf,40,1,1,Contacts; (Insert arrangement 13-35) |  |  |  |  | ,unreviewed
MIL-STD-1560C.pdf,40,1,2,Contact; position; ID | Location |  | Contact; position; ID | Location | ,unreviewed
MIL-STD-1560C.pdf,40,1,3, | X-axis; (mm) | Y-axis; (mm) |  | X-axis; (mm) | Y-axis; (mm),unreviewed
MIL-STD-1560C.pdf,40,1,4,1 | +.045 (1.14) | +.197 (5.00) | 12 | -.182 (4.62) | +.088 (2.24),unreviewed
MIL-STD-1560C.pdf,40,1,5,2 | +.126 (3.20) | +.158 (4.01) | 13 | -.126 (3.20) | +.158 (4.01),unreviewed
MIL-STD-1560C.pdf,40,1,6,3 | +.182 (4.62) | +.088 (2.24) | 14 | -.045 (1.14) | +.197 (5.00),unreviewed
MIL-STD-1560C.pdf,40,1,7,4 | +.203 (5.16) | +.000 (0.00) | 15 | +.045 (1.14) | +.107 (2.72),unreviewed
MIL-STD-1560C.pdf,40,1,8,5 | +.182 (4.62) | -.088 (2.24) | 16 | +.117 (2.97) | +.026 (0.66),unreviewed
MIL-STD-1560C.pdf,40,1,9,6 | +.126 (3.20) | -.158 (4.01) | 17 | +.093 (2.36) | -.075 (1.91),unreviewed
MIL-STD-1560C.pdf,40,1,10,7 | +.045 (1.14) | -.197 (5.00) | 18 | +.000 (.00) | -.120 (3.05),unreviewed
MIL-STD-1560C.pdf,40,1,11,8 | -.045 (1.14) | -.197 (5.00) | 19 | -.093 (2.36) | -.075 (1.91),unreviewed
MIL-STD-1560C.pdf,40,1,12,9 | -.126 (3.20) | -.158 (4.01) | 20 | -.117 (2.97) | +.026 (0.66),unreviewed
MIL-STD-1560C.pdf,40,1,13,10 | -.182 (4.62) | -.088 (2.24) | 21 | -.045 (1.14) | +.107 (2.72),unreviewed
MIL-STD-1560C.pdf,40,1,14,11 | -.203 (5.16) | +.000 (0.00) | 22 | +.000 (.00) | -.030 (0.76),unreviewed
MIL-STD-1560C.pdf,40,2,1,Shell; size | Arrangement; no. | Number of; contacts | Size; contacts | Service; rating | Contact; location | Supersedes,unreviewed
MIL-STD-1560C.pdf,40,2,2,13 | -35 | 22 | 22D | M | All | MS27527-35,unreviewed
MIL-STD-1560C.pdf,41,1,1,Contacts; (Insert arrangement 13-98) |  | ,unreviewed
MIL-STD-1560C.pdf,41,1,2,Contact; position ID | Location | ,unreviewed
MIL-STD-1560C.pdf,41,1,3, | X-axis; (mm) | Y-axis; (mm),unreviewed
MIL-STD-1560C.pdf,41,1,4,A | +.000 (0.00) | +.195 (4.95),unreviewed
MIL-STD-1560C.pdf,41,1,5,B | +.125 (3.18) | +.150 (3.81),unreviewed
MIL-STD-1560C.pdf,41,1,6,C | +.193 (4.90) | +.030 (0.76),unreviewed
MIL-STD-1560C.pdf,41,1,7,D | +.164 (4.17) | -.105 (2.67),unreviewed
MIL-STD-1560C.pdf,41,1,8,E | +.000 (0.00) | -.135 (3.43),unreviewed
MIL-STD-1560C.pdf,41,1,9,F | -.164 (4.17) | -.105 (2.67),unreviewed
MIL-STD-1560C.pdf,41,1,10,G | -.193 (4.90) | +.030 (0.76),unreviewed
MIL-STD-1560C.pdf,41,1,11,H | -.125 (3.18) | +.150 (3.81),unreviewed
MIL-STD-1560C.pdf,41,1,12,J | +.065 (1.65) | -.015 (0.38),unreviewed
MIL-STD-1560C.pdf,41,1,13,K | -.065 (1.65) | -.015 (0.38),unreviewed
MIL-STD-1560C.pdf,41,2,1,Shell; size | Arrangement; no. | Number; of; contacts | Size; contacts | Service; rating | Contact; location | Supersedes,unreviewed
MIL-STD-1560C.pdf,41,2,2,13 | -98 | 10 | 20 | I | All | MS20051-98,unreviewed
MIL-STD-1560C.pdf,42,1,1,Contacts; (Insert arrangement 15-5) |  | ,unreviewed
MIL-STD-1560C.pdf,42,1,2,Contact; position ID | Location | ,unreviewed
MIL-STD-1560C.pdf,42,1,3, | X-axis; (mm) | Y-axis; (mm),unreviewed
MIL-STD-1560C.pdf,42,1,4,A | +.000 (0.00) | +.100 (2.54),unreviewed
MIL-STD-1560C.pdf,42,1,5,B | +.174 (4.42) | +.024 (0.61),unreviewed
MIL-STD-1560C.pdf,42,1,6,C | +.094 (2.39) | -.148 (3.76),unreviewed
MIL-STD-1560C.pdf,42,1,7,D | -.094 (2.39) | -.148 (3.76),unreviewed
MIL-STD-1560C.pdf,42,1,8,E | -.174 (4.42) | +.024 (0.61),unreviewed
MIL-STD-1560C.pdf,42,2,1,Shell; size | Arrangement; no. | Number of; contacts | Size; contacts | Service; rating | Contact; location | Supersedes,unreviewed
MIL-STD-1560C.pdf,42,2,2,15 | -5 | 5 | 16 | II | All | MS20052-5,unreviewed
MIL-STD-1560C.pdf,43,1,1,Contacts; (Insert arrangement 15-15) |  |  |  |  | ,unreviewed
MIL-STD-1560C.pdf,43,1,2,Contact; position ID | Location |  | Contact; position ID | Location | ,unreviewed
MIL-STD-1560C.pdf,43,1,3, | X-axis; (mm) | Y-axis; (mm) |  | X-axis; (mm) | Y-axis; (mm),unreviewed
MIL-STD-1560C.pdf,43,1,4,A | +.100 (2.54) | +.225 (5.72) | J | -.244 (6.20) | +.014 (0.36),unreviewed
MIL-STD-1560C.pdf,43,1,5,B | +.202 (5.13) | +.140 (3.56) | K | -.202 (5.13) | +.140 (3.56),unreviewed
MIL-STD-1560C.pdf,43,1,6,C | +.244 (6.20) | +.014 (0.36) | L | -.100 (2.54) | +.225 (5.72),unreviewed
MIL-STD-1560C.pdf,43,1,7,D | +.218 (5.54) | -.113 (2.87) | M | +.000 (.00) | +.140 (3.56),unreviewed
MIL-STD-1560C.pdf,43,1,8,E | +.126 (3.20) | -.209 (5.31) | N | +.110 (2.79) | +.040 (1.02),unreviewed
MIL-STD-1560C.pdf,43,1,9,F | +.000 (.00) | -.245 (6.22) | P | +.000 (.00) | -.077 (1.96),unreviewed
MIL-STD-1560C.pdf,43,1,10,G | -.126 (3.20) | -.209 (5.31) | R | -.110 (2.79) | +.040 (1.02),unreviewed
MIL-STD-1560C.pdf,43,1,11,H | -.218 (5.54) | -.113 (2.87) | --- | --- | ---,unreviewed
MIL-STD-1560C.pdf,43,2,1,Shell; size | Arrangement; no. | Number of; contacts | Size; contacts | Service; rating | Contact; location | Supersedes,unreviewed
MIL-STD-1560C.pdf,43,2,2,15 | -15 | 1 | 16 | I | P | MS20052-15,unreviewed
MIL-STD-1560C.pdf,43,2,3, |  | 14 | 20 |  | All other | ,unreviewed
MIL-STD-1560C.pdf,44,1,1,Contacts; (Insert arrangement 15-18) |  |  |  |  | ,unreviewed
MIL-STD-1560C.pdf,44,1,2,Contact; position ID | Location |  | Contact; position ID | Location | ,unreviewed
MIL-STD-1560C.pdf,44,1,3, | X-axis; (mm) | Y-axis; (mm) |  | X-axis; (mm) | Y-axis; (mm),unreviewed
MIL-STD-1560C.pdf,44,1,4,A | +.065 (1.65) | +.252 (6.40) | K | -.195 (4.95) | +.113 (2.87),unreviewed
MIL-STD-1560C.pdf,44,1,5,B | +.195 (4.95) | +.113 (2.87) | L | -.065 (1.65) | +.252 (6.40),unreviewed
MIL-STD-1560C.pdf,44,1,6,C | +.260 (6.60) | +.000 (0.00) | M | -.065 (1.65) | +.113 (2.87),unreviewed
MIL-STD-1560C.pdf,44,1,7,D | +.195 (4.95) | -.113 (2.87) | N | +.065 (1.65) | +.113 (2.87),unreviewed
MIL-STD-1560C.pdf,44,1,8,E | +.130 (3.30) | -.225 (5.72) | P | +.130 (3.30) | +.000 (0.00),unreviewed
MIL-STD-1560C.pdf,44,1,9,F | +.000 (0.00) | -.225 (5.72) | R | +.065 (1.65) | -.113 (2.87),unreviewed
MIL-STD-1560C.pdf,44,1,10,G | -.130 (3.30) | -.225 (5.72) | S | -.065 (1.65) | -.113 (2.87),unreviewed
MIL-STD-1560C.pdf,44,1,11,H | -.195 (4.95) | -.113 (2.87) | T | -.130 (3.30) | +.000 (0.00),unreviewed
MIL-STD-1560C.pdf,44,1,12,J | -.260 (6.60) | +.000 (0.00) | U | +.000 (0.00) | +.000 (0.00),unreviewed
MIL-STD-1560C.pdf,44,2,1,Shell; size | Arrangement; no. | Number of; contacts | Size; contacts | Service; rating | Contact; location | Supersedes,unreviewed
MIL-STD-1560C.pdf,44,2,2,15 | -18 | 18 | 20 | I | All | MS20052-18,unreviewed
MIL-STD-1560C.pdf,45,1,1,Contacts; (Insert arrangement 15-19) |  |  |  |  | ,unreviewed
MIL-STD-1560C.pdf,45,1,2,Contact; position ID | Location |  | Contact; position; ID | Location | ,unreviewed
MIL-STD-1560C.pdf,45,1,3, | X-axis; (mm) | Y-axis; (mm) |  | X-axis; (mm) | Y-axis; (mm),unreviewed
MIL-STD-1560C.pdf,45,1,4,A | +.000 (0.00) | +.225 (5.72) | L | -.195 (4.95) | +.113 (2.87),unreviewed
MIL-STD-1560C.pdf,45,1,5,B | +.130 (3.30) | +.225 (5.72) | M | -.130 (3.30) | +.225 (5.72),unreviewed
MIL-STD-1560C.pdf,45,1,6,C | +.195 (4.95) | +.113 (2.87) | N | -.065 (1.65) | +.113 (2.87),unreviewed
MIL-STD-1560C.pdf,45,1,7,D | +.260 (6.60) | +.000 (0.00) | P | +.065 (1.65) | +.113 (2.87),unreviewed
MIL-STD-1560C.pdf,45,1,8,E | +.195 (4.95) | -.113 (2.87) | R | +.130 (3.30) | +.000 (0.00),unreviewed
MIL-STD-1560C.pdf,45,1,9,F | +.130 (3.30) | -.225 (5.72) | S | +.065 (1.65) | -.113 (2.87),unreviewed
MIL-STD-1560C.pdf,45,1,10,G | +.000 (0.00) | -.225 (5.72) | T | -.065 (1.65) | -.113 (2.87),unreviewed
MIL-STD-1560C.pdf,45,1,11,H | -.130 (3.30) | -.225 (5.72) | U | -.130 (3.30) | +.000 (0.00),unreviewed
MIL-STD-1560C.pdf,45,1,12,J | -.195 (4.95) | -.113 (2.87) | V | +.000 (0.00) | +.000 (0.00),unreviewed
MIL-STD-1560C.pdf,45,1,13,K | -.260 (6.60) | +.000 (0.00) | --- | --- | ---,unreviewed
MIL-STD-1560C.pdf,45,2,1,Shell; size | Arrangement; no. | Number of; contacts | Size; contacts | Service; rating | Contact; location | Supersedes,unreviewed
MIL-STD-1560C.pdf,45,2,2,15 | -19 | 19 | 20 | I | All | MS20052-19,unreviewed
MIL-STD-1560C.pdf,46,1,1,Contacts; (Insert arrangement 15-21) |  |  |  |  | ,unreviewed
MIL-STD-1560C.pdf,46,1,2,Contact; position; ID | Location |  | Contact; position ID | Location | ,unreviewed
MIL-STD-1560C.pdf,46,1,3, | X-axis; (mm) | Y-axis; (mm) |  | X-axis; (mm) | Y-axis; (mm),unreviewed
MIL-STD-1560C.pdf,46,1,4,A | +.105 (2.68) | +.242 (6.15) | M | -.105 (2.04) | +.242 (6.10),unreviewed
MIL-STD-1560C.pdf,46,1,5,B | +.250 (6.35) | +.075 (1.91) | N | +.000 (0.00) | +.185 (4.70),unreviewed
MIL-STD-1560C.pdf,46,1,6,C | +.270 (6.86) | -.020 (.051) | P | +.120 (3.05) | +.115 (2.92),unreviewed
MIL-STD-1560C.pdf,46,1,7,D | +.215 (5.46) | -.125 (3.18) | R | +.170 (4.32) | -.020 (0.51),unreviewed
MIL-STD-1560C.pdf,46,1,8,E | +.137 (3.48) | -.221 (5.61) | S | +.095 (2.41) | -.140 (3.56),unreviewed
MIL-STD-1560C.pdf,46,1,9,F | +.048 (1.22) | -.256 (6.50) | T | +.000 (0.00) | -.170 (4.32),unreviewed
MIL-STD-1560C.pdf,46,1,10,G | -.048 (1.22) | -.256 (6.50) | U | -.095 (2.41) | -.140 (3.56),unreviewed
MIL-STD-1560C.pdf,46,1,11,H | -.137 (3.48) | -.221 (5.61) | V | -.170 (4.32) | -.020 (0.51),unreviewed
MIL-STD-1560C.pdf,46,1,12,J | -.215 (5.46) | -.125 (3.18) | W | -.120 (3.05) | +.115 (2.92),unreviewed
MIL-STD-1560C.pdf,46,1,13,K | -.270 (6.86) | -.020 (0.51) | X | +.000 (0.00) | -.000 (0.00),unreviewed
MIL-STD-1560C.pdf,46,1,14,L | -.250 (6.35) | +.075 (1.91) | --- | --- | ---,unreviewed
MIL-STD-1560C.pdf,47,1,1,Shell; size | Arrangement; no. | Number; of; contacts | Size; contacts | Service; rating | Contact; position; ID | Standard contact | ,unreviewed
MIL-STD-1560C.pdf,47,1,2, |  |  |  |  |  | Pin | Socket,unreviewed
MIL-STD-1560C.pdf,47,1,3,15 | -21 | 1 | 12 | Coax | X | M39029/102-; 558 | M39029/103-559,unreviewed
MIL-STD-1560C.pdf,47,1,4," |  | 3 | 20 | I | D, J, N | M39029/58-363 | M39029/56-351",unreviewed
MIL-STD-1560C.pdf,47,1,5, |  | 17 | 22D |  | All others | M39029/58-360 | M39029/56-348,unreviewed
MIL-STD-1560C.pdf,48,1,1,Contacts; (Insert arrangement 15-23) |  |  |  |  | ,unreviewed
MIL-STD-1560C.pdf,48,1,2,Contact; position; ID | Location |  | Contact; position ID | Location | ,unreviewed
MIL-STD-1560C.pdf,48,1,3, | X-axis; (mm) | Y-axis; (mm) |  | X-axis; (mm) | Y-axis; (mm),unreviewed
MIL-STD-1560C.pdf,48,1,4,1 | -.080 (2.04) | +.278 (7.07) | 29 | +.080 (2.04) | +.000 (0.00),unreviewed
MIL-STD-1560C.pdf,48,1,5,2 | +.000 (0.00) | +.278 (7.07) | 30 | +.161 (4.08) | +.000 (0.00),unreviewed
MIL-STD-1560C.pdf,48,1,6,3 | +.080 (2.04) | +.278 (7.07) | 31 | +.241 (6.12) | +.000 (0.00),unreviewed
MIL-STD-1560C.pdf,48,1,7,4 | -.201 (5.10) | +.209 (5.30) | 32 | -.281 (7.14) | -.070 (1.77),unreviewed
MIL-STD-1560C.pdf,48,1,8,5 | -.121 (3.06) | +.209 (5.30) | 33 | -.201 (5.10) | -.070 (1.77),unreviewed
MIL-STD-1560C.pdf,48,1,9,6 | -.040 (1.02) | +.209 (5.30) | 34 | -.121 (3.06) | -.070 (1.77),unreviewed
MIL-STD-1560C.pdf,48,1,10,7 | +.040 (1.02) | +.209 (5.30) | 35 | -.040 (1.02) | -.070 (1.77),unreviewed
MIL-STD-1560C.pdf,48,1,11,8 | +.121 (3.06) | +.209 (5.30) | 36 | +.040 (1.02) | -.070 (1.77),unreviewed
MIL-STD-1560C.pdf,48,1,12,9 | +.201 (5.10) | +.209 (5.30) | 37 | +.121 (3.06) | -.070 (1.77),unreviewed
MIL-STD-1560C.pdf,48,1,13,10 | -.241 (6.12) | +.139 (3.53) | 38 | +.201 (5.10) | -.070 (1.77),unreviewed
MIL-STD-1560C.pdf,48,1,14,11 | -.161 (4.08) | +.139 (3.53) | 39 | +.281 (7.14) | -.070 (1.77),unreviewed
MIL-STD-1560C.pdf,49,1,1,Contacts; (Insert arrangement 15-23) |  |  |  |  | ,unreviewed
MIL-STD-1560C.pdf,49,1,2,Contact; position; ID | Location | Contact; position ID | Location |  | ,unreviewed
MIL-STD-1560C.pdf,49,1,3, | X-axis; (mm) | Y-axis; (mm) |  | X-axis; (mm) | Y-axis; (mm),unreviewed
MIL-STD-1560C.pdf,49,1,4,12 | -.080 (2.04) | +.139 (3.53) | 40 | -.241 (6.12) | -.139 (3.53),unreviewed
MIL-STD-1560C.pdf,49,1,5,13 | +.000 (0.00) | +.139 (3.53) | 41 | -.161 (4.08) | -.139 (3.53),unreviewed
MIL-STD-1560C.pdf,49,1,6,14 | +.080 (2.04) | +.139 (3.53) | 42 | -.080 (2.04) | -.139 (3.53),unreviewed
MIL-STD-1560C.pdf,49,1,7,15 | +.161 (4.08) | +.139 (3.53) | 43 | +.000 (0.00) | -.139 (3.53),unreviewed
MIL-STD-1560C.pdf,49,1,8,16 | +.241 (6.12) | +.139 (3.53) | 44 | +.080 (2.04) | -.139 (3.53),unreviewed
MIL-STD-1560C.pdf,49,1,9,17 | -.281 (7.14) | +.070 (1.77) | 45 | +.161 (4.08) | -.139 (3.53),unreviewed
MIL-STD-1560C.pdf,49,1,10,18 | -.201 (5.10) | +.070 (1.77) | 46 | +.241 (6.12) | -.139 (3.53),unreviewed
MIL-STD-1560C.pdf,49,1,11,19 | -.121 (3.06) | +.070 (1.77) | 47 | -.201 (5.10) | -.209 (5.30),unreviewed
MIL-STD-1560C.pdf,49,1,12,20 | -.040 (1.02) | +.070 (1.77) | 48 | -.121 (3.06) | -.209 (5.30),unreviewed
MIL-STD-1560C.pdf,49,1,13,21 | +.040 (1.02) | +.070 (1.77) | 49 | -.040 (1.02) | -.209 (5.30),unreviewed
MIL-STD-1560C.pdf,49,1,14,22 | +.121 (3.06) | +.070 (1.77) | 50 | +.040 (1.02) | -.209 (5.30),unreviewed
MIL-STD-1560C.pdf,49,1,15,23 | +.201 (5.10) | +.070 (1.77) | 51 | +.121 (3.06) | -.209 (5.30),unreviewed
MIL-STD-1560C.pdf,49,1,16,24 | +.281 (7.14) | +.070 (1.77) | 52 | +.201 (5.10) | -.209 (5.30),unreviewed
MIL-STD-1560C.pdf,49,1,17,25 | -.241 (6.12) | +.000 (0.00) | 53 | -.080 (2.04) | -.278 (7.07),unreviewed
MIL-STD-1560C.pdf,49,1,18,26 | -.161 (4.08) | +.000 (0.00) | 54 | +.000 (0.00) | -.278 (7.07),unreviewed
MIL-STD-1560C.pdf,49,1,19,27 | -.080 (2.04) | +.000 (0.00) | 55 | +.080 (2.04) | -.278 (7.07),unreviewed
MIL-STD-1560C.pdf,49,1,20,28 | +.000 (0.00) | +.000 (0.00) | --- | --- | ---,unreviewed
MIL-STD-1560C.pdf,49,2,1,Shell; size | Arrangement; no. | Number of; contacts | Size; contacts | Service; rating | Contact; location | Standard contact | ,unreviewed
MIL-STD-1560C.pdf,49,2,2,15 | -23 | 55 | 23-22 | N | All | Pin | Socket,unreviewed
MIL-STD-1560C.pdf,49,2,3, |  |  |  |  |  | M39029/122-670 | M39029/121-663,unreviewed
MIL-STD-1560C.pdf,50,1,1,Contacts; (Insert arrangement 15-35) |  |  |  |  | ,unreviewed
MIL-STD-1560C.pdf,50,1,2,Contact; position ID | Location |  | Contact; position ID | Location | ,unreviewed
MIL-STD-1560C.pdf,50,1,3, | X-axis; (mm) | Y-axis; (mm) |  | X-axis; (mm) | Y-axis; (mm),unreviewed
MIL-STD-1560C.pdf,50,1,4,1 | +.045 (1.14) | +.262 (6.65) | 20 | +.123 (3.12) | +.119 (3.02),unreviewed
MIL-STD-1560C.pdf,50,1,5,2 | +.123 (3.12) | +.217 (5.51) | 21 | +.170 (4.32) | +.040 (1.02),unreviewed
MIL-STD-1560C.pdf,50,1,6,3 | +.211 (5.36) | +.160 (4.06) | 22 | +.170 (4.32) | -.050 (1.27),unreviewed
MIL-STD-1560C.pdf,50,1,7,4 | +.254 (6.45) | +.080 (2.03) | 23 | +.123 (3.12) | -.127 (3.23),unreviewed
MIL-STD-1560C.pdf,50,1,8,5 | +.266 (6.76) | -.010 (.25) | 24 | +.045 (1.14) | -.172 (4.37),unreviewed
MIL-STD-1560C.pdf,50,1,9,6 | +.247 (6.27) | -.098 (2.49) | 25 | -.045 (1.14) | -.172 (4.37),unreviewed
MIL-STD-1560C.pdf,50,1,10,7 | +.200 (5.08) | -.175 (4.45) | 26 | -.123 (3.12) | -.127 (3.23),unreviewed
MIL-STD-1560C.pdf,50,1,11,8 | +.130 (3.30) | -.232 (5.89) | 27 | -.170 (4.32) | -.050 (1.27),unreviewed
MIL-STD-1560C.pdf,50,1,12,9 | +.045 (1.14) | -.262 (6.65) | 28 | -.170 (4.32) | +.040 (1.02),unreviewed
MIL-STD-1560C.pdf,50,1,13,10 | -.045 (1.14) | -.262 (6.65) | 29 | -.123 (3.12) | +.119 (3.02),unreviewed
MIL-STD-1560C.pdf,50,1,14,11 | -.130 (3.30) | -.232 (5.89) | 30 | -.045 (1.14) | +.172 (4.37),unreviewed
MIL-STD-1560C.pdf,50,1,15,12 | -.200 (5.08) | -.175 (4.45) | 31 | +.045 (1.14) | +.074 (1.88),unreviewed
MIL-STD-1560C.pdf,50,1,16,13 | -.247 (6.27) | -.098 (2.49) | 32 | +.090 (2.29) | -.004 (0.10),unreviewed
MIL-STD-1560C.pdf,50,1,17,14 | -.266 (6.76) | -.010 (.25) | 33 | +.045 (1.14) | -.082 (2.08),unreviewed
MIL-STD-1560C.pdf,50,1,18,15 | -.254 (6.45) | +.080 (2.03) | 34 | -.045 (1.14) | -.082 (2.08),unreviewed
MIL-STD-1560C.pdf,51,1,1,Contacts; (Insert arrangement 15-35) |  |  |  |  | ,unreviewed
MIL-STD-1560C.pdf,51,1,2,Contact; position ID | Location |  | Contact; position ID | Location | ,unreviewed
MIL-STD-1560C.pdf,51,1,3, | X-axis; (mm) | Y-axis; (mm) |  | X-axis; (mm) | Y-axis; (mm),unreviewed
MIL-STD-1560C.pdf,51,1,4,16 | -.211 (5.36) | +.160 (4.06) | 35 | -.090 (2.29) | -.004 (0.10),unreviewed
MIL-STD-1560C.pdf,51,1,5,17 | -.123 (3.12) | +.217 (5.51) | 36 | -.045 (1.14) | +.074 (1.88),unreviewed
MIL-STD-1560C.pdf,51,1,6,18 | -.045 (1.14) | +.262 (6.65) | 37 | +.000 (0.00) | -.004 (0.10),unreviewed
MIL-STD-1560C.pdf,51,1,7,19 | +.045 (1.14) | +.172 (4.37) | --- | --- | ---,unreviewed
MIL-STD-1560C.pdf,51,2,1,Shell; size | Arrangement; no. | Number of; contacts | Size; contacts | Service; rating | Contact; location | Supersedes,unreviewed
MIL-STD-1560C.pdf,51,2,2,15 | -35 | 37 | 22D | M | All | MS27528-35,unreviewed
MIL-STD-1560C.pdf,52,1,1,Contacts; (Insert arrangement 15-37) |  |  |  |  | ,unreviewed
MIL-STD-1560C.pdf,52,1,2,Contact; position ID | Location |  | Contact; position ID | Location | ,unreviewed
MIL-STD-1560C.pdf,52,1,3, | X-axis; (mm) | Y-axis; (mm) |  | X-axis; (mm) | Y-axis; (mm),unreviewed
MIL-STD-1560C.pdf,52,1,4,1 | +.045 (1.14) | +.262 (6.65) | 20 | +.123 (3.12) | +.119 (3.02),unreviewed
MIL-STD-1560C.pdf,52,1,5,2 | +.123 (3.12) | +.217 (5.51) | 21 | +.170 (4.32) | +.040 (1.02),unreviewed
MIL-STD-1560C.pdf,52,1,6,3 | +.211 (5.36) | +.160 (4.06) | 22 | +.170 (4.32) | -.050 (1.27),unreviewed
MIL-STD-1560C.pdf,52,1,7,4 | +.254 (6.45) | +.080 (2.03) | 23 | +.123 (3.12) | -.127 (3.23),unreviewed
MIL-STD-1560C.pdf,52,1,8,5 | +.266 (6.76) | -.010 (0.25) | 24 | +.045 (1.14) | -.172 (4.37),unreviewed
MIL-STD-1560C.pdf,52,1,9,6 | +.247 (6.27) | -.098 (2.49) | 25 | -.045 (1.14) | -.172 (4.37),unreviewed
MIL-STD-1560C.pdf,52,1,10,7 | +.200 (5.08) | -.175 (4.45) | 26 | -.123 (3.12) | -.127 (3.23),unreviewed
MIL-STD-1560C.pdf,52,1,11,8 | +.130 (3.30) | -.232 (5.89) | 27 | -.170 (4.32) | -.050 (1.27),unreviewed
MIL-STD-1560C.pdf,52,1,12,9 | +.045 (1.14) | -.262 (6.65) | 28 | -.170 (4.32) | +.040 (1.02),unreviewed
MIL-STD-1560C.pdf,52,1,13,10 | -.045 (1.14) | -.262 (6.65) | 29 | -.123 (3.12) | +.119 (3.02),unreviewed
MIL-STD-1560C.pdf,52,1,14,11 | -.130 (3.30) | -.232 (5.89) | 30 | -.045 (1.14) | +.172 (4.37),unreviewed
MIL-STD-1560C.pdf,52,1,15,12 | -.200 (5.08) | -.175 (4.45) | 31 | +.045 (1.14) | +.074 (1.88),unreviewed
MIL-STD-1560C.pdf,52,1,16,13 | -.247 (6.27) | -.098 (2.49) | 32 | +.090 (2.29) | -.004 (0.10),unreviewed
MIL-STD-1560C.pdf,52,1,17,14 | -.266 (6.76) | -.010 (0.25) | 33 | +.045 (1.14) | -.082 (2.08),unreviewed
MIL-STD-1560C.pdf,52,1,18,15 | -.254 (6.45) | +.080 (2.03) | 34 | -.045 (1.14) | -.082 (2.08),unreviewed
MIL-STD-1560C.pdf,53,1,1,Contacts; (Insert arrangement 15-37) |  |  |  |  | ,unreviewed
MIL-STD-1560C.pdf,53,1,2,Contact; position ID | Location |  | Contact; position; ID | Location | ,unreviewed
MIL-STD-1560C.pdf,53,1,3, | X-axis; (mm) | Y-axis; (mm) |  | X-axis; (mm) | Y-axis; (mm),unreviewed
MIL-STD-1560C.pdf,53,1,4,16 | -.211 (5.36) | +.160 (4.06) | 35 | -.090 (2.29) | -.004 (0.10),unreviewed
MIL-STD-1560C.pdf,53,1,5,17 | -.123 (3.12) | +.217 (5.51) | 36 | -.045 (1.14) | +.074 (1.88),unreviewed
MIL-STD-1560C.pdf,53,1,6,18 | -.045 (1.14) | +.262 (6.65) | 37 | +.000 (0.00) | -.004 (0.10),unreviewed
MIL-STD-1560C.pdf,53,1,7,19 | +.045 (1.14) | +.172 (4.37) | --- | --- | ---,unreviewed
MIL-STD-1560C.pdf,53,2,1,Shell; size | Arrangement; no. | Number of; contacts | Size; contacts | Service; rating | Contact; location | Supersedes,unreviewed
MIL-STD-1560C.pdf,53,2,2,15 | -37 | 37 | 22M | M | All | MS20052-37,unreviewed
MIL-STD-1560C.pdf,54,1,1,Contacts; (Insert arrangement 15-97) |  |  |  |  | ,unreviewed
MIL-STD-1560C.pdf,54,1,2,Contact; position ID | Location |  | Contact; position; ID | Location | ,unreviewed
MIL-STD-1560C.pdf,54,1,3, | X-axis; (mm) | Y-axis; (mm) |  | X-axis; (mm) | Y-axis; (mm),unreviewed
MIL-STD-1560C.pdf,54,1,4,A | +.065 (1.65) | +.234 (5.94) | G | -.207 (5.26) | -.095 (2.41),unreviewed
MIL-STD-1560C.pdf,54,1,5,B | +.178 (4.52) | +.178 (4.52) | H | -.234 (5.94) | +.065 (1.65),unreviewed
MIL-STD-1560C.pdf,54,1,6,C | +.230 (5.84) | -.023 (0.58) | J | -.178 (4.52) | +.178 (4.52),unreviewed
MIL-STD-1560C.pdf,54,1,7,D | +.178 (4.52) | -.178 (4.52) | K | -.065 (1.65) | +.234 (5.94),unreviewed
MIL-STD-1560C.pdf,54,1,8,E | +.065 (1.65) | -.234 (5.94) | L | -.047 (1.19) | +.081 (2.06),unreviewed
MIL-STD-1560C.pdf,54,1,9,F | -.089 (2.26) | -.235 (5.97) | M | +.047 (1.19) | -.081 (2.06),unreviewed
MIL-STD-1560C.pdf,54,2,1,Shell; size | Arrangement; no. | Number of; contacts | Size; contacts | Service; rating | Contact; location | Supersedes,unreviewed
MIL-STD-1560C.pdf,54,2,2,"15 | -97 | 4 | 16 | I | C, G, L, M | MS20052-97",unreviewed
MIL-STD-1560C.pdf,54,2,3, |  | 8 | 20 |  | All others | ,unreviewed
MIL-STD-1560C.pdf,55,1,1,Contacts; (Insert arrangement 17-2) |  |  |  |  | ,unreviewed
MIL-STD-1560C.pdf,55,1,2,Contact; position ID | Location |  | Contact; position ID | Location | ,unreviewed
MIL-STD-1560C.pdf,55,1,3, | X-axis; (mm) | Y-axis; (mm) |  | X-axis; (mm) | Y-axis; (mm),unreviewed
MIL-STD-1560C.pdf,55,1,4,1 | +.046 (1.17) | +.325 (8.26) | 21 | -.133 (3.38) | +.299 (7.59),unreviewed
MIL-STD-1560C.pdf,55,1,5,2 | +.133 (3.38) | +.299 (7.59) | 22 | -.046 (1.17) | +.325 (8.26),unreviewed
MIL-STD-1560C.pdf,55,1,6,3 | +.211 (5.36) | +.251 (6.38) | 23 | +.046 (1.17) | +.231 (5.87),unreviewed
MIL-STD-1560C.pdf,55,1,7,4 | +.272 (6.91) | +.183 (4.65) | 24 | +.129 (3.28) | +.197 (5.00),unreviewed
MIL-STD-1560C.pdf,55,1,8,5 | +.312 (7.92) | +.101 (2.57) | 25 | +.194 (4.93) | +.133 (3.38),unreviewed
MIL-STD-1560C.pdf,55,1,9,6 | +.328 (8.33) | +.011 (0.28) | 26 | +.230 (5.84) | +.050 (1.27),unreviewed
MIL-STD-1560C.pdf,55,1,10,7 | +.318 (8.08) | -.079 (2.01) | 27 | +.232 (5.89) | -.040 (1.02),unreviewed
MIL-STD-1560C.pdf,55,1,11,8 | +.284 (7.21) | -.164 (4.17) | 28 | +.200 (5.08) | -.125 (3.18),unreviewed
MIL-STD-1560C.pdf,55,1,12,9 | +.228 (5.79) | -.236 (5.99) | 29 | +.137 (3.48) | -.191 (4.85),unreviewed
MIL-STD-1560C.pdf,55,1,13,10 | +.154 (3.91) | -.289 (7.34) | 30 | +.055 (1.40) | -.229 (5.82),unreviewed
MIL-STD-1560C.pdf,55,1,14,11 | +.068 (1.73) | -.321 (8.15) | 31 | -.055 (1.40) | -.229 (5.82),unreviewed
MIL-STD-1560C.pdf,55,1,15,12 | -.068 (1.73) | -.321 (8.15) | 32 | -.137 (3.48) | -.191 (4.85),unreviewed
MIL-STD-1560C.pdf,55,1,16,13 | -.154 (3.91) | -.289 (7.34) | 33 | -.200 (5.08) | -.125 (3.18),unreviewed
MIL-STD-1560C.pdf,55,1,17,14 | -.228 (5.79) | -.236 (5.99) | 34 | -.232 (5.89) | -.040 (1.02),unreviewed
MIL-STD-1560C.pdf,55,1,18,15 | -.284 (7.21) | -.164 (4.17) | 35 | -.230 (5.84) | +.050 (1.27),unreviewed
MIL-STD-1560C.pdf,55,1,19,16 | -.318 (8.08) | -.079 (2.01) | 36 | -.194 (4.93) | +.133 (3.38),unreviewed
MIL-STD-1560C.pdf,56,1,1,Contacts; (Insert arrangement 17-2) |  |  |  |  | ,unreviewed
MIL-STD-1560C.pdf,56,1,2,Contact; position ID | Location |  | Contact; position ID | Location | ,unreviewed
MIL-STD-1560C.pdf,56,1,3, | X-axis; (mm) | Y-axis; (mm) |  | X-axis; (mm) | Y-axis; (mm),unreviewed
MIL-STD-1560C.pdf,56,1,4,17 | -.328 (8.33) | +.011 (0.28) | 37 | -.129 (3.28) | +.197 (5.00),unreviewed
MIL-STD-1560C.pdf,56,1,5,18 | -.312 (7.92) | +.101 (2.57) | 38 | -.046 (1.17) | +.231 (5.87),unreviewed
MIL-STD-1560C.pdf,56,1,6,19 | -.272 (6.91) | +.183 (4.65) | 39 | +.000 (0.00) | -.000 (0.00),unreviewed
MIL-STD-1560C.pdf,56,1,7,20 | -.211 (5.36) | +.251 (6.38) | --- | --- | ---,unreviewed
MIL-STD-1560C.pdf,56,2,1,Shell; size | Arrangement; no. | Number; of; contacts | Size; contacts | Service; rating | Contact; position; ID | Standard contact | ,unreviewed
MIL-STD-1560C.pdf,56,2,2, |  |  |  |  |  | Pin | Socket,unreviewed
MIL-STD-1560C.pdf,56,2,3,17 | -2 | 38 | 22D | M | All other | M39029/58-360 | M39029/56-348,unreviewed
MIL-STD-1560C.pdf,56,2,4, |  | 1 | 8; (See note) | Twinax | 39 | M39029/90-529 | M39029/91-530,unreviewed
MIL-STD-1560C.pdf,57,1,1,Contacts; (Insert arrangement 17-3) |  |  |  |  | ,unreviewed
MIL-STD-1560C.pdf,57,1,2,Contact; position ID | Location |  | Contact; position ID | Location | ,unreviewed
MIL-STD-1560C.pdf,57,1,3, | X-axis; (mm) | Y-axis; (mm) |  | X-axis; (mm) | Y-axis; (mm),unreviewed
MIL-STD-1560C.pdf,57,1,4,1 | +.046 (1.17) | +.325 (8.26) | 21 | -.133 (3.38) | +.299 (7.59),unreviewed
MIL-STD-1560C.pdf,57,1,5,2 | +.133 (3.38) | +.299 (7.59) | 22 | -.046 (1.17) | +.325 (8.26),unreviewed
MIL-STD-1560C.pdf,57,1,6,3 | +.211 (5.36) | +.251 (6.38) | 23 | +.046 (1.17) | +.231 (5.87),unreviewed
MIL-STD-1560C.pdf,57,1,7,4 | +.272 (6.91) | +.183 (4.65) | 24 | +.129 (3.28) | +.197 (5.00),unreviewed
MIL-STD-1560C.pdf,57,1,8,5 | +.312 (7.92) | +.101 (2.57) | 25 | +.194 (4.93) | +.133 (3.38),unreviewed
MIL-STD-1560C.pdf,57,1,9,6 | +.328 (8.33) | +.011 (0.28) | 26 | +.230 (5.84) | +.050 (1.27),unreviewed
MIL-STD-1560C.pdf,57,1,10,7 | +.318 (8.08) | -.079 (2.01) | 27 | +.232 (5.89) | -.040 (1.02),unreviewed
MIL-STD-1560C.pdf,57,1,11,8 | +.284 (7.21) | -.164 (4.17) | 28 | +.200 (5.08) | -.125 (3.18),unreviewed
MIL-STD-1560C.pdf,57,1,12,9 | +.228 (5.79) | -.236 (5.99) | 29 | +.137 (3.48) | -.191 (4.85),unreviewed
MIL-STD-1560C.pdf,57,1,13,10 | +.154 (3.91) | -.289 (7.34) | 30 | +.055 (1.40) | -.229 (5.82),unreviewed
MIL-STD-1560C.pdf,57,1,14,11 | +.068 (1.73) | -.321 (8.15) | 31 | -.055 (1.40) | -.229 (5.82),unreviewed
MIL-STD-1560C.pdf,57,1,15,12 | -.068 (1.73) | -.321 (8.15) | 32 | -.137 (3.48) | -.191 (4.85),unreviewed
MIL-STD-1560C.pdf,57,1,16,13 | -.154 (3.91) | -.289 (7.34) | 33 | -.200 (5.08) | -.125 (3.18),unreviewed
MIL-STD-1560C.pdf,57,1,17,14 | -.228 (5.79) | -.236 (5.99) | 34 | -.232 (5.89) | -.040 (1.02),unreviewed
MIL-STD-1560C.pdf,57,1,18,15 | -.284 (7.21) | -.164 (4.17) | 35 | -.230 (5.84) | +.050 (1.27),unreviewed
MIL-STD-1560C.pdf,57,1,19,16 | -.318 (8.08) | -.079 (2.01) | 36 | -.194 (4.93) | +.133 (3.38),unreviewed
MIL-STD-1560C.pdf,58,1,1,Contacts; (Insert arrangement 17-3) |  |  |  |  | ,unreviewed
MIL-STD-1560C.pdf,58,1,2,Contact; position ID | Location |  | Contact; position ID | Location | ,unreviewed
MIL-STD-1560C.pdf,58,1,3, | X-axis; (mm) | Y-axis; (mm) |  | X-axis; (mm) | Y-axis; (mm),unreviewed
MIL-STD-1560C.pdf,58,1,4,17 | -.328 (8.33) | +.011 (0.28) | 37 | -.129 (3.28) | +.197 (5.00),unreviewed
MIL-STD-1560C.pdf,58,1,5,18 | -.312 (7.92) | +.101 (2.57) | 38 | -.046 (1.17) | +.231 (5.87),unreviewed
MIL-STD-1560C.pdf,58,1,6,19 | -.272 (6.91) | +.183 (4.65) | 39 | +.000 (0.00) | -.000 (0.00),unreviewed
MIL-STD-1560C.pdf,58,1,7,20 | -.211 (5.36) | +.251 (6.38) | --- | --- | ---,unreviewed
MIL-STD-1560C.pdf,58,2,1,Shell; size | Arrangement; no. | Number; of; contacts | Size; contacts | Service; rating | Contact; position; ID | Standard contact | ,unreviewed
MIL-STD-1560C.pdf,58,2,2, |  |  |  |  |  | Pin | Socket,unreviewed
MIL-STD-1560C.pdf,58,2,3,17 | -3 | 38 | 22D | M | All other | M39029/58-360 | M39029/56-348,unreviewed
MIL-STD-1560C.pdf,58,2,4, |  | 1 | 8; (See note) | Twinax | 39 | M39029/113-; 625 | M39029/114-; 628,unreviewed
MIL-STD-1560C.pdf,59,1,1,Contacts; (Insert arrangement 17-6) |  | ,unreviewed
MIL-STD-1560C.pdf,59,1,2,Contact; position ID | Location | ,unreviewed
MIL-STD-1560C.pdf,59,1,3, | X-axis; (mm) | Y-axis; (mm),unreviewed
MIL-STD-1560C.pdf,59,1,4,A | +.121 (3.07) | +.209 (5.31),unreviewed
MIL-STD-1560C.pdf,59,1,5,B | +.241 (6.12) | +.000 (0.00),unreviewed
MIL-STD-1560C.pdf,59,1,6,C | +.000 (0.00) | -.241 (6.12),unreviewed
MIL-STD-1560C.pdf,59,1,7,D | -.241 (6.12) | +.000 (0.00),unreviewed
MIL-STD-1560C.pdf,59,1,8,E | -.121 (3.07) | +.209 (5.31),unreviewed
MIL-STD-1560C.pdf,59,1,9,F | +.000 (0.00) | +.000 (0.00),unreviewed
MIL-STD-1560C.pdf,59,2,1,Shell; size | Arrangement; no. | Number of; contacts | Size; contacts | Service; rating | Contact; location | Supersedes,unreviewed
MIL-STD-1560C.pdf,59,2,2,17 | -6 | 6 | 12 | I | All | MS20053-6,unreviewed
MIL-STD-1560C.pdf,60,1,1,Contacts; (Insert arrangement 17-8) |  | ,unreviewed
MIL-STD-1560C.pdf,60,1,2,Contact; position ID | Location | ,unreviewed
MIL-STD-1560C.pdf,60,1,3, | X-axis; (mm) | Y-axis; (mm),unreviewed
MIL-STD-1560C.pdf,60,1,4,A | +.000 (0.00) | +.236 (5.99),unreviewed
MIL-STD-1560C.pdf,60,1,5,B | +.128 (3.25) | +.086 (2.18),unreviewed
MIL-STD-1560C.pdf,60,1,6,C | +.230 (5.84) | -.078 (1.98),unreviewed
MIL-STD-1560C.pdf,60,1,7,D | +.094 (2.39) | -.216 (5.49),unreviewed
MIL-STD-1560C.pdf,60,1,8,E | -.094 (2.39) | -.216 (5.49),unreviewed
MIL-STD-1560C.pdf,60,1,9,F | -.230 (5.84) | -.078 (1.98),unreviewed
MIL-STD-1560C.pdf,60,1,10,G | -.128 (3.25) | +.086 (2.18),unreviewed
MIL-STD-1560C.pdf,60,1,11,H | +.000 (0.00) | -.052 (1.32),unreviewed
MIL-STD-1560C.pdf,60,2,1,Shell; size | Arrangement; no. | Number of; contacts | Size; contacts | Service; rating | Contact; location | Supersedes,unreviewed
MIL-STD-1560C.pdf,60,2,2,17 | -8 | 8 | 16 | II | All | MS20053-8,unreviewed
MIL-STD-1560C.pdf,61,1,1,Contacts; (Insert arrangement 17-11) |  |  |  |  | ,unreviewed
MIL-STD-1560C.pdf,61,1,2,Contact; position ID | Location |  | Contact; position; ID | Location | ,unreviewed
MIL-STD-1560C.pdf,61,1,3, | X-axis; (mm) | Y-axis; (mm) |  | X-axis; (mm) | Y-axis; (mm),unreviewed
MIL-STD-1560C.pdf,61,1,4,A | +.000 (0.00) | +.290 (7.37) | G | -.190 (4.83) | -.199 (5.05),unreviewed
MIL-STD-1560C.pdf,61,1,5,B | +.200 (5.08) | +.100 (2.54) | H | -.275 (6.99) | -.088 (2.24),unreviewed
MIL-STD-1560C.pdf,61,1,6,C | +.275 (6.99) | -.088 (2.24) | J | -.200 (5.08) | +.100 (2.54),unreviewed
MIL-STD-1560C.pdf,61,1,7,D | +.190 (4.83) | -.199 (5.05) | K | +.000 (0.00) | +.150 (3.81),unreviewed
MIL-STD-1560C.pdf,61,1,8,E | +.071 (1.80) | -.282 (7.16) | L | +.000 (0.00) | -.075 (1.91),unreviewed
MIL-STD-1560C.pdf,61,1,9,F | -.071 (1.80) | -.282 (7.16) | --- | --- | ---,unreviewed
MIL-STD-1560C.pdf,61,2,1,Shell; size | Arrangement; no. | Number; of; contacts | Size; contacts | Service; rating | Contact; position; ID | Standard contacts | ,unreviewed
MIL-STD-1560C.pdf,61,2,2, |  |  |  |  |  | Pin | Socket,unreviewed
MIL-STD-1560C.pdf,61,2,3,17 | -11 | 1 | 12 | Coax | J | M39029/28-; 211 | M39029/75-; 416,unreviewed
MIL-STD-1560C.pdf,61,2,4," |  | 2 | 12 | Twinax | B, L | 02004-936 | 02003-926",unreviewed
MIL-STD-1560C.pdf,61,2,5," |  | 8 | 20 | N | A, C,; D,E, F,G,; H, K | M39029/58-; 363 | M39029/56-; 351",unreviewed
MIL-STD-1560C.pdf,62,1,1,Contacts; (Insert arrangement 17-23) |  |  |  |  | ,unreviewed
MIL-STD-1560C.pdf,62,1,2,Contact; position; ID | Location |  | Contact; position ID | Location | ,unreviewed
MIL-STD-1560C.pdf,62,1,3, | X-axis; (mm) | Y-axis; (mm) |  | X-axis; (mm) | Y-axis; (mm),unreviewed
MIL-STD-1560C.pdf,62,1,4,1 | -.040 (1.02) | +.348 (8.83) | 38 | +.080 (2.04) | +.000 (0.00),unreviewed
MIL-STD-1560C.pdf,62,1,5,2 | +.040 (1.02) | +.348 (8.83) | 39 | +.161 (4.08) | +.000 (0.00),unreviewed
MIL-STD-1560C.pdf,62,1,6,3 | -.161 (4.08) | +.278 (7.07) | 40 | +.241 (6.12) | +.000 (0.00),unreviewed
MIL-STD-1560C.pdf,62,1,7,4 | -.080 (2.04) | +.278 (7.07) | 41 | +.321 (8.16) | +.000 (0.00),unreviewed
MIL-STD-1560C.pdf,62,1,8,5 | +.000 (0.00) | +.278 (7.07) | 42 | -.281 (7.14) | -.070 (1.77),unreviewed
MIL-STD-1560C.pdf,62,1,9,6 | +.080 (2.04) | +.278 (7.07) | 43 | -.201 (5.10) | -.070 (1.77),unreviewed
MIL-STD-1560C.pdf,62,1,10,7 | +.161 (4.08) | +.278 (7.07) | 44 | -.121 (3.06) | -.070 (1.77),unreviewed
MIL-STD-1560C.pdf,62,1,11,8 | -.281 (7.14) | +.209 (5.30) | 45 | -.040 (1.02) | -.070 (1.77),unreviewed
MIL-STD-1560C.pdf,62,1,12,9 | -.201 (5.10) | +.209 (5.30) | 46 | +.040 (1.02) | -.070 (1.77),unreviewed
MIL-STD-1560C.pdf,62,1,13,10 | -.121 (3.06) | +.209 (5.30) | 47 | +.121 (3.06) | -.070 (1.77),unreviewed
MIL-STD-1560C.pdf,63,1,1,Contacts; (Insert arrangement 17-23) |  |  |  |  | ,unreviewed
MIL-STD-1560C.pdf,63,1,2,Contact; position; ID | Location |  | Contact; position ID | Location | ,unreviewed
MIL-STD-1560C.pdf,63,1,3, | X-axis; (mm) | Y-axis; (mm) |  | X-axis; (mm) | Y-axis; (mm),unreviewed
MIL-STD-1560C.pdf,63,1,4,11 | -.040 (1.02) | +.209 (5.30) | 48 | +.201 (5.10) | -.070 (1.77),unreviewed
MIL-STD-1560C.pdf,63,1,5,12 | +.040 (1.02) | +.209 (5.30) | 49 | +.281 (7.14) | -.070 (1.77),unreviewed
MIL-STD-1560C.pdf,63,1,6,13 | +.121 (3.06) | +.209 (5.30) | 50 | -.321 (8.16) | -.139 (3.53),unreviewed
MIL-STD-1560C.pdf,63,1,7,14 | +.201 (5.10) | +.209 (5.30) | 51 | -.241 (6.12) | -.139 (3.53),unreviewed
MIL-STD-1560C.pdf,63,1,8,15 | +.281 (7.14) | +.209 (5.30) | 52 | -.161 (4.08) | -.139 (3.53),unreviewed
MIL-STD-1560C.pdf,63,1,9,16 | -.321 (8.16) | +.139 (3.53) | 53 | -.080 (2.04) | -.139 (3.53),unreviewed
MIL-STD-1560C.pdf,63,1,10,17 | -.241 (6.12) | +.139 (3.53) | 54 | +.000 (0.00) | -.139 (3.53),unreviewed
MIL-STD-1560C.pdf,63,1,11,18 | -.161 (4.08) | +.139 (3.53) | 55 | +.080 (2.04) | -.139 (3.53),unreviewed
MIL-STD-1560C.pdf,63,1,12,19 | -.080 (2.04) | +.139 (3.53) | 56 | +.161 (4.08) | -.139 (3.53),unreviewed
MIL-STD-1560C.pdf,63,1,13,20 | +.000 (0.00) | +.139 (3.53) | 57 | +.241 (6.12) | -.139 (3.53),unreviewed
MIL-STD-1560C.pdf,63,1,14,21 | +.080 (2.04) | +.139 (3.53) | 58 | +.321 (8.16) | -.139 (3.53),unreviewed
MIL-STD-1560C.pdf,63,1,15,22 | +.161 (4.08) | +.139 (3.53) | 59 | -.281 (7.14) | -.209 (5.30),unreviewed
MIL-STD-1560C.pdf,63,1,16,23 | +.241 (6.12) | +.139 (3.53) | 60 | -.201 (5.10) | -.209 (5.30),unreviewed
MIL-STD-1560C.pdf,63,1,17,24 | +.321 (8.16) | +.139 (3.53) | 61 | -.121 (3.06) | -.209 (5.30),unreviewed
MIL-STD-1560C.pdf,63,1,18,25 | -.281 (7.14) | +.070 (1.77) | 62 | -.040 (1.02) | -.209 (5.30),unreviewed
MIL-STD-1560C.pdf,63,1,19,26 | -.201 (5.10) | +.070 (1.77) | 63 | +.040 (1.02) | -.209 (5.30),unreviewed
MIL-STD-1560C.pdf,63,1,20,27 | -.121 (3.06) | +.070 (1.77) | 64 | +.121 (3.06) | -.209 (5.30),unreviewed
MIL-STD-1560C.pdf,63,1,21,28 | -.040 (1.02) | +.070 (1.77) | 65 | +.201 (5.10) | -.209 (5.30),unreviewed
MIL-STD-1560C.pdf,63,1,22,29 | +.040 (1.02) | +.070 (1.77) | 66 | +.281 (7.14) | -.209 (5.30),unreviewed
MIL-STD-1560C.pdf,63,1,23,30 | +.121 (3.06) | +.070 (1.77) | 67 | -.161 (4.08) | -.278 (7.07),unreviewed
MIL-STD-1560C.pdf,63,1,24,31 | +.201 (5.10) | +.070 (1.77) | 68 | -.080 (2.04) | -.278 (7.07),unreviewed
MIL-STD-1560C.pdf,63,1,25,32 | +.281 (7.14) | +.070 (1.77) | 69 | +.000 (0.00) | -.278 (7.07),unreviewed
MIL-STD-1560C.pdf,63,1,26,33 | -.321 (8.16) | +.000 (0.00) | 70 | +.080 (2.04) | -.278 (7.07),unreviewed
MIL-STD-1560C.pdf,63,1,27,34 | -.241 (6.12) | +.000 (0.00) | 71 | +.161 (4.08) | -.278 (7.07),unreviewed
MIL-STD-1560C.pdf,63,1,28,35 | -.161 (4.08) | +.000 (0.00) | 72 | -.040 (1.02) | -.348 (8.83),unreviewed
MIL-STD-1560C.pdf,63,1,29,36 | -.080 (2.04) | +.000 (0.00) | 73 | +.040 (1.02) | -.348 (8.83),unreviewed
MIL-STD-1560C.pdf,63,1,30,37 | +.000 (0.00) | +.000 (0.00) | --- | --- | ---,unreviewed
MIL-STD-1560C.pdf,63,2,1,Shell; size | Arrangement; no. | Number of; contacts | Size; contacts | Service; rating | Contact; location | Standard contact | ,unreviewed
MIL-STD-1560C.pdf,63,2,2,17 | -23 | 73 | 23-22 | N | All | Pin | Socket,unreviewed
MIL-STD-1560C.pdf,63,2,3, |  |  |  |  |  | M39029/122-670 | M39029/121-663,unreviewed
MIL-STD-1560C.pdf,64,1,1, |  |  |  |  |  |  | ,unreviewed
MIL-STD-1560C.pdf,64,1,2,Contacts; (Insert arrangement 17-26) |  |  |  |  |  |  | ,unreviewed
MIL-STD-1560C.pdf,64,1,3,Contact; position ID | Contact location |  |  | Contact; position ID | Contact location |  | ,unreviewed
MIL-STD-1560C.pdf,64,1,4, | X-axis; (mm) |  | Y-axis; (mm) |  | X-axis; (mm) |  | Y-axis; (mm),unreviewed
MIL-STD-1560C.pdf,64,1,5,A | +.000 (0.00) |  | +.321 (8.15) | P | -.239 (6.07) |  | +.214 (5.44),unreviewed
MIL-STD-1560C.pdf,64,1,6,B | +.131 (3.33) |  | +.293 (7.44) | R | -.131 (3.33) |  | +.293 (7.44),unreviewed
MIL-STD-1560C.pdf,64,1,7,C | +.239 (6.07) |  | +.214 (5.44) | S | -.070 (1.78) |  | +.177 (4.50),unreviewed
MIL-STD-1560C.pdf,64,1,8,D | +.305 (7.75) |  | +.099 (2.51) | T | +.070 (1.78) |  | +.177 (4.50),unreviewed
MIL-STD-1560C.pdf,64,1,9,E | +.319 (8.10) |  | -.034 (0.86) | U | +.175 (4.45) |  | +.094 (2.39),unreviewed
MIL-STD-1560C.pdf,64,1,10,F | +.278 (7.06) |  | -.161 (4.09) | V | +.178 (4.52) |  | -.036 (0.91),unreviewed
MIL-STD-1560C.pdf,64,1,11,G | +.189 (4.80) |  | -.260 (6.60) | W | +.119 (3.02) |  | -.151 (3.84),unreviewed
MIL-STD-1560C.pdf,64,1,12,H | +.067 (1.70) |  | -.314 (7.98) | X | +.000 (0.00) |  | -.203 (5.16),unreviewed
MIL-STD-1560C.pdf,64,1,13,J | -.067 (1.70) |  | -.314 (7.98) | Y | -.119 (3.02) |  | -.151 (3.84),unreviewed
MIL-STD-1560C.pdf,64,1,14,K | -.189 (4.80) |  | -.260 (6.60) | Z | -.178 (4.52) |  | -.036 (0.91),unreviewed
MIL-STD-1560C.pdf,64,1,15,L | -.278 (7.06) |  | -.161 (4.09) | a | -.175 (4.45) |  | +.094 (2.39),unreviewed
MIL-STD-1560C.pdf,64,1,16,M | -.319 (8.10) |  | -.034 (0.86) | b | +.000 (0.00) |  | +.065 (1.65),unreviewed
MIL-STD-1560C.pdf,64,1,17,N | -.305 (7.75) |  | +.099 (2.51) | c | +.000 (0.00) |  | -.065 (1.65),unreviewed
MIL-STD-1560C.pdf,64,2,1,Shell; size | Arrangement; no. | Number of; contacts | Size; contacts | Service; rating | Contact; position ID | Supersedes,unreviewed
MIL-STD-1560C.pdf,64,2,2,17 | -26 | 26 | 20 | I | All | MS20053-26,unreviewed
MIL-STD-1560C.pdf,65,1,1, |  | ,unreviewed
MIL-STD-1560C.pdf,65,1,2, |  | +X,unreviewed
MIL-STD-1560C.pdf,65,1,3, |  | ,unreviewed
MIL-STD-1560C.pdf,65,2,1,Contacts; (Insert arrangement 17-35) |  |  |  |  | ,unreviewed
MIL-STD-1560C.pdf,65,2,2,Contact; position; ID | Location |  | Contact; position ID | Location | ,unreviewed
MIL-STD-1560C.pdf,65,2,3, | X-axis; (mm) | Y-axis; (mm) |  | X-axis; (mm) | Y-axis; (mm),unreviewed
MIL-STD-1560C.pdf,65,2,4,1 | -.312 (7.92) | +.086 (2.18) | 29 | .000 (0.00) | -.094 (2.39),unreviewed
MIL-STD-1560C.pdf,65,2,5,2 | -.312 (7.92) | -.004 (0.10) | 30 | .000 (0.00) | -.184 (4.67),unreviewed
MIL-STD-1560C.pdf,65,2,6,3 | -.312 (7.92) | -.094 (2.39) | 31 | .000 (0.00) | -.274 (6.96),unreviewed
MIL-STD-1560C.pdf,65,2,7,4 | -.242 (6.15) | +.221 (5.61) | 32 | +.089 (2.26) | +.316 (8.03),unreviewed
MIL-STD-1560C.pdf,65,2,8,5 | -.234 (5.94) | +.131 (3.33) | 33 | +.078 (1.98) | +.221 (5.61),unreviewed
MIL-STD-1560C.pdf,65,2,9,6 | -.234 (5.94) | +.041 (1.04) | 34 | +.078 (1.98) | +.131 (3.33),unreviewed
MIL-STD-1560C.pdf,65,2,10,7 | -.234 (5.94) | -.049 (1.24) | 35 | +.078 (1.98) | +.041 (1.04),unreviewed
MIL-STD-1560C.pdf,65,2,11,8 | -.234 (5.94) | -.139 (3.53) | 36 | +.078 (1.98) | -.049 (1.24),unreviewed
MIL-STD-1560C.pdf,65,2,12,9 | -.234 (5.94) | -.229 (5.82) | 37 | +.078 (1.98) | -.139 (3.53),unreviewed
MIL-STD-1560C.pdf,65,2,13,10 | -.172 (4.37) | +.279 (7.09) | 38 | +.078 (1.98) | -.229 (5.82),unreviewed
MIL-STD-1560C.pdf,65,2,14,11 | -.156 (3.96) | +.176 (4.47) | 39 | +.078 (1.98) | -.319 (8.10),unreviewed
MIL-STD-1560C.pdf,65,2,15,12 | -.156 (3.96) | +.086 (2.18) | 40 | +.172 (4.37) | +.279 (7.09),unreviewed
MIL-STD-1560C.pdf,65,2,16,13 | -.156 (3.96) | -.004 (0.10) | 41 | +.156 (3.96) | +.176 (4.47),unreviewed
MIL-STD-1560C.pdf,65,2,17,14 | -.156 (3.96) | -.094 (2.39) | 42 | +.156 (3.96) | +.086 (2.18),unreviewed
MIL-STD-1560C.pdf,65,2,18,15 | -.156 (3.96) | -.184 (4.67) | 43 | +.156 (3.96) | -.004 (0.10),unreviewed
MIL-STD-1560C.pdf,65,2,19,16 | -.156 (3.96) | -.274 (6.96) | 44 | +.156 (3.96) | -.094 (2.39),unreviewed
MIL-STD-1560C.pdf,65,2,20,17 | -.089 (2.26) | +.316 (8.03) | 45 | +.156 (3.96) | -.184 (4.67),unreviewed
MIL-STD-1560C.pdf,65,2,21,18 | -.078 (1.98) | +.221 (5.61) | 46 | +.156 (3.96) | -.274 (6.96),unreviewed
MIL-STD-1560C.pdf,66,1,1,Contacts; (Insert arrangement 17-35) |  |  |  |  | ,unreviewed
MIL-STD-1560C.pdf,66,1,2,Contact; position; ID | Location |  | Contact; position ID | Location | ,unreviewed
MIL-STD-1560C.pdf,66,1,3, | X-axis; (mm) | Y-axis; (mm) |  | X-axis; (mm) | Y-axis; (mm),unreviewed
MIL-STD-1560C.pdf,66,1,4,19 | -.078 (1.98) | +.131 (3.33) | 47 | +.242 (6.15) | +.221 (5.61),unreviewed
MIL-STD-1560C.pdf,66,1,5,20 | -.078 (1.98) | +.041 (1.04) | 48 | +.234 (5.94) | +.131 (3.33),unreviewed
MIL-STD-1560C.pdf,66,1,6,21 | -.078 (1.98) | -.049 (1.24) | 49 | +.234 (5.94) | +.041 (1.04),unreviewed
MIL-STD-1560C.pdf,66,1,7,22 | -.078 (1.98) | -.139 (3.53) | 50 | +.234 (5.94) | -.049 (1.24),unreviewed
MIL-STD-1560C.pdf,66,1,8,23 | -.078 (1.98) | -.229 (5.82) | 51 | +.234 (5.94) | -.139 (3.53),unreviewed
MIL-STD-1560C.pdf,66,1,9,24 | -.078 (1.98) | -.319 (8.10) | 52 | +.234 (5.94) | -.229 (5.82),unreviewed
MIL-STD-1560C.pdf,66,1,10,25 | .000 (0.00) | +.329 (8.36) | 53 | +.312 (7.92) | +.086 (2.18),unreviewed
MIL-STD-1560C.pdf,66,1,11,26 | .000 (0.00) | +.176 (4.47) | 54 | +.312 (7.92) | -.004 (0.10),unreviewed
MIL-STD-1560C.pdf,66,1,12,27 | .000 (0.00) | +.086 (2.18) | 55 | +.312 (7.92) | -.094 (2.39),unreviewed
MIL-STD-1560C.pdf,66,1,13,28 | .000 (0.00) | -.004 (0.10) | --- | --- | ---,unreviewed
MIL-STD-1560C.pdf,66,2,1,Shell; size | Arrangement; no. | Number of; contacts | Size; contacts | Service; rating | Contact; location | Supersedes,unreviewed
MIL-STD-1560C.pdf,66,2,2,17 | -35 | 55 | 22D | M | All | MS27529-35,unreviewed
MIL-STD-1560C.pdf,67,1,1, | +X,unreviewed
MIL-STD-1560C.pdf,67,2,1,Contacts; (Insert arrangement 17-55) |  |  |  |  | ,unreviewed
MIL-STD-1560C.pdf,67,2,2,Contact; position; ID | Location |  | Contact; position ID | Location | ,unreviewed
MIL-STD-1560C.pdf,67,2,3, | X-axis; (mm) | Y-axis; (mm) |  | X-axis; (mm) | Y-axis; (mm),unreviewed
MIL-STD-1560C.pdf,67,2,4,1 | -.312 (7.92) | +.086 (2.18) | 29 | +.000 (0.00) | -.094 (2.39),unreviewed
MIL-STD-1560C.pdf,67,2,5,2 | -.312 (7.92) | -.004 (0.10) | 30 | +.000 (0.00) | -.184 (4.67),unreviewed
MIL-STD-1560C.pdf,67,2,6,3 | -.312 (7.92) | -.094 (2.39) | 31 | +.000 (0.00) | -.274 (6.96),unreviewed
MIL-STD-1560C.pdf,67,2,7,4 | -.242 (6.15) | +.221 (5.61) | 32 | +.089 (2.26) | +.316 (8.03),unreviewed
MIL-STD-1560C.pdf,67,2,8,5 | -.234 (5.94) | +.131 (3.33) | 33 | +.078 (1.98) | +.221 (5.61),unreviewed
MIL-STD-1560C.pdf,67,2,9,6 | -.234 (5.94) | +.041 (1.04) | 34 | +.078 (1.98) | +.131 (3.33),unreviewed
MIL-STD-1560C.pdf,67,2,10,7 | -.234 (5.94) | -.049 (1.24) | 35 | +.078 (1.98) | +.041 (1.04),unreviewed
MIL-STD-1560C.pdf,67,2,11,8 | -.234 (5.94) | -.139 (3.53) | 36 | +.078 (1.98) | -.049 (1.24),unreviewed
MIL-STD-1560C.pdf,67,2,12,9 | -.234 (5.94) | -.229 (5.82) | 37 | +.078 (1.98) | -.139 (3.53),unreviewed
MIL-STD-1560C.pdf,67,2,13,10 | -.172 (4.37) | +.279 (7.09) | 38 | +.078 (1.98) | -.229 (5.82),unreviewed
MIL-STD-1560C.pdf,67,2,14,11 | -.156 (3.96) | +.176 (4.47) | 39 | +.078 (1.98) | -.319 (8.10),unreviewed
MIL-STD-1560C.pdf,67,2,15,12 | -.156 (3.96) | +.086 (2.18) | 40 | +.172 (4.37) | +.279 (7.09),unreviewed
MIL-STD-1560C.pdf,67,2,16,13 | -.156 (3.96) | -.004 (0.10) | 41 | +.156 (3.96) | +.176 (4.47),unreviewed
MIL-STD-1560C.pdf,67,2,17,14 | -.156 (3.96) | -.094 (2.39) | 42 | +.156 (3.96) | +.086 (2.18),unreviewed
MIL-STD-1560C.pdf,67,2,18,15 | -.156 (3.96) | -.184 (4.67) | 43 | +.156 (3.96) | -.004 (0.10),unreviewed
MIL-STD-1560C.pdf,67,2,19,16 | -.156 (3.96) | -.274 (6.96) | 44 | +.156 (3.96) | -.094 (2.39),unreviewed
MIL-STD-1560C.pdf,67,2,20,17 | -.089 (2.26) | +.316 (8.03) | 45 | +.156 (3.96) | -.184 (4.67),unreviewed
MIL-STD-1560C.pdf,67,2,21,18 | -.078 (1.98) | +.221 (5.61) | 46 | +.156 (3.96) | -.274 (6.96),unreviewed
MIL-STD-1560C.pdf,68,1,1,Contacts; (Insert arrangement 17-55) |  |  |  |  | ,unreviewed
MIL-STD-1560C.pdf,68,1,2,Contact; position; ID | Location |  | Contact; position ID | Location | ,unreviewed
MIL-STD-1560C.pdf,68,1,3, | X-axis; (mm) | Y-axis; (mm) |  | X-axis; (mm) | Y-axis; (mm),unreviewed
MIL-STD-1560C.pdf,68,1,4,19 | -.078 (1.98) | +.131 (3.33) | 47 | +.242 (6.15) | +.221 (5.61),unreviewed
MIL-STD-1560C.pdf,68,1,5,20 | -.078 (1.98) | +.041 (1.04) | 48 | +.234 (5.94) | +.131 (3.33),unreviewed
MIL-STD-1560C.pdf,68,1,6,21 | -.078 (1.98) | -.049 (1.24) | 49 | +.234 (5.94) | +.041 (1.04),unreviewed
MIL-STD-1560C.pdf,68,1,7,22 | -.078 (1.98) | -.139 (3.53) | 50 | +.234 (5.94) | -.049 (1.24),unreviewed
MIL-STD-1560C.pdf,68,1,8,23 | -.078 (1.98) | -.229 (5.82) | 51 | +.234 (5.94) | -.139 (3.53),unreviewed
MIL-STD-1560C.pdf,68,1,9,24 | -.078 (1.98) | -.319 (8.10) | 52 | +.234 (5.94) | -.229 (5.82),unreviewed
MIL-STD-1560C.pdf,68,1,10,25 | +.000 (0.00) | +.329 (8.36) | 53 | +.312 (7.92) | +.086 (2.18),unreviewed
MIL-STD-1560C.pdf,68,1,11,26 | +.000 (0.00) | +.176 (4.47) | 54 | +.312 (7.92) | -.004 (0.10),unreviewed
MIL-STD-1560C.pdf,68,1,12,27 | +.000 (0.00) | +.086 (2.18) | 55 | +.312 (7.92) | -.094 (2.39),unreviewed
MIL-STD-1560C.pdf,68,1,13,28 | +.000 (0.00) | -.004 (0.10) | --- | --- | ---,unreviewed
MIL-STD-1560C.pdf,68,2,1,Shell; size | Arrangement; no. | Number of; contacts | Size; contacts | Service; rating | Contact; location | Supersedes,unreviewed
MIL-STD-1560C.pdf,68,2,2,17 | -55 | 55 | 22M | M | All | MS20053-55,unreviewed
MIL-STD-1560C.pdf,69,1,1, |  |  |  |  |  |  | ,unreviewed
MIL-STD-1560C.pdf,69,1,2,Contacts; (Insert arrangement 17-99) |  |  |  |  |  |  | ,unreviewed
MIL-STD-1560C.pdf,69,1,3,Contact; position ID | Contact location |  |  | Contact; position ID | Contact location |  | ,unreviewed
MIL-STD-1560C.pdf,69,1,4, | X-axis; (mm) |  | Y-axis; (mm) |  | X-axis; (mm) |  | Y-axis; (mm),unreviewed
MIL-STD-1560C.pdf,69,1,5,A | .000 (0.00) |  | +.321 (8.15) | N | -.305 (7.75) |  | +.099 (2.51),unreviewed
MIL-STD-1560C.pdf,69,1,6,B | +.131 (3.33) |  | +.293 (7.44) | P | -.239 (6.07) |  | +.214 (5.44),unreviewed
MIL-STD-1560C.pdf,69,1,7,C | +.239 (6.07) |  | +.214 (5.44) | R | -.131 (3.33) |  | +.293 (7.44),unreviewed
MIL-STD-1560C.pdf,69,1,8,D | +.305 (7.75) |  | +.099 (2.51) | S | -.070 (1.78) |  | +.177 (4.50),unreviewed
MIL-STD-1560C.pdf,69,1,9,E | +.319 (8.10) |  | -.034 (0.86) | T | +.070 (1.78) |  | +.177 (4.50),unreviewed
MIL-STD-1560C.pdf,69,1,10,F | +.278 (7.06) |  | -.161 (4.09) | U | +.175 (4.45) |  | +.094 (2.39),unreviewed
MIL-STD-1560C.pdf,69,1,11,G | +.189 (4.80) |  | -.260 (6.60) | V | +.150 (3.81) |  | -.075 (1.91),unreviewed
MIL-STD-1560C.pdf,69,1,12,H | +.067 (1.70) |  | -.314 (7.98) | W | +.000 (0.00) |  | -.161 (4.09),unreviewed
MIL-STD-1560C.pdf,69,1,13,J | -.067 (1.70) |  | -.314 (7.98) | X | -.150 (3.81) |  | -.075 (1.91),unreviewed
MIL-STD-1560C.pdf,69,1,14,K | -.189 (4.80) |  | -.260 (6.60) | Y | -.175 (4.45) |  | +.094 (2.39),unreviewed
MIL-STD-1560C.pdf,69,1,15,L | -.278 (7.06) |  | -.161 (4.09) | Z | +.000 (0.00) |  | +.025 (0.64),unreviewed
MIL-STD-1560C.pdf,69,1,16,M | -.319 (8.10) |  | -.034 (0.86) |  |  |  | ,unreviewed
MIL-STD-1560C.pdf,69,2,1,Shell size | Arrangement; no. | Number of; contacts | Size; contacts | Service; rating | Contact; position ID | Supersedes,unreviewed
MIL-STD-1560C.pdf,69,2,2,"17 | -99 | 2 | 16 | I | W, Z | MS20053-99",unreviewed
MIL-STD-1560C.pdf,69,2,3, |  | 21 | 20 |  | All others | ,unreviewed
MIL-STD-1560C.pdf,70,1,1,Contacts; (Insert arrangement 19-11) |  |  |  |  | ,unreviewed
MIL-STD-1560C.pdf,70,1,2,Contact; position ID | Location |  | Contact; position; ID | Location | ,unreviewed
MIL-STD-1560C.pdf,70,1,3, | X-axis; (mm) | Y-axis; (mm) |  | X-axis; (mm) | Y-axis; (mm),unreviewed
MIL-STD-1560C.pdf,70,1,4,A | +.105 (2.67) | +.260 (6.60) | G | -.275 (6.99) | -.053 (1.35),unreviewed
MIL-STD-1560C.pdf,70,1,5,B | +.250 (6.35) | +.132 (3.35) | H | -.250 (6.35) | +.132 (3.35),unreviewed
MIL-STD-1560C.pdf,70,1,6,C | +.275 (6.99) | -.053 (1.35) | J | -.105 (2.67) | +.260 (6.60),unreviewed
MIL-STD-1560C.pdf,70,1,7,D | +.179 (4.55) | -.215 (5.46) | K | +.000 (0.00) | +.105 (2.67),unreviewed
MIL-STD-1560C.pdf,70,1,8,E | +.000 (0.00) | -.281 (7.14) | L | +.000 (0.00) | -.092 (2.34),unreviewed
MIL-STD-1560C.pdf,70,1,9,F | -.179 (4.55) | -.215 (5.46) | --- | --- | ---,unreviewed
MIL-STD-1560C.pdf,70,2,1,Shell; size | Arrangement; no. | Number of; contacts | Size; contacts | Service; rating | Contact; location | Supersedes,unreviewed
MIL-STD-1560C.pdf,70,2,2,19 | -11 | 11 | 16 | II | All | MS20054-; 11,unreviewed
MIL-STD-1560C.pdf,71,1,1,Contacts; (Insert arrangement 19-18) |  |  |  |  | ,unreviewed
MIL-STD-1560C.pdf,71,1,2,Contact; position ID | Location |  | Contact; position; ID | Location | ,unreviewed
MIL-STD-1560C.pdf,71,1,3, | X-axis; (mm) | Y-axis; (mm) |  | X-axis; (mm) | Y-axis; (mm),unreviewed
MIL-STD-1560C.pdf,71,1,4,A | +.068 (1.73) | +.380 (9.65) | K | -.180 (4.57) | -.180 (4.57),unreviewed
MIL-STD-1560C.pdf,71,1,5,B | +.180 (4.57) | +.180 (4.57) | L | -.377 (9.58) | -.065 (1.65),unreviewed
MIL-STD-1560C.pdf,71,1,6,C | +.377 (9.58) | +.065 (1.65) | M | -.317 (8.05) | +.000 (0.00),unreviewed
MIL-STD-1560C.pdf,71,1,7,D | +.317 (8.05) | +.000 (0.00) | N | -.377 (9.58) | +.065 (1.65),unreviewed
MIL-STD-1560C.pdf,71,1,8,E | +.377 (9.58) | -.065 (1.65) | P | -.180 (4.57) | +.180 (4.57),unreviewed
MIL-STD-1560C.pdf,71,1,9,F | +.180 (4.57) | -.180 (4.57) | R | -.068 (1.73) | +.380 (9.65),unreviewed
MIL-STD-1560C.pdf,71,1,10,G | +.068 (1.73) | -.380 (9.65) | S | +.000 (0.00) | +.319 (8.10),unreviewed
MIL-STD-1560C.pdf,71,1,11,H | +.000 (0.00) | -.319 (8.10) | T | +.000 (0.00) | +.044 (1.12),unreviewed
MIL-STD-1560C.pdf,71,1,12,J | -.068 (1.73) | -.380 (9.65) | U | +.000 (0.00) | -.044 (1.12),unreviewed
MIL-STD-1560C.pdf,71,2,1,Shell; size | Arrangement; No. | Number of; contacts | Size; contacts | Service; rating | Contact; location | Standard contact | ,unreviewed
MIL-STD-1560C.pdf,71,2,2, |  |  |  |  |  | Pin | Socket,unreviewed
MIL-STD-1560C.pdf,71,2,3,"19 | 18 | 4 | 8; (see note) | Twinax | B, F, K, P | M39029/90-529 | M39029/91-530",unreviewed
MIL-STD-1560C.pdf,71,2,4, |  | 14 | 22D | M | All others | M39029/58 | M39029/56,unreviewed
MIL-STD-1560C.pdf,72,1,1,Contacts; (Insert arrangement 19-19) |  |  |  |  | ,unreviewed
MIL-STD-1560C.pdf,72,1,2,Contact; position ID | Location |  | Contact; position; ID | Location | ,unreviewed
MIL-STD-1560C.pdf,72,1,3, | X-axis; (mm) | Y-axis; (mm) |  | X-axis; (mm) | Y-axis; (mm),unreviewed
MIL-STD-1560C.pdf,72,1,4,A | +.068 (1.73) | +.380 (9.65) | K | -.180 (4.57) | -.180 (4.57),unreviewed
MIL-STD-1560C.pdf,72,1,5,B | +.180 (4.57) | +.180 (4.57) | L | -.377 (9.58) | -.065 (1.65),unreviewed
MIL-STD-1560C.pdf,72,1,6,C | +.377 (9.58) | +.065 (1.65) | M | -.317 (8.05) | +.000 (0.00),unreviewed
MIL-STD-1560C.pdf,72,1,7,D | +.317 (8.05) | +.000 (0.00) | N | -.377 (9.58) | +.065 (1.65),unreviewed
MIL-STD-1560C.pdf,72,1,8,E | +.377 (9.58) | -.065 (1.65) | P | -.180 (4.57) | +.180 (4.57),unreviewed
MIL-STD-1560C.pdf,72,1,9,F | +.180 (4.57) | -.180 (4.57) | R | -.068 (1.73) | +.380 (9.65),unreviewed
MIL-STD-1560C.pdf,72,1,10,G | +.068 (1.73) | -.380 (9.65) | S | +.000 (0.00) | +.319 (8.10),unreviewed
MIL-STD-1560C.pdf,72,1,11,H | +.000 (0.00) | -.319 (8.10) | T | +.000 (0.00) | +.044 (1.12),unreviewed
MIL-STD-1560C.pdf,72,1,12,J | -.068 (1.73) | -.380 (9.65) | U | +.000 (0.00) | -.044 (1.12),unreviewed
MIL-STD-1560C.pdf,72,2,1,Shell; size | Arrange-; ment no. | Number; of; contacts | Size; contacts | Service; rating | Contact; location | Standard contact | ,unreviewed
MIL-STD-1560C.pdf,72,2,2, |  |  |  |  |  | Pin | Socket,unreviewed
MIL-STD-1560C.pdf,72,2,3,"19 | -19 | 4 | 8; (see note) | Twinax | B,F,K,P | SAE-AS39029; /113-625 | SAE-AS39029; /114-628",unreviewed
MIL-STD-1560C.pdf,72,2,4, |  | 14 | 22D | M | All; others | SAE-AS39029; /58 | SAE-AS39029; /56,unreviewed
MIL-STD-1560C.pdf,73,1,1,Contacts; (Insert arrangement 19-23) |  |  |  |  | ,unreviewed
MIL-STD-1560C.pdf,73,1,2,Contact; position; ID | Location |  | Contact; position; ID | Location | ,unreviewed
MIL-STD-1560C.pdf,73,1,3, | X-axis; (mm) | Y-axis; (mm) |  | X-axis; (mm) | Y-axis; (mm),unreviewed
MIL-STD-1560C.pdf,73,1,4,1 | +.000 (0.00) | +.393 (9.99) | 45 | -.156 (3.97) | -.271 (6.88),unreviewed
MIL-STD-1560C.pdf,73,1,5,2 | +.082 (2.08) | +.385 (9.77) | 46 | -.221 (5.62) | -.221 (5.62),unreviewed
MIL-STD-1560C.pdf,73,1,6,3 | +.160 (4.06) | +.359 (9.12) | 47 | -.271 (6.88) | -.156 (3.97),unreviewed
MIL-STD-1560C.pdf,73,1,7,4 | +.231 (5.87) | +.318 (8.08) | 48 | -.302 (7.67) | -.081 (2.06),unreviewed
MIL-STD-1560C.pdf,73,1,8,5 | +.292 (7.42) | +.263 (6.68) | 49 | -.313 (7.95) | +.000 (0.00),unreviewed
MIL-STD-1560C.pdf,73,1,9,6 | +.341 (8.65) | +.197 (4.99) | 50 | -.302 (7.67) | +.081 (2.06),unreviewed
MIL-STD-1560C.pdf,73,1,10,7 | +.374 (9.50) | +.122 (3.09) | 51 | -.271 (6.88) | +.156 (3.97),unreviewed
MIL-STD-1560C.pdf,73,1,11,8 | +.391 (9.93) | +.041 (1.04) | 52 | -.221 (5.62) | +.221 (5.62),unreviewed
MIL-STD-1560C.pdf,74,1,1,Contacts; (Insert arrangement 19-23) |  |  |  |  | ,unreviewed
MIL-STD-1560C.pdf,74,1,2,Contact; position; ID | Contact position ID |  | Contact; position; ID | Contact position ID | ,unreviewed
MIL-STD-1560C.pdf,74,1,3, | X-axis; (mm) | Y-axis; (mm) |  | X-axis; (mm) | Y-axis; (mm),unreviewed
MIL-STD-1560C.pdf,74,1,4,9 | +.391 (9.93) | -.041 (1.04) | 53 | -.156 (3.97) | +.271 (6.88),unreviewed
MIL-STD-1560C.pdf,74,1,5,10 | +.374 (9.50) | -.122 (3.09) | 54 | -.081 (2.06) | +.302 (7.67),unreviewed
MIL-STD-1560C.pdf,74,1,6,11 | +.341 (8.65) | -.197 (4.99) | 55 | +.000 (0.00) | +.233 (5.91),unreviewed
MIL-STD-1560C.pdf,74,1,7,12 | +.292 (7.42) | -.263 (6.68) | 56 | +.080 (2.02) | +.219 (5.55),unreviewed
MIL-STD-1560C.pdf,74,1,8,13 | +.231 (5.87) | -.318 (8.08) | 57 | +.150 (3.80) | +.178 (4.52),unreviewed
MIL-STD-1560C.pdf,74,1,9,14 | +.160 (4.06) | -.359 (9.12) | 58 | +.201 (5.11) | +.116 (2.95),unreviewed
MIL-STD-1560C.pdf,74,1,10,15 | +.082 (2.08) | -.385 (9.77) | 59 | +.229 (5.82) | +.041 (1.03),unreviewed
MIL-STD-1560C.pdf,74,1,11,16 | +.000 (0.00) | -.393 (9.99) | 60 | +.229 (5.82) | -.041 (1.03),unreviewed
MIL-STD-1560C.pdf,74,1,12,17 | -.082 (2.08) | -.385 (9.77) | 61 | +.201 (5.11) | -.116 (2.95),unreviewed
MIL-STD-1560C.pdf,74,1,13,18 | -.160 (4.06) | -.359 (9.12) | 62 | +.150 (3.80) | -.178 (4.52),unreviewed
MIL-STD-1560C.pdf,74,1,14,19 | -.231 (5.87) | -.318 (8.08) | 63 | +.080 (2.02) | -.219 (5.55),unreviewed
MIL-STD-1560C.pdf,74,1,15,20 | -.292 (7.42) | -.263 (6.68) | 64 | +.000 (0.00) | -.233 (5.91),unreviewed
MIL-STD-1560C.pdf,74,1,16,21 | -. 341 (8.65) | -.197 (4.99) | 65 | -.080 (2.02) | -.219 (5.55),unreviewed
MIL-STD-1560C.pdf,74,1,17,22 | -.374 (9.50) | -.122 (3.09) | 66 | -.150 (3.80) | -.178 (4.52),unreviewed
MIL-STD-1560C.pdf,74,1,18,23 | -.391 (9.93) | -.041 (1.04) | 67 | -.201 (5.11) | -.116 (2.95),unreviewed
MIL-STD-1560C.pdf,74,1,19,24 | -.391 (9.93) | +.041 (1.04) | 68 | -.229 (5.82) | -.041 (1.03),unreviewed
MIL-STD-1560C.pdf,74,1,20,25 | -.374 (9.50) | +.122 (3.09) | 69 | -.229 (5.82) | +.041 (1.03),unreviewed
MIL-STD-1560C.pdf,74,1,21,26 | -.341 (8.65) | +.197 (4.99) | 70 | -.201 (5.11) | +.116 (2.95),unreviewed
MIL-STD-1560C.pdf,74,1,22,27 | -.292 (7.42) | +.263 (6.68) | 71 | -.150 (3.80) | +.178 (4.52),unreviewed
MIL-STD-1560C.pdf,74,1,23,28 | -.231 (5.87) | +.318 (8.08) | 72 | -.080 (2.02) | +.219 (5.55),unreviewed
MIL-STD-1560C.pdf,74,1,24,29 | -.160 (4.06) | +.359 (9.12) | 73 | +.000 (0.00) | +.152 (3.87),unreviewed
MIL-STD-1560C.pdf,74,1,25,30 | -.082 (2.08) | +.385 (9.77) | 74 | +.082 (2.09) | +.128 (3.25),unreviewed
MIL-STD-1560C.pdf,74,1,26,31 | +.000 (0.00) | +.313 (7.95) | 75 | +.139 (3.52) | +.063 (1.61),unreviewed
MIL-STD-1560C.pdf,74,1,27,32 | +.081 (2.06) | +.302 (7.67) | 76 | +.151 (3.83) | -.022 (0.55),unreviewed
MIL-STD-1560C.pdf,74,1,28,33 | +.156 (3.97) | +.271 (6.88) | 77 | +.115 (2.92) | -.100 (2.53),unreviewed
MIL-STD-1560C.pdf,74,1,29,34 | +.221 (5.62) | +.221 (5.62) | 78 | +.043 (1.09) | -.146 (3.71),unreviewed
MIL-STD-1560C.pdf,74,1,30,35 | +.271 (6.88) | +.156 (3.97) | 79 | -.043 (1.09) | -.146 (3.71),unreviewed
MIL-STD-1560C.pdf,75,1,1,Contacts; (Insert arrangement 19-23) |  |  |  |  | ,unreviewed
MIL-STD-1560C.pdf,75,1,2,Contact; position; ID | Contact position ID |  | Contact; position; ID | Contact position ID | ,unreviewed
MIL-STD-1560C.pdf,75,1,3, | X-axis; (mm) | Y-axis; (mm) |  | X-axis; (mm) | Y-axis; (mm),unreviewed
MIL-STD-1560C.pdf,75,1,4,36 | +.302 (7.67) | +.081 (2.06) | 80 | -.115 (2.92) | -.100 (2.53),unreviewed
MIL-STD-1560C.pdf,75,1,5,37 | +.313 (7.95) | +.000 (0.00) | 81 | -.151 (3.83) | -.022 (0.55),unreviewed
MIL-STD-1560C.pdf,75,1,6,38 | +.302 (7.67) | -.081 (2.06) | 82 | -.139 (3.52) | +.063 (1.61),unreviewed
MIL-STD-1560C.pdf,75,1,7,39 | +.271 (6.88) | -.156 (3.97) | 83 | -.082 (2.09) | +.128 (3.25),unreviewed
MIL-STD-1560C.pdf,75,1,8,40 | +.221 (5.62) | -.221 (5.62) | 84 | +.000 (0.00) | +.072 (1.83),unreviewed
MIL-STD-1560C.pdf,75,1,9,41 | +.156 (3.97) | -.271 (6.88) | 85 | +.069 (1.74) | +.022 (0.56),unreviewed
MIL-STD-1560C.pdf,75,1,10,42 | +.081 (2.06) | -.302 (7.67) | 86 | +.043 (1.09) | -.058 (1.48),unreviewed
MIL-STD-1560C.pdf,75,1,11,43 | +.000 (0.00) | -.313 (7.95) | 87 | -.043 (1.09) | -.058 (1.48),unreviewed
MIL-STD-1560C.pdf,75,1,12,44 | -.081 (2.06) | -.302 (7.67) | 88 | -.069 (1.74) | +.022 (0.56),unreviewed
MIL-STD-1560C.pdf,75,2,1,Shell; size | Arrangement; no. | Number of; contacts | Size; contacts | Service; rating | Contact; location | Standard contact | ,unreviewed
MIL-STD-1560C.pdf,75,2,2,19 | -23 | 88 | 23-22 | N | All | Pin | Socket,unreviewed
MIL-STD-1560C.pdf,75,2,3, |  |  |  |  |  | M39029/122-670 | M39029/121-663,unreviewed
MIL-STD-1560C.pdf,76,1,1,Contacts; (Insert arrangement 19-28) |  |  |  |  | ,unreviewed
MIL-STD-1560C.pdf,76,1,2,Contact; position; ID | Contact location |  | Contact; position ID | Contact location | ,unreviewed
MIL-STD-1560C.pdf,76,1,3, | X-axis; (mm) | Y-axis; (mm) |  | X-axis; (mm) | Y-axis; (mm),unreviewed
MIL-STD-1560C.pdf,76,1,4,A | +.066 (1.68) | +.353 (8.97) | R | -.286 (7.26) | +.217 (5.51),unreviewed
MIL-STD-1560C.pdf,76,1,5,B | +.189 (4.80) | +.305 (7.75) | S | -.189 (4.80) | +.305 (7.75),unreviewed
MIL-STD-1560C.pdf,76,1,6,C | +.286 (7.26) | +.217 (5.51) | T | -.066 (1.68) | +.353 (8.97),unreviewed
MIL-STD-1560C.pdf,76,1,7,D | +.345 (8.76) | +.098 (2.49) | U | +.000 (0.00) | +.230 (5.84),unreviewed
MIL-STD-1560C.pdf,76,1,8,E | +.357 (9.07) | -.033 (0.84) | V | +.124 (3.15) | +.193 (4.90),unreviewed
MIL-STD-1560C.pdf,76,1,9,F | +.321 (8.15) | -.160 (4.06) | W | +.209 (5.31) | +.095 (2.41),unreviewed
MIL-STD-1560C.pdf,76,1,10,G | +.242 (6.15) | -.265 (6.73) | X | +.228 (5.79) | -.033 (0.84),unreviewed
MIL-STD-1560C.pdf,76,1,11,H | +.130 (3.30) | -.335 (8.51) | Y | +.174 (4.42) | -.151 (3.84),unreviewed
MIL-STD-1560C.pdf,76,1,12,J | +.000 (0.00) | -.359 (9.12) | Z | +.000 (0.00) | -.191 (4.85),unreviewed
MIL-STD-1560C.pdf,76,1,13,K | -.130 (3.30) | -.335 (8.51) | a | -.174 (4.42) | -.151 (3.84),unreviewed
MIL-STD-1560C.pdf,76,1,14,L | -.242 (6.15) | -.265 (6.73) | b | -.228 (5.79) | -.033 (0.84),unreviewed
MIL-STD-1560C.pdf,76,1,15,M | -.321 (8.15) | -.160 (4.06) | c | -.209 (5.31) | +.095 (2.41),unreviewed
MIL-STD-1560C.pdf,76,1,16,N | -.357 (9.07) | -.033 (0.84) | d | -.124 (3.15) | +.193 (4.90),unreviewed
MIL-STD-1560C.pdf,76,1,17,P | -.345 (8.76) | +.098 (2.49) | e | +.000 (0.00) | +.062 (1.57),unreviewed
MIL-STD-1560C.pdf,76,2,1,Shell; size | Arrangement; no. | Number of; contacts | Size; contacts | Service; rating | Contact; location | Supersedes,unreviewed
MIL-STD-1560C.pdf,76,2,2,"19 | -28 | 2 | 16 | I | e, Z | MS20054-; 28",unreviewed
MIL-STD-1560C.pdf,76,2,3, |  | 26 | 20 |  | All others | ,unreviewed
MIL-STD-1560C.pdf,77,1,1,+Y; -X; -Y |  |  | +Y |  | ,unreviewed
MIL-STD-1560C.pdf,77,1,2, | -Y |  |  |  | ,unreviewed
MIL-STD-1560C.pdf,77,1,3, |  | -Y |  |  | ,unreviewed
MIL-STD-1560C.pdf,77,1,4, |  |  |  |  | ,unreviewed
MIL-STD-1560C.pdf,77,2,1,Contacts; (Insert arrangement 19-30) |  |  |  |  | ,unreviewed
MIL-STD-1560C.pdf,77,2,2,Contact; position; ID | Contact location |  | Contact; position ID | Contact location | ,unreviewed
MIL-STD-1560C.pdf,77,2,3, | X-axis; (mm) | Y-axis; (mm) |  | X-axis; (mm) | Y-axis; (mm),unreviewed
MIL-STD-1560C.pdf,77,2,4,A | +.065 (1.65) | +.346 (8.79) | S | -.065 (1.65) | +.346 (8.79),unreviewed
MIL-STD-1560C.pdf,77,2,5,B | +.186 (4.72) | +.299 (7.59) | T | +.084 (2.13) | +.217 (5.51),unreviewed
MIL-STD-1560C.pdf,77,2,6,C | +.282 (7.16) | +.210 (5.33) | U | +.181 (4.60) | +.129 (3.28),unreviewed
MIL-STD-1560C.pdf,77,2,7,D | +.340 (8.64) | +.093 (2.36) | V | +.228 (5.79) | +.008 (0.20),unreviewed
MIL-STD-1560C.pdf,77,2,8,E | +.351 (8.92) | -.033 (0.84) | W | +.193 (4.90) | -.117 (2.97),unreviewed
MIL-STD-1560C.pdf,77,2,9,F | +.315 (8.00) | -.158 (4.01) | X | +.096 (2.44) | -.203 (5.16),unreviewed
MIL-STD-1560C.pdf,77,2,10,G | +.236 (5.99) | -.261 (6.63) | Y | +.000 (0.00) | -.290 (7.37),unreviewed
MIL-STD-1560C.pdf,77,2,11,H | +.124 (3.15) | -.330 (8.38) | Z | -.096 (2.44) | -.203 (5.16),unreviewed
MIL-STD-1560C.pdf,77,2,12,J | -.124 (3.15) | -.330 (8.38) | a | -.193 (4.90) | -.117 (2.97),unreviewed
MIL-STD-1560C.pdf,77,2,13,K | -.236 (5.99) | -.261 (6.63) | b | -.228 (5.79) | +.008 (0.20),unreviewed
MIL-STD-1560C.pdf,77,2,14,L | -.315 (8.00) | -.158 (4.01) | c | -.181 (4.60) | +.129 (3.28),unreviewed
MIL-STD-1560C.pdf,77,2,15,M | -.351 (8.92) | -.033 (0.84) | d | -.084 (2.13) | +.217 (5.51),unreviewed
MIL-STD-1560C.pdf,77,2,16,N | -.340 (8.64) | +.093 (2.36) | e | +.000 (0.00) | +.072 (1.83),unreviewed
MIL-STD-1560C.pdf,77,2,17,P | -.282 (7.16) | +.210 (5.33) | f | +.069 (1.75) | -.076 (1.93),unreviewed
MIL-STD-1560C.pdf,77,2,18,R | -.186 (4.72) | +.299 (7.59) | g | -.069 (1.75) | -.076 (1.93),unreviewed
MIL-STD-1560C.pdf,77,3,1,Shell; size | Arrangement; no. | Number of; contacts | Size; contacts | Service; rating | Contact; location | Supersedes,unreviewed
MIL-STD-1560C.pdf,77,3,2,19 | -30 | 1 | 16 | I | e | MS20054-; 30,unreviewed
MIL-STD-1560C.pdf,77,3,3, |  | 29 | 20 |  | All others | ,unreviewed
MIL-STD-1560C.pdf,78,1,1,Contacts; (Insert arrangement 19-32) |  |  |  |  | ,unreviewed
MIL-STD-1560C.pdf,78,1,2,Contact; position ID | Contact location |  | Contact; position ID | Contact location | ,unreviewed
MIL-STD-1560C.pdf,78,1,3, | X-axis; (mm) | Y-axis; (mm) |  | X-axis; (mm) | Y-axis; (mm),unreviewed
MIL-STD-1560C.pdf,78,1,4,A | +.066 (1.68) | +.353 (8.97) | T | -.066 (1.68) | +.353 (8.97),unreviewed
MIL-STD-1560C.pdf,78,1,5,B | +.189 (4.80) | +.305 (7.75) | U | +.000 (0.00) | +.230 (5.84),unreviewed
MIL-STD-1560C.pdf,78,1,6,C | +.286 (7.26) | +.217 (5.51) | V | +.124 (3.15) | +.193 (4.90),unreviewed
MIL-STD-1560C.pdf,78,1,7,D | +.345 (8.76) | +.098 (2.49) | W | +.209 (5.31) | +.095 (2.41),unreviewed
MIL-STD-1560C.pdf,78,1,8,E | +.357 (9.07) | -.033 (0.84) | X | +.228 (5.79) | -.033 (0.84),unreviewed
MIL-STD-1560C.pdf,78,1,9,F | +.321 (8.15) | -.160 (4.06) | Y | +.174 (4.42) | -.151 (3.84),unreviewed
MIL-STD-1560C.pdf,78,1,10,G | +.242 (6.15) | -.265 (6.73) | Z | +.065 (1.65) | -.221 (5.61),unreviewed
MIL-STD-1560C.pdf,78,1,11,H | +.130 (3.30) | -.335 (8.51) | a | -.065 (1.65) | -.221 (5.61),unreviewed
MIL-STD-1560C.pdf,78,1,12,J | -.000 (0.00) | -.359 (9.12) | b | -.174 (4.42) | -.151 (3.84),unreviewed
MIL-STD-1560C.pdf,78,1,13,K | -.130 (3.30) | -.335 (8.51) | c | -.228 (5.79) | -.033 (0.84),unreviewed
MIL-STD-1560C.pdf,78,1,14,L | -.242 (6.15) | -.265 (6.73) | d | -.209 (5.31) | +.095 (2.41),unreviewed
MIL-STD-1560C.pdf,78,1,15,M | -.321 (8.15) | -.160 (4.06) | e | -.124 (3.15) | +.193 (4.90),unreviewed
MIL-STD-1560C.pdf,78,1,16,N | -.357 (9.07) | -.033 (0.84) | f | +.000 (0.00) | +.096 (2.44),unreviewed
MIL-STD-1560C.pdf,78,1,17,P | -.345 (8.76) | +.098 (2.49) | g | +.096 (2.44) | +.000 (0.00),unreviewed
MIL-STD-1560C.pdf,78,1,18,R | -.286 (7.26) | +.217 (5.51) | h | +.000 (0.00) | -.096 (2.44),unreviewed
MIL-STD-1560C.pdf,78,1,19,S | -.189 (4.80) | +.305 (7.75) | j | -.096 (2.44) | +.000 (0.00),unreviewed
MIL-STD-1560C.pdf,78,2,1,Shell; size | Arrangement; no. | Number of; contacts | Size; contacts | Service; rating | Contact; location | Supersedes,unreviewed
MIL-STD-1560C.pdf,78,2,2,19 | -32 | 32 | 20 | I | All | MS20054-32,unreviewed
MIL-STD-1560C.pdf,79,1,1,Contacts; (Insert arrangement 19-35) |  |  |  |  | ,unreviewed
MIL-STD-1560C.pdf,79,1,2,Contact; position; ID | Location |  | Contact; position ID | Location | ,unreviewed
MIL-STD-1560C.pdf,79,1,3, | X-axis; (mm) | Y-axis; (mm) |  | X-axis; (mm) | Y-axis; (mm),unreviewed
MIL-STD-1560C.pdf,79,1,4,1 | -.357 (9.07) | +.090 (2.29) | 34 | +.045 (1.14) | +.360 (9.14),unreviewed
MIL-STD-1560C.pdf,79,1,5,2 | -.357 (9.07) | +.000 (0.00) | 35 | +.045 (1.14) | +.270 (6.86),unreviewed
MIL-STD-1560C.pdf,79,1,6,3 | -.357 (9.07) | -.090 (2.29) | 36 | +.045 (1.14) | +.180 (4.57),unreviewed
MIL-STD-1560C.pdf,79,1,7,4 | -.279 (7.09) | +.225 (5.72) | 37 | +.045 (1.14) | +.090 (2.29),unreviewed
MIL-STD-1560C.pdf,79,1,8,5 | -.279 (7.09) | +.135 (3.43) | 38 | +.045 (1.14) | +.000 (0.00),unreviewed
MIL-STD-1560C.pdf,79,1,9,6 | -.279 (7.09) | +.045 (1.14) | 39 | +.045 (1.14) | -.090 (2.29),unreviewed
MIL-STD-1560C.pdf,79,1,10,7 | -.279 (7.09) | -.045 (1.14) | 40 | +.045 (1.14) | -.180 (4.57),unreviewed
MIL-STD-1560C.pdf,79,1,11,8 | -.279 (7.09) | -.135 (3.43) | 41 | +.045 (1.14) | -.270 (6.86),unreviewed
MIL-STD-1560C.pdf,79,1,12,9 | -.279 (7.09) | -.225 (5.72) | 42 | +.045 (1.14) | -.360 (9.14),unreviewed
MIL-STD-1560C.pdf,79,1,13,10 | -.201 (5.11) | +.270 (6.86) | 43 | +.123 (3.12) | +.315 (8.00),unreviewed
MIL-STD-1560C.pdf,79,1,14,11 | -.201 (5.11) | +.180 (4.57) | 44 | +.123 (3.12) | +.225 (5.72),unreviewed
MIL-STD-1560C.pdf,79,1,15,12 | -.201 (5.11) | +.090 (2.29) | 45 | +.123 (3.12) | +.135 (3.43),unreviewed
MIL-STD-1560C.pdf,79,1,16,13 | -.201 (5.11) | +.000 (0.00) | 46 | +.123 (3.12) | +.045 (1.14),unreviewed
MIL-STD-1560C.pdf,79,1,17,14 | -.201 (5.11) | -.090 (2.29) | 47 | +.123 (3.12) | -.045 (1.14),unreviewed
MIL-STD-1560C.pdf,79,1,18,15 | -.201 (5.11) | -.180 (4.57) | 48 | +.123 (3.12) | -.135 (3.43),unreviewed
MIL-STD-1560C.pdf,79,1,19,16 | -.201 (5.11) | -.270 (6.86) | 49 | +.123 (3.12) | -.225 (5.72),unreviewed
MIL-STD-1560C.pdf,79,1,20,17 | -.123 (3.12) | +.315 (8.00) | 50 | +.123 (3.12) | -.315 (8.00),unreviewed
MIL-STD-1560C.pdf,80,1,1,Contacts; (Insert arrangement 19-35) |  |  |  |  | ,unreviewed
MIL-STD-1560C.pdf,80,1,2,Contact; position; ID | Location |  | Contact; position ID | Location | ,unreviewed
MIL-STD-1560C.pdf,80,1,3, | X-axis; (mm) | Y-axis; (mm) |  | X-axis; (mm) | Y-axis; (mm),unreviewed
MIL-STD-1560C.pdf,80,1,4,18 | -.123 (3.12) | +.225 (5.72) | 51 | +.201 (5.11) | +.270 (6.86),unreviewed
MIL-STD-1560C.pdf,80,1,5,19 | -.123 (3.12) | +.135 (3.43) | 52 | +.201 (5.11) | +.180 (4.57),unreviewed
MIL-STD-1560C.pdf,80,1,6,20 | -.123 (3.12) | +.045 (1.14) | 53 | +.201 (5.11) | +.090 (2.29),unreviewed
MIL-STD-1560C.pdf,80,1,7,21 | -.123 (3.12) | -.045 (1.14) | 54 | +.201 (5.11) | +.000 (0.00),unreviewed
MIL-STD-1560C.pdf,80,1,8,22 | -.123 (3.12) | -.135 (3.43) | 55 | +.201 (5.11) | -.090 (2.29),unreviewed
MIL-STD-1560C.pdf,80,1,9,23 | -.123 (3.12) | -.225 (5.72) | 56 | +.201 (5.11) | -.180 (4.57),unreviewed
MIL-STD-1560C.pdf,80,1,10,24 | -.123 (3.12) | -.315 (8.00) | 57 | +.201 (5.11) | -.270 (6.86),unreviewed
MIL-STD-1560C.pdf,80,1,11,25 | -.045 (1.14) | +.360 (9.14) | 58 | +.279 (7.09) | +.225 (5.72),unreviewed
MIL-STD-1560C.pdf,80,1,12,26 | -.045 (1.14) | +.270 (6.86) | 59 | +.279 (7.09) | +.135 (3.43),unreviewed
MIL-STD-1560C.pdf,80,1,13,27 | -.045 (1.14) | +.180 (4.57) | 60 | +.279 (7.09) | +.045 (1.14),unreviewed
MIL-STD-1560C.pdf,80,1,14,28 | -.045 (1.14) | +.090 (2.29) | 61 | +.279 (7.09) | -.045 (1.14),unreviewed
MIL-STD-1560C.pdf,80,1,15,29 | -.045 (1.14) | +.000 (0.00) | 62 | +.279 (7.09) | -.135 (3.43),unreviewed
MIL-STD-1560C.pdf,80,1,16,30 | -.045 (1.14) | -.090 (2.29) | 63 | +.279 (7.09) | -.225 (5.72),unreviewed
MIL-STD-1560C.pdf,80,1,17,31 | -.045 (1.14) | -.180 (4.57) | 64 | +.357 (9.07) | +.090 (2.29),unreviewed
MIL-STD-1560C.pdf,80,1,18,32 | -.045 (1.14) | -.270 (6.86) | 65 | +.357 (9.07) | +.000 (0.00),unreviewed
MIL-STD-1560C.pdf,80,1,19,33 | -.045 (1.14) | -.360 (9.14) | 66 | +.357 (9.07) | -.090 (2.29),unreviewed
MIL-STD-1560C.pdf,80,2,1,Shell; size | Arrangement; no. | Number of; contacts | Size; contacts | Service; rating | Contact; location | Supersedes,unreviewed
MIL-STD-1560C.pdf,80,2,2,19 | -35 | 66 | 22D | M | All | MS27530-35,unreviewed
MIL-STD-1560C.pdf,81,1,1,Contacts; (Insert arrangement 19-45) |  |  |  |  | ,unreviewed
MIL-STD-1560C.pdf,81,1,2,Contact; position; ID | Location |  | Contact; position ID | Location | ,unreviewed
MIL-STD-1560C.pdf,81,1,3, | X-axis; (mm) | Y-axis; (mm) |  | X-axis; (mm) | Y-axis; (mm),unreviewed
MIL-STD-1560C.pdf,81,1,4,1 | -.357 (9.07) | +.081 (2.06) | 35 | +.088 (2.24) | +.360 (9.14),unreviewed
MIL-STD-1560C.pdf,81,1,5,2 | -.357 (9.07) | -.009 (0.23) | 36 | +.045 (1.14) | +.261 (6.63),unreviewed
MIL-STD-1560C.pdf,81,1,6,3 | -.357 (9.07) | -.099 (2.51) | 37 | +.045 (1.14) | +.171 (4.34),unreviewed
MIL-STD-1560C.pdf,81,1,7,4 | -.304 (7.72) | +.213 (5.41) | 38 | +.045 (1.14) | +.081 (2.06),unreviewed
MIL-STD-1560C.pdf,81,1,8,5 | -.279 (7.09) | +.126 (3.20) | 39 | +.045 (1.14) | -.009 (.23),unreviewed
MIL-STD-1560C.pdf,81,1,9,6 | -.279 (7.09) | +.036 (0.91) | 40 | +.045 (1.14) | -.099 (2.51),unreviewed
MIL-STD-1560C.pdf,81,1,10,7 | -.279 (7.09) | -.054 (1.37) | 41 | +.045 (1.14) | -.189 (4.80),unreviewed
MIL-STD-1560C.pdf,81,1,11,8 | -.279 (7.09) | -.144 (3.66) | 42 | +.045 (1.14) | -.279 (7.09),unreviewed
MIL-STD-1560C.pdf,81,1,12,9 | -.279 (7.09) | -.234 (5.94) | 43 | +.045 (1.14) | -.369 (9.37),unreviewed
MIL-STD-1560C.pdf,81,1,13,10 | -.244 (6.20) | +.280 (7.11) | 44 | +.156 (3.96) | +.301 (7.65),unreviewed
MIL-STD-1560C.pdf,81,1,14,11 | -.201 (5.11) | +.171 (4.34) | 45 | +.123 (3.12) | +.216 (5.49),unreviewed
MIL-STD-1560C.pdf,81,1,15,12 | -.201 (5.11) | +.081 (2.06) | 46 | +.123 (3.12) | +.126 (3.20),unreviewed
MIL-STD-1560C.pdf,81,1,16,13 | -.201 (5.11) | -.009 (0.23) | 47 | +.123 (3.12) | +.036 (0.91),unreviewed
MIL-STD-1560C.pdf,81,1,17,14 | -.201 (5.11) | -.099 (2.51) | 48 | +.123 (3.12) | -.054 (1.37),unreviewed
MIL-STD-1560C.pdf,81,1,18,15 | -.201 (5.11) | -.189 (4.80) | 49 | +.123 (3.12) | -.144 (3.66),unreviewed
MIL-STD-1560C.pdf,81,1,19,16 | -.201 (5.11) | -.279 (7.09) | 50 | +.123 (3.12) | -.234 (5.94),unreviewed
MIL-STD-1560C.pdf,81,1,20,17 | -.156 (3.96) | +.301 (7.65) | 51 | +.123 (3.12) | -.324 (8.23),unreviewed
MIL-STD-1560C.pdf,82,1,1,Contacts; (Insert arrangement 19-45) |  |  |  |  | ,unreviewed
MIL-STD-1560C.pdf,82,1,2,Contact; position; ID | Location |  | Contact; position ID | Location | ,unreviewed
MIL-STD-1560C.pdf,82,1,3, | X-axis; (mm) | Y-axis; (mm) |  | X-axis; (mm) | Y-axis; (mm),unreviewed
MIL-STD-1560C.pdf,82,1,4,18 | -.123 (3.12) | +.216 (5.49) | 52 | +.244 (6.20) | +.280 (7.11),unreviewed
MIL-STD-1560C.pdf,82,1,5,19 | -.123 (3.12) | +.126 (3.20) | 53 | +.201 (5.11) | +.171 (4.34),unreviewed
MIL-STD-1560C.pdf,82,1,6,20 | -.123 (3.12) | +.036 (0.91) | 54 | +.201 (5.11) | +.081 (2.06),unreviewed
MIL-STD-1560C.pdf,82,1,7,21 | -.123 (3.12) | -.054 (1.37) | 55 | +.201 (5.11) | -.009 (0.23),unreviewed
MIL-STD-1560C.pdf,82,1,8,22 | -.123 (3.12) | -.144 (3.66) | 56 | +.201 (5.11) | -.099 (2.51),unreviewed
MIL-STD-1560C.pdf,82,1,9,23 | -.123 (3.12) | -.234 (5.94) | 57 | +.201 (5.11) | -.189 (4.80),unreviewed
MIL-STD-1560C.pdf,82,1,10,24 | -.123 (3.12) | -.324 (8.23) | 58 | +.201 (5.11) | -.279 (7.09),unreviewed
MIL-STD-1560C.pdf,82,1,11,25 | -.088 (2.24) | +.360 (9.14) | 59 | +.304 (7.72) | +.213 (5.41),unreviewed
MIL-STD-1560C.pdf,82,1,12,26 | +.000 (0.00) | +.339 (8.61) | 60 | +.279 (7.09) | +.126 (3.20),unreviewed
MIL-STD-1560C.pdf,82,1,13,27 | -.045 (1.14) | +.261 (6.63) | 61 | +.279 (7.09) | +.036 (0.91),unreviewed
MIL-STD-1560C.pdf,82,1,14,28 | -.045 (1.14) | +.171 (4.34) | 62 | +.279 (7.09) | -.054 (1.37),unreviewed
MIL-STD-1560C.pdf,82,1,15,29 | -.045 (1.14) | +.081 (2.06) | 63 | +.279 (7.09) | -.144 (3.66),unreviewed
MIL-STD-1560C.pdf,82,1,16,30 | -.045 (1.14) | -.009 (0.23) | 64 | +.279 (7.09) | -.234 (5.94),unreviewed
MIL-STD-1560C.pdf,82,1,17,31 | -.045 (1.14) | -.099 (2.51) | 65 | +.357 (9.07) | +.081 (2.06),unreviewed
MIL-STD-1560C.pdf,82,1,18,32 | -.045 (1.14) | -.189 (4.80) | 66 | +.357 (9.07) | -.009 (0.23),unreviewed
MIL-STD-1560C.pdf,82,1,19,33 | -.045 (1.14) | -.279 (7.09) | 67 | +.357 (9.07) | -.099 (2.51),unreviewed
MIL-STD-1560C.pdf,82,1,20,34 | -.045 (1.14) | -.369 (9.37) | --- | --- | ---,unreviewed
MIL-STD-1560C.pdf,82,2,1,Shell; size | Arrangement; no. | Number of; contacts | Size; contacts | Service; rating | Contact; location | Supersedes,unreviewed
MIL-STD-1560C.pdf,82,2,2,19 | -45 | 67 | 22D | M | All | MS27530-45,unreviewed
MIL-STD-1560C.pdf,83,1,1,Contacts; (Insert arrangement 19-66) |  |  |  |  | ,unreviewed
MIL-STD-1560C.pdf,83,1,2,Contact; position; ID | Location |  | Contact; position ID | Location | ,unreviewed
MIL-STD-1560C.pdf,83,1,3, | X-axis; (mm) | Y-axis; (mm) |  | X-axis; (mm) | Y-axis; (mm),unreviewed
MIL-STD-1560C.pdf,83,1,4,1 | -.357 (9.07) | +.090 (2.29) | 34 | +.045 (1.14) | +.360 (9.14),unreviewed
MIL-STD-1560C.pdf,83,1,5,2 | -.357 (9.07) | +.000 (0.00) | 35 | +.045 (1.14) | +.270 (6.86),unreviewed
MIL-STD-1560C.pdf,83,1,6,3 | -.357 (9.07) | -.090 (2.29) | 36 | +.045 (1.14) | +.180 (4.57),unreviewed
MIL-STD-1560C.pdf,83,1,7,4 | -.279 (7.09) | +.225 (5.72) | 37 | +.045 (1.14) | +.090 (2.29),unreviewed
MIL-STD-1560C.pdf,83,1,8,5 | -.279 (7.09) | +.135 (3.43) | 38 | +.045 (1.14) | +.000 (0.00),unreviewed
MIL-STD-1560C.pdf,83,1,9,6 | -.279 (7.09) | +.045 (1.14) | 39 | +.045 (1.14) | -.090 (2.29),unreviewed
MIL-STD-1560C.pdf,83,1,10,7 | -.279 (7.09) | -.045 (1.14) | 40 | +.045 (1.14) | -.180 (4.57),unreviewed
MIL-STD-1560C.pdf,83,1,11,8 | -.279 (7.09) | -.135 (3.43) | 41 | +.045 (1.14) | -.270 (6.86),unreviewed
MIL-STD-1560C.pdf,83,1,12,9 | -.279 (7.09) | -.225 (5.72) | 42 | +.045 (1.14) | -.360 (9.14),unreviewed
MIL-STD-1560C.pdf,83,1,13,10 | -.201 (5.11) | +.270 (6.86) | 43 | +.123 (3.12) | +.315 (8.00),unreviewed
MIL-STD-1560C.pdf,83,1,14,11 | -.201 (5.11) | +.180 (4.57) | 44 | +.123 (3.12) | +.225 (5.72),unreviewed
MIL-STD-1560C.pdf,83,1,15,12 | -.201 (5.11) | +.090 (2.29) | 45 | +.123 (3.12) | +.135 (3.43),unreviewed
MIL-STD-1560C.pdf,83,1,16,13 | -.201 (5.11) | +.000 (0.00) | 46 | +.123 (3.12) | +.045 (1.14),unreviewed
MIL-STD-1560C.pdf,83,1,17,14 | -.201 (5.11) | -.090 (2.29) | 47 | +.123 (3.12) | -.045 (1.14),unreviewed
MIL-STD-1560C.pdf,83,1,18,15 | -.201 (5.11) | -.180 (4.57) | 48 | +.123 (3.12) | -.135 (3.43),unreviewed
MIL-STD-1560C.pdf,83,1,19,16 | -.201 (5.11) | -.270 (6.86) | 49 | +.123 (3.12) | -.225 (5.72),unreviewed
MIL-STD-1560C.pdf,83,1,20,17 | -.123 (3.12) | +.315 (8.00) | 50 | +.123 (3.12) | -.315 (8.00),unreviewed
MIL-STD-1560C.pdf,84,1,1,Contacts; (Insert arrangement 19-66) |  |  |  |  | ,unreviewed
MIL-STD-1560C.pdf,84,1,2,Contact; position; ID | Location |  | Contact; position ID | Location | ,unreviewed
MIL-STD-1560C.pdf,84,1,3, | X-axis; (mm) | Y-axis; (mm) |  | X-axis; (mm) | Y-axis; (mm),unreviewed
MIL-STD-1560C.pdf,84,1,4,18 | -.123 (3.12) | +.225 (5.72) | 51 | +.201 (5.11) | +.270 (6.86),unreviewed
MIL-STD-1560C.pdf,84,1,5,19 | -.123 (3.12) | +.135 (3.43) | 52 | +.201 (5.11) | +.180 (4.57),unreviewed
MIL-STD-1560C.pdf,84,1,6,20 | -.123 (3.12) | +.045 (1.14) | 53 | +.201 (5.11) | +.090 (2.29),unreviewed
MIL-STD-1560C.pdf,84,1,7,21 | -.123 (3.12) | -.045 (1.14) | 54 | +.201 (5.11) | +.000 (0.00),unreviewed
MIL-STD-1560C.pdf,84,1,8,22 | -.123 (3.12) | -.135 (3.43) | 55 | +.201 (5.11) | -.090 (2.29),unreviewed
MIL-STD-1560C.pdf,84,1,9,23 | -.123 (3.12) | -.225 (5.72) | 56 | +.201 (5.11) | -.180 (4.57),unreviewed
MIL-STD-1560C.pdf,84,1,10,24 | -.123 (3.12) | -.315 (8.00) | 57 | +.201 (5.11) | -.270 (6.86),unreviewed
MIL-STD-1560C.pdf,84,1,11,25 | -.045 (1.14) | +.360 (9.14) | 58 | +.279 (7.09) | +.225 (5.72),unreviewed
MIL-STD-1560C.pdf,84,1,12,26 | -.045 (1.14) | +.270 (6.86) | 59 | +.279 (7.09) | +.135 (3.43),unreviewed
MIL-STD-1560C.pdf,84,1,13,27 | -.045 (1.14) | +.180 (4.57) | 60 | +.279 (7.09) | +.045 (1.14),unreviewed
MIL-STD-1560C.pdf,84,1,14,28 | -.045 (1.14) | +.090 (2.29) | 61 | +.279 (7.09) | -.045 (1.14),unreviewed
MIL-STD-1560C.pdf,84,1,15,29 | -.045 (1.14) | +.000 (0.00) | 62 | +.279 (7.09) | -.135 (3.43),unreviewed
MIL-STD-1560C.pdf,84,1,16,30 | -.045 (1.14) | -.090 (2.29) | 63 | +.279 (7.09) | -.225 (5.72),unreviewed
MIL-STD-1560C.pdf,84,1,17,31 | -.045 (1.14) | -.180 (4.57) | 64 | +.357 (9.07) | +.090 (2.29),unreviewed
MIL-STD-1560C.pdf,84,1,18,32 | -.045 (1.14) | -.270 (6.86) | 65 | +.357 (9.07) | +.000 (0.00),unreviewed
MIL-STD-1560C.pdf,84,1,19,33 | -.045 (1.14) | -.360 (9.14) | 66 | +.357 (9.07) | -.090 (2.29),unreviewed
MIL-STD-1560C.pdf,84,2,1,Shell; size | Arrangement; no. | Number of; contacts | Size; contacts | Service; rating | Contact; location | Supersedes,unreviewed
MIL-STD-1560C.pdf,84,2,2,19 | -66 | 66 | 22M | M | All | MS20054-66,unreviewed
MIL-STD-1560C.pdf,85,1,1,Contacts; (Insert arrangement 19-67) |  |  |  |  | ,unreviewed
MIL-STD-1560C.pdf,85,1,2,Contact; position; ID | Location |  | Contact; position ID | Location | ,unreviewed
MIL-STD-1560C.pdf,85,1,3, | X-axis; (mm) | Y-axis; (mm) |  | X-axis; (mm) | Y-axis; (mm),unreviewed
MIL-STD-1560C.pdf,85,1,4,1 | -.357 (9.07) | +.081 (2.06) | 35 | +.088 (2.24) | +.360 (9.14),unreviewed
MIL-STD-1560C.pdf,85,1,5,2 | -.357 (9.07) | -.009 (0.23) | 36 | +.045 (1.14) | +.261 (6.63),unreviewed
MIL-STD-1560C.pdf,85,1,6,3 | -.357 (9.07) | -.099 (2.51) | 37 | +.045 (1.14) | +.171 (4.34),unreviewed
MIL-STD-1560C.pdf,85,1,7,4 | -.304 (7.72) | +.213 (5.41) | 38 | +.045 (1.14) | +.081 (2.06),unreviewed
MIL-STD-1560C.pdf,85,1,8,5 | -.279 (7.09) | +.126 (3.20) | 39 | +.045 (1.14) | -.009 (0.23),unreviewed
MIL-STD-1560C.pdf,85,1,9,6 | -.279 (7.09) | +.036 (0.91) | 40 | +.045 (1.14) | -.099 (2.51),unreviewed
MIL-STD-1560C.pdf,85,1,10,7 | -.279 (7.09) | -.054 (1.37) | 41 | +.045 (1.14) | -.189 (4.80),unreviewed
MIL-STD-1560C.pdf,85,1,11,8 | -.279 (7.09) | -.144 (3.66) | 42 | +.045 (1.14) | -.279 (7.09),unreviewed
MIL-STD-1560C.pdf,85,1,12,9 | -.279 (7.09) | -.234 (5.94) | 43 | +.045 (1.14) | -.369 (9.37),unreviewed
MIL-STD-1560C.pdf,85,1,13,10 | -.244 (6.20) | +.280 (7.11) | 44 | +.156 (3.96) | +.301 (7.65),unreviewed
MIL-STD-1560C.pdf,85,1,14,11 | -.201 (5.11) | +.171 (4.34) | 45 | +.123 (3.12) | +.216 (5.49),unreviewed
MIL-STD-1560C.pdf,85,1,15,12 | -.201 (5.11) | +.081 (2.06) | 46 | +.123 (3.12) | +.126 (3.20),unreviewed
MIL-STD-1560C.pdf,85,1,16,13 | -.201 (5.11) | -.009 (0.23) | 47 | +.123 (3.12) | +.036 (0.91),unreviewed
MIL-STD-1560C.pdf,85,1,17,14 | -.201 (5.11) | -.099 (2.51) | 48 | +.123 (3.12) | -.054 (1.37),unreviewed
MIL-STD-1560C.pdf,85,1,18,15 | -.201 (5.11) | -.189 (4.80) | 49 | +.123 (3.12) | -.144 (3.66),unreviewed
MIL-STD-1560C.pdf,85,1,19,16 | -.201 (5.11) | -.279 (7.09) | 50 | +.123 (3.12) | -.234 (5.94),unreviewed
MIL-STD-1560C.pdf,85,1,20,17 | -.156 (3.96) | +.301 (7.65) | 51 | +.123 (3.12) | -.324 (8.23),unreviewed
MIL-STD-1560C.pdf,86,1,1,Contacts; (Insert arrangement 19-67) |  |  |  |  | ,unreviewed
MIL-STD-1560C.pdf,86,1,2,Contact; position; ID | Location |  | Contact; position ID | Location | ,unreviewed
MIL-STD-1560C.pdf,86,1,3, | X-axis; (mm) | Y-axis; (mm) |  | X-axis; (mm) | Y-axis; (mm),unreviewed
MIL-STD-1560C.pdf,86,1,4,18 | -.123 (3.12) | +.216 (5.49) | 52 | +.244 (6.20) | +.280 (7.11),unreviewed
MIL-STD-1560C.pdf,86,1,5,19 | -.123 (3.12) | +.126 (3.20) | 53 | +.201 (5.11) | +.171 (4.34),unreviewed
MIL-STD-1560C.pdf,86,1,6,20 | -.123 (3.12) | +.036 (0.91) | 54 | +.201 (5.11) | +.081 (2.06),unreviewed
MIL-STD-1560C.pdf,86,1,7,21 | -.123 (3.12) | -.054 (1.37) | 55 | +.201 (5.11) | -.009 (.23),unreviewed
MIL-STD-1560C.pdf,86,1,8,22 | -.123 (3.12) | -.144 (3.66) | 56 | +.201 (5.11) | -.099 (2.51),unreviewed
MIL-STD-1560C.pdf,86,1,9,23 | -.123 (3.12) | -.234 (5.94) | 57 | +.201 (5.11) | -.189 (4.80),unreviewed
MIL-STD-1560C.pdf,86,1,10,24 | -.123 (3.12) | -.324 (8.23) | 58 | +.201 (5.11) | -.279 (7.09),unreviewed
MIL-STD-1560C.pdf,86,1,11,25 | -.088 (2.24) | +.360 (9.14) | 59 | +.304 (7.72) | +.213 (5.41),unreviewed
MIL-STD-1560C.pdf,86,1,12,26 | -.000 (0.00) | +.339 (8.61) | 60 | +.279 (7.09) | +.126 (3.20),unreviewed
MIL-STD-1560C.pdf,86,1,13,27 | -.045 (1.14) | +.261 (6.63) | 61 | +.279 (7.09) | +.036 (0.91),unreviewed
MIL-STD-1560C.pdf,86,1,14,28 | -.045 (1.14) | +.171 (4.34) | 62 | +.279 (7.09) | -.054 (1.37),unreviewed
MIL-STD-1560C.pdf,86,1,15,29 | -.045 (1.14) | +.081 (2.06) | 63 | +.279 (7.09) | -.144 (3.66),unreviewed
MIL-STD-1560C.pdf,86,1,16,30 | -.045 (1.14) | -.009 (0.23) | 64 | +.279 (7.09) | -.234 (5.94),unreviewed
MIL-STD-1560C.pdf,86,1,17,31 | -.045 (1.14) | -.099 (2.51) | 65 | +.357 (9.07) | +.081 (2.06),unreviewed
MIL-STD-1560C.pdf,86,1,18,32 | -.045 (1.14) | -.189 (4.80) | 66 | +.357 (9.07) | -.009 (0.23),unreviewed
MIL-STD-1560C.pdf,86,1,19,33 | -.045 (1.14) | -.279 (7.09) | 67 | +.357 (9.07) | -.099 (2.51),unreviewed
MIL-STD-1560C.pdf,86,1,20,34 | -.045 (1.14) | -.369 (9.37) | --- | --- | ---,unreviewed
MIL-STD-1560C.pdf,86,2,1,Shell; size | Arrangement; no. | Number of; contacts | Size; contacts | Service; rating | Contact; location | Supersedes,unreviewed
MIL-STD-1560C.pdf,86,2,2,19 | -67 | 67 | 22M | M | All | MS20054-67,unreviewed
MIL-STD-1560C.pdf,87,1,1,Contacts; (Insert arrangement 21-1) |  |  |  |  | ,unreviewed
MIL-STD-1560C.pdf,87,1,2,Contact; position; ID | Location |  | Contact; position ID | Location | ,unreviewed
MIL-STD-1560C.pdf,87,1,3, | X-axis; (mm) | Y-axis; (mm) |  | X-axis; (mm) | Y-axis; (mm),unreviewed
MIL-STD-1560C.pdf,87,1,4,1 | +.053 (1.35) | +.426 (10.82) | 41 | -.098 (2.49) | -.322 (8.18),unreviewed
MIL-STD-1560C.pdf,87,1,5,2 | +.146 (3.71) | +.404 (10.26) | 42 | -.184 (4.67) | -.280 (7.11),unreviewed
MIL-STD-1560C.pdf,87,1,6,3 | +.232 (5.89) | +.362 (9.19) | 43 | -.258 (6.55) | -.220 (5.59),unreviewed
MIL-STD-1560C.pdf,87,1,7,4 | +.306 (7.77) | +.302 (7.67) | 44 | -.311 (7.90) | -.141 (3.58),unreviewed
MIL-STD-1560C.pdf,87,1,8,5 | +.365 (9.27) | +.227 (5.77) | 45 | -.332 (8.43) | -.048 (1.22),unreviewed
MIL-STD-1560C.pdf,87,1,9,6 | +.406 (10.31) | +.141 (3.58) | 46 | -.332 (8.43) | +.048 (1.22),unreviewed
MIL-STD-1560C.pdf,87,1,10,7 | +.427 (10.85) | +.048 (1.22) | 47 | -.311 (7.90) | +.141 (3.58),unreviewed
MIL-STD-1560C.pdf,87,1,11,8 | +.427 (10.85) | -.048 (1.22) | 48 | -.258 (6.55) | +.220 (5.59),unreviewed
MIL-STD-1560C.pdf,87,1,12,9 | +.406 (10.31) | -.141 (3.58) | 49 | -.184 (4.67) | +.280 (7.11),unreviewed
MIL-STD-1560C.pdf,87,1,13,10 | +.365 (9.27) | -.227 (5.77) | 50 | -.098 (2.49) | +.322 (8.18),unreviewed
MIL-STD-1560C.pdf,87,1,14,11 | +.306 (7.77) | -.302 (7.67) | 51 | -.048 (1.22) | +.241 (6.12),unreviewed
MIL-STD-1560C.pdf,87,1,15,12 | +.232 (5.89) | -.362 (9.19) | 52 | +.048 (1.22) | +.241 (6.12),unreviewed
MIL-STD-1560C.pdf,87,1,16,13 | +.146 (3.71) | -.404 (10.26) | 53 | +.134 (3.40) | +.199 (5.05),unreviewed
MIL-STD-1560C.pdf,87,1,17,14 | +.053 (1.35) | -.426 (10.82) | 54 | +.208 (5.28) | +.139 (3.53),unreviewed
MIL-STD-1560C.pdf,87,1,18,15 | -.053 (1.35) | -.426 (10.82) | 55 | +.237 (6.02) | +.048 (1.22),unreviewed
MIL-STD-1560C.pdf,87,1,19,16 | -.146 (3.71) | -.404 (10.26) | 56 | +.237 (6.02) | -.048 (1.22),unreviewed
MIL-STD-1560C.pdf,87,1,20,17 | -.232 (5.89) | -.362 (9.19) | 57 | +.208 (5.28) | -.139 (3.53),unreviewed
MIL-STD-1560C.pdf,87,1,21,18 | -.306 (7.77) | -.302 (7.67) | 58 | +.134 (3.40) | -.199 (5.05),unreviewed
MIL-STD-1560C.pdf,88,1,1,Contacts; (Insert arrangement 21-1) |  |  |  |  | ,unreviewed
MIL-STD-1560C.pdf,88,1,2,Contact; position; ID | Location |  | Contact; position ID | Location | ,unreviewed
MIL-STD-1560C.pdf,88,1,3, | X-axis; (mm) | Y-axis; (mm) |  | X-axis; (mm) | Y-axis; (mm),unreviewed
MIL-STD-1560C.pdf,88,1,4,19 | -.365 (9.27) | -.227 (5.77) | 59 | +.048 (1.22) | -.241 (6.12),unreviewed
MIL-STD-1560C.pdf,88,1,5,20 | -.406 (10.31) | -.141 (3.58) | 60 | -.048 (1.22) | -.241 (6.12),unreviewed
MIL-STD-1560C.pdf,88,1,6,21 | -.427 (10.85) | -.048 (1.22) | 61 | -.134 (3.40) | -.199 (5.05),unreviewed
MIL-STD-1560C.pdf,88,1,7,22 | -.427 (10.85) | +.048 (1.22) | 62 | -.208 (5.28) | -.139 (3.53),unreviewed
MIL-STD-1560C.pdf,88,1,8,23 | -.406 (10.31) | +.141 (3.58) | 63 | -.237 (6.02) | -.048 (1.22),unreviewed
MIL-STD-1560C.pdf,88,1,9,24 | -.365 (9.27) | +.227 (5.77) | 64 | -.237 (6.02) | +.048 (1.22),unreviewed
MIL-STD-1560C.pdf,88,1,10,25 | -.306 (7.77) | +.302 (7.67) | 65 | -.208 (5.28) | +.139 (3.53),unreviewed
MIL-STD-1560C.pdf,88,1,11,26 | -.232 (5.89) | +.362 (9.19) | 66 | -.134 (3.40) | +.199 (5.05),unreviewed
MIL-STD-1560C.pdf,88,1,12,27 | -.146 (3.71) | +.404 (10.26) | 67 | -.048 (1.22) | +.146 (3.71),unreviewed
MIL-STD-1560C.pdf,88,1,13,28 | -.053 (1.35) | +.426 (10.82) | 68 | +.048 (1.22) | +.146 (3.71),unreviewed
MIL-STD-1560C.pdf,88,1,14,29 | +.000 (0.00) | +.323 (8.20) | 69 | +.125 (3.18) | +.090 (2.29),unreviewed
MIL-STD-1560C.pdf,88,1,15,30 | +.098 (2.49) | +.322 (8.18) | 70 | +.155 (3.94) | +.000 (0.00),unreviewed
MIL-STD-1560C.pdf,88,1,16,31 | +.184 (4.67) | +.280 (7.11) | 71 | +.125 (3.18) | -.090 (2.29),unreviewed
MIL-STD-1560C.pdf,88,1,17,32 | +.258 (6.55) | +.220 (5.59) | 72 | +.048 (1.22) | -.146 (3.71),unreviewed
MIL-STD-1560C.pdf,88,1,18,33 | +.311 (7.90) | +.141 (3.58) | 73 | -.048 (1.22) | -.146 (3.71),unreviewed
MIL-STD-1560C.pdf,88,1,19,34 | +.332 (8.43) | +.048 (1.22) | 74 | -.125 (3.18) | -.090 (2.29),unreviewed
MIL-STD-1560C.pdf,88,1,20,35 | +.332 (8.43) | -.048 (1.22) | 75 | -.155 (3.94) | +.000 (0.00),unreviewed
MIL-STD-1560C.pdf,88,1,21,36 | +.311 (7.90) | -.141 (3.58) | 76 | -.125 (3.18) | +.090 (2.29),unreviewed
MIL-STD-1560C.pdf,88,1,22,37 | +.258 (6.55) | -.220 (5.59) | 77 | +.000 (0.00) | +.053 (1.35),unreviewed
MIL-STD-1560C.pdf,88,1,23,38 | +.184 (4.67) | -.280 (7.11) | 78 | +.048 (1.22) | -.029 (0.74),unreviewed
MIL-STD-1560C.pdf,88,1,24,39 | +.098 (2.49) | -.322 (8.18) | 79 | -.048 (1.22) | -.029 (0.74),unreviewed
MIL-STD-1560C.pdf,88,1,25,40 | +.000 (0.00) | -.347 (8.81) | --- | --- | ---,unreviewed
MIL-STD-1560C.pdf,88,2,1,Shell; size | Arrangement; no. | Number of; contacts | Size; contacts | Service; rating | Contact; location | Supersedes,unreviewed
MIL-STD-1560C.pdf,88,2,2,21 | -1 | 79 | 22M | M | 79 | MS20055-1,unreviewed
MIL-STD-1560C.pdf,89,1,1,Contacts; (Insert arrangement 21-11) |  |  |  |  | ,unreviewed
MIL-STD-1560C.pdf,89,1,2,Contact; position ID | Location |  | Contact; position; ID | Location | ,unreviewed
MIL-STD-1560C.pdf,89,1,3, | X-axis; (mm) | Y-axis; (mm) |  | X-axis; (mm) | Y-axis; (mm),unreviewed
MIL-STD-1560C.pdf,89,1,4,A | +.121 (3.07) | +.332 (8.43) | G | -.348 (8.84) | -.061 (1.55),unreviewed
MIL-STD-1560C.pdf,89,1,5,B | +.306 (7.77) | +.177 (4.50) | H | -.306 (7.77) | +.177 (4.50),unreviewed
MIL-STD-1560C.pdf,89,1,6,C | +.348 (8.84) | -.061 (1.55) | J | -.121 (3.07) | +.332 (8.43),unreviewed
MIL-STD-1560C.pdf,89,1,7,D | +.227 (5.77) | -.270 (6.86) | K | +.000 (0.00) | +.123 (3.12),unreviewed
MIL-STD-1560C.pdf,89,1,8,E | +.000 (0.00) | -.353 (8.97) | L | +.000 (0.00) | -.115 (2.92),unreviewed
MIL-STD-1560C.pdf,89,1,9,F | -.227 (5.77) | -.270 (6.86) | --- | --- | ---,unreviewed
MIL-STD-1560C.pdf,89,2,1,Shell; size | Arrangement; no. | Number of; contacts | Size; contacts | Service; rating | Contact; location | Supersedes,unreviewed
MIL-STD-1560C.pdf,89,2,2,21 | -11 | 11 | 12 | I | All | MS20055-11,unreviewed
MIL-STD-1560C.pdf,90,1,1,Contacts; (Insert arrangement 21-16) |  |  |  |  | ,unreviewed
MIL-STD-1560C.pdf,90,1,2,Contact; position ID | Location |  | Contact; position; ID | Location | ,unreviewed
MIL-STD-1560C.pdf,90,1,3, | X-axis | Y-axis |  | X-axis | Y-axis,unreviewed
MIL-STD-1560C.pdf,90,1,4,A | +.118 (3.00) | +.322 (8.18) | J | -.341 (8.66) | +.036 (0.91),unreviewed
MIL-STD-1560C.pdf,90,1,5,B | +.271 (6.88) | +.211 (5.36) | K | -.271 (6.88) | +.211 (5.36),unreviewed
MIL-STD-1560C.pdf,90,1,6,C | +.341 (8.66) | +.036 (0.91) | L | -.118 (3.00) | +.322 (8.18),unreviewed
MIL-STD-1560C.pdf,90,1,7,D | +.308 (7.82) | -.150 (3.81) | M | +.000 (0.00) | +.175 (4.45),unreviewed
MIL-STD-1560C.pdf,90,1,8,E | +.182 (4.62) | -.290 (7.37) | N | +.154 (3.91) | +.062 (1.57),unreviewed
MIL-STD-1560C.pdf,90,1,9,F | +.000 (0.00) | -.343 (8.71) | P | +.094 (2.39) | -.122 (3.10),unreviewed
MIL-STD-1560C.pdf,90,1,10,G | -.182 (4.62) | -.290 (7.37) | R | -.094 (2.39) | -.122 (3.10),unreviewed
MIL-STD-1560C.pdf,90,1,11,H | -.308 (7.82) | -.150 (3.81) | S | -.154 (3.91) | +.062 (1.57),unreviewed
MIL-STD-1560C.pdf,90,2,1,Shell; size | Arrangement; no. | Number of; contacts | Size; contacts | Service; rating | Contact; location | Supersedes,unreviewed
MIL-STD-1560C.pdf,90,2,2,21 | -16 | 16 | 16 | II | All | MS20055-16,unreviewed
MIL-STD-1560C.pdf,91,1,1,Contacts; (Insert arrangement 21-23) |  |  |  |  | ,unreviewed
MIL-STD-1560C.pdf,91,1,2,Contact; position; ID | Location |  | Contact; position ID | Location | ,unreviewed
MIL-STD-1560C.pdf,91,1,3, | X-axis; (mm) | Y-axis; (mm) |  | X-axis; (mm) | Y-axis; (mm),unreviewed
MIL-STD-1560C.pdf,91,1,4,1 | -.161 (4.08) | +.417 (10.60) | 62 | +.080 (2.04) | +.000 (0.00),unreviewed
MIL-STD-1560C.pdf,91,1,5,2 | -.080 (2.04) | +.417 (10.60) | 63 | +.161 (4.08) | +.000 (0.00),unreviewed
MIL-STD-1560C.pdf,91,1,6,3 | +.000 (0.00) | +.417 (10.60) | 64 | +.241 (6.12) | +.000 (0.00),unreviewed
MIL-STD-1560C.pdf,91,1,7,4 | +.080 (2.04) | +.417 (10.60) | 65 | +.321 (8.16) | +.000 (0.00),unreviewed
MIL-STD-1560C.pdf,91,1,8,5 | +.161 (4.08) | +.417 (10.60) | 66 | +.402 (10.20) | +.000 (0.00),unreviewed
MIL-STD-1560C.pdf,91,1,9,6 | -.281 (7.14) | +.348 (8.83) | 67 | -.442 (11.22) | -.070 (1.77),unreviewed
MIL-STD-1560C.pdf,92,1,1,Contacts; (Insert arrangement 21-23) |  |  |  |  | ,unreviewed
MIL-STD-1560C.pdf,92,1,2,Contact; position; ID | Location |  | Contact; position ID | Location | ,unreviewed
MIL-STD-1560C.pdf,92,1,3, | X-axis; (mm) | Y-axis; (mm) |  | X-axis; (mm) | Y-axis; (mm),unreviewed
MIL-STD-1560C.pdf,92,1,4,7 | -.201 (5.10) | +.348 (8.83) | 68 | -.361 (9.18) | -.070 (1.77),unreviewed
MIL-STD-1560C.pdf,92,1,5,8 | -.121 (3.06) | +.348 (8.83) | 69 | -.281 (7.14) | -.070 (1.77),unreviewed
MIL-STD-1560C.pdf,92,1,6,9 | -.040 (1.02) | +.348 (8.83) | 70 | -.201 (5.10) | -.070 (1.77),unreviewed
MIL-STD-1560C.pdf,92,1,7,10 | +.040 (1.02) | +.348 (8.83) | 71 | -.121 (3.06) | -.070 (1.77),unreviewed
MIL-STD-1560C.pdf,92,1,8,11 | +.121 (3.06) | +.348 (8.83) | 72 | -.040 (1.02) | -.070 (1.77),unreviewed
MIL-STD-1560C.pdf,92,1,9,12 | +.201 (5.10) | +.348 (8.83) | 73 | +.040 (1.02) | -.070 (1.77),unreviewed
MIL-STD-1560C.pdf,92,1,10,13 | +.281 (7.14) | +.348 (8.83) | 74 | +.121 (3.06) | -.070 (1.77),unreviewed
MIL-STD-1560C.pdf,92,1,11,14 | -.321 (8.16) | +.278 (7.07) | 75 | +.201 (5.10) | -.070 (1.77),unreviewed
MIL-STD-1560C.pdf,92,1,12,15 | -.241 (6.12) | +.278 (7.07) | 76 | +.281 (7.14) | -.070 (1.77),unreviewed
MIL-STD-1560C.pdf,92,1,13,16 | -.161 (4.08) | +.278 (7.07) | 77 | +.361 (9.18) | -.070 (1.77),unreviewed
MIL-STD-1560C.pdf,92,1,14,17 | -.080 (2.04) | +.278 (7.07) | 78 | +.442 (11.22) | -.070 (1.77),unreviewed
MIL-STD-1560C.pdf,92,1,15,18 | +.000 (0.00) | +.278 (7.07) | 79 | -.402 (10.20) | -.139 (3.53),unreviewed
MIL-STD-1560C.pdf,92,1,16,19 | +.080 (2.04) | +.278 (7.07) | 80 | -.321 (8.16) | -.139 (3.53),unreviewed
MIL-STD-1560C.pdf,92,1,17,20 | +.161 (4.08) | +.278 (7.07) | 81 | -.241 (6.12) | -.139 (3.53),unreviewed
MIL-STD-1560C.pdf,92,1,18,21 | +.241 (6.12) | +.278 (7.07) | 82 | -.161 (4.08) | -.139 (3.53),unreviewed
MIL-STD-1560C.pdf,92,1,19,22 | +.321 (8.16) | +.278 (7.07) | 83 | -.080 (2.04) | -.139 (3.53),unreviewed
MIL-STD-1560C.pdf,92,1,20,23 | -.361 (9.18) | +.209 (5.30) | 84 | +.000 (0.00) | -.139 (3.53),unreviewed
MIL-STD-1560C.pdf,92,1,21,24 | -.281 (7.14) | +.209 (5.30) | 85 | +.080 (2.04) | -.139 (3.53),unreviewed
MIL-STD-1560C.pdf,92,1,22,25 | -.201 (5.10) | +.209 (5.30) | 86 | +.161 (4.08) | -.139 (3.53),unreviewed
MIL-STD-1560C.pdf,92,1,23,26 | -.121 (3.06) | +.209 (5.30) | 87 | +.241 (6.12) | -.139 (3.53),unreviewed
MIL-STD-1560C.pdf,92,1,24,27 | -.040 (1.02) | +.209 (5.30) | 88 | +.321 (8.16) | -.139 (3.53),unreviewed
MIL-STD-1560C.pdf,92,1,25,28 | +.040 (1.02) | +.209 (5.30) | 89 | +.402 (10.20) | -.139 (3.53),unreviewed
MIL-STD-1560C.pdf,92,1,26,29 | +.121 (3.06) | +.209 (5.30) | 90 | -.361 (9.18) | -.209 (5.30),unreviewed
MIL-STD-1560C.pdf,92,1,27,30 | +.201 (5.10) | +.209 (5.30) | 91 | -.281 (7.14) | -.209 (5.30),unreviewed
MIL-STD-1560C.pdf,92,1,28,31 | +.281 (7.14) | +.209 (5.30) | 92 | -.201 (5.10) | -.209 (5.30),unreviewed
MIL-STD-1560C.pdf,92,1,29,32 | +.361 (9.18) | +.209 (5.30) | 93 | -.121 (3.06) | -.209 (5.30),unreviewed
MIL-STD-1560C.pdf,92,1,30,33 | -.402 (10.20) | +.139 (3.53) | 94 | -.040 (1.02) | -.209 (5.30),unreviewed
MIL-STD-1560C.pdf,92,1,31,34 | -.321 (8.16) | +.139 (3.53) | 95 | +.040 (1.02) | -.209 (5.30),unreviewed
MIL-STD-1560C.pdf,92,1,32,35 | -.241 (6.12) | +.139 (3.53) | 96 | +.121 (3.06) | -.209 (5.30),unreviewed
MIL-STD-1560C.pdf,92,1,33,36 | -.161 (4.08) | +.139 (3.53) | 97 | +.201 (5.10) | -.209 (5.30),unreviewed
MIL-STD-1560C.pdf,93,1,1,Contacts; (Insert arrangement 21-23) |  |  |  |  | ,unreviewed
MIL-STD-1560C.pdf,93,1,2,Contact; position; ID | Location |  | Contact; position ID | Location | ,unreviewed
MIL-STD-1560C.pdf,93,1,3, | X-axis; (mm) | Y-axis; (mm) |  | X-axis; (mm) | Y-axis; (mm),unreviewed
MIL-STD-1560C.pdf,93,1,4,37 | -.080 (2.04) | +.139 (3.53) | 98 | +.281 (7.14) | -.209 (5.30),unreviewed
MIL-STD-1560C.pdf,93,1,5,38 | +.000 (0.00) | +.139 (3.53) | 99 | +.361 (9.18) | -.209 (5.30),unreviewed
MIL-STD-1560C.pdf,93,1,6,39 | +.080 (2.04) | +.139 (3.53) | 100 | -.321 (8.16) | -.278 (7.07),unreviewed
MIL-STD-1560C.pdf,93,1,7,40 | +.161 (4.08) | +.139 (3.53) | 101 | -.241 (6.12) | -.278 (7.07),unreviewed
MIL-STD-1560C.pdf,93,1,8,41 | +.241 (6.12) | +.139 (3.53) | 102 | -.161 (4.08) | -.278 (7.07),unreviewed
MIL-STD-1560C.pdf,93,1,9,42 | +.321 (8.16) | +.139 (3.53) | 103 | -.080 (2.04) | -.278 (7.07),unreviewed
MIL-STD-1560C.pdf,93,1,10,43 | +.402 (10.20) | +.139 (3.53) | 104 | +.000 (0.00) | -.278 (7.07),unreviewed
MIL-STD-1560C.pdf,93,1,11,44 | -.442 (11.22) | +.070 (1.77) | 105 | +.080 (2.04) | -.278 (7.07),unreviewed
MIL-STD-1560C.pdf,93,1,12,45 | -.361 (9.18) | +.070 (1.77) | 106 | +.161 (4.08) | -.278 (7.07),unreviewed
MIL-STD-1560C.pdf,93,1,13,46 | -.281 (7.14) | +.070 (1.77) | 107 | +.241 (6.12) | -.278 (7.07),unreviewed
MIL-STD-1560C.pdf,93,1,14,47 | -.201 (5.10) | +.070 (1.77) | 108 | +.321 (8.16) | -.278 (7.07),unreviewed
MIL-STD-1560C.pdf,93,1,15,48 | -.121 (3.06) | +.070 (1.77) | 109 | -.281 (7.14) | -.348 (8.83),unreviewed
MIL-STD-1560C.pdf,93,1,16,49 | -.040 (1.02) | +.070 (1.77) | 110 | -.201 (5.10) | -.348 (8.83),unreviewed
MIL-STD-1560C.pdf,93,1,17,50 | +.040 (1.02) | +.070 (1.77) | 111 | -.121 (3.06) | -.348 (8.83),unreviewed
MIL-STD-1560C.pdf,93,1,18,51 | +.121 (3.06) | +.070 (1.77) | 112 | -.040 (1.02) | -.348 (8.83),unreviewed
MIL-STD-1560C.pdf,93,1,19,52 | +.201 (5.10) | +.070 (1.77) | 113 | +.040 (1.02) | -.348 (8.83),unreviewed
MIL-STD-1560C.pdf,93,1,20,53 | +.281 (7.14) | +.070 (1.77) | 114 | +.121 (3.06) | -.348 (8.83),unreviewed
MIL-STD-1560C.pdf,93,1,21,54 | +.361 (9.18) | +.070 (1.77) | 115 | +.201 (5.10) | -.348 (8.83),unreviewed
MIL-STD-1560C.pdf,93,1,22,55 | +.442 (11.22) | +.070 (1.77) | 116 | +.281 (7.14) | -.348 (8.83),unreviewed
MIL-STD-1560C.pdf,93,1,23,56 | -.402 (10.20) | +.000 (0.00) | 117 | -.161 (4.08) | -.417 (10.60),unreviewed
MIL-STD-1560C.pdf,93,1,24,57 | -.321 (8.16) | +.000 (0.00) | 118 | -.080 (2.04) | -.417 (10.60),unreviewed
MIL-STD-1560C.pdf,93,1,25,58 | -.241 (6.12) | +.000 (0.00) | 119 | +.000 (0.00) | -.417 (10.60),unreviewed
MIL-STD-1560C.pdf,93,1,26,59 | -.161 (4.08) | +.000 (0.00) | 120 | +.080 (2.04) | -.417 (10.60),unreviewed
MIL-STD-1560C.pdf,93,1,27,60 | -.080 (2.04) | +.000 (0.00) | 121 | +.161 (4.08) | -.417 (10.60),unreviewed
MIL-STD-1560C.pdf,93,1,28,61 | +.000 (0.00) | +.000 (0.00) | --- | --- | ---,unreviewed
MIL-STD-1560C.pdf,93,2,1,Shell; size | Arrangement; no. | Number of; contacts | Size; contacts | Service; rating | Contact; location | Standard contact | ,unreviewed
MIL-STD-1560C.pdf,93,2,2,21 | -23 | 121 | 23-22 | N | All | Pin | Socket,unreviewed
MIL-STD-1560C.pdf,93,2,3, |  |  |  |  |  | M39029/122-670 | M39029/121-663,unreviewed
MIL-STD-1560C.pdf,94,1,1,Contacts; (Insert arrangement 21-24) |  |  |  |  | ,unreviewed
MIL-STD-1560C.pdf,94,1,2,Contact; position ID | Contact location |  | Contact; position; ID | Contact location | ,unreviewed
MIL-STD-1560C.pdf,94,1,3, | X-axis; (mm) | Y-axis; (mm) |  | X-axis; (mm) | Y-axis; (mm),unreviewed
MIL-STD-1560C.pdf,94,1,4,A | +.175 (4.45) | +.375 (9.53) | N | +.150 (3.81) | +.200 (5.08),unreviewed
MIL-STD-1560C.pdf,94,1,5,B | +.350 (8.89) | +.200 (5.08) | P | +.250 (6.35) | +.000 (0.00),unreviewed
MIL-STD-1560C.pdf,94,1,6,C | +.400 (10.16) | +.000 (0.00) | R | +.200 (5.08) | -.150 (3.81),unreviewed
MIL-STD-1560C.pdf,94,1,7,D | +.350 (8.89) | -.200 (5.08) | S | +.075 (1.91) | -.250 (6.35),unreviewed
MIL-STD-1560C.pdf,94,1,8,E | +.200 (5.08) | -.350 (8.89) | T | -.075 (1.91) | -.250 (6.35),unreviewed
MIL-STD-1560C.pdf,94,1,9,F | +.000 (0.00) | -.400 (10.16) | U | -.200 (5.08) | -.150 (3.81),unreviewed
MIL-STD-1560C.pdf,94,1,10,G | -.200 (5.08) | -.350 (8.89) | V | -.250 (6.35) | +.000 (0.00),unreviewed
MIL-STD-1560C.pdf,94,1,11,H | -.350 (8.89) | -.200 (5.08) | W | -.150 (3.81) | +.200 (5.08),unreviewed
MIL-STD-1560C.pdf,94,1,12,J | -.400 (10.16) | +.000 (0.00) | X | +.000 (0.00) | +.150 (3.81),unreviewed
MIL-STD-1560C.pdf,94,1,13,K | -.350 (8.89) | +.200 (5.08) | Y | +.100 (2.54) | +.025 (0.64),unreviewed
MIL-STD-1560C.pdf,94,1,14,L | -.175 (4.45) | +.375 (9.53) | Z | +.000 (0.00) | -.100 (2.54),unreviewed
MIL-STD-1560C.pdf,94,1,15,M | +.000 (0.00) | +.300 (7.62) | a | -.100 (2.54) | +.025 (0.64),unreviewed
MIL-STD-1560C.pdf,94,2,1,Shell; size | Arrangement; no. | Number of; contacts | Size; contacts | Service; rating | Contact; location | Supersedes,unreviewed
MIL-STD-1560C.pdf,94,2,2,21 | -24 | 24 | 20 | I | All | MS20055-24,unreviewed
MIL-STD-1560C.pdf,95,1,1,Contacts; (Insert arrangement 21-25) |  |  |  |  | ,unreviewed
MIL-STD-1560C.pdf,95,1,2,Contact; position; ID | Contact location |  | Contact; position ID | Contact location | ,unreviewed
MIL-STD-1560C.pdf,95,1,3, | X-axis; (mm) | Y-axis; (mm) |  | X-axis; (mm) | Y-axis; (mm),unreviewed
MIL-STD-1560C.pdf,95,1,4,A | +.000 (0.00) | +.400 (10.16) | P | -.225 (5.72) | +.225 (5.72),unreviewed
MIL-STD-1560C.pdf,95,1,5,B | +.150 (3.81) | +.375 (9.53) | R | -.150 (3.81) | +.375 (9.53),unreviewed
MIL-STD-1560C.pdf,95,1,6,C | +.225 (5.72) | +.225 (5.72) | S | +.075 (1.91) | +.225 (5.72),unreviewed
MIL-STD-1560C.pdf,95,1,7,D | +.375 (9.53) | +.175 (4.45) | T | +.250 (6.35) | +.075 (1.91),unreviewed
MIL-STD-1560C.pdf,95,1,8,E | +.400 (10.16) | +.025 (0.64) | U | +.150 (3.81) | -.200 (5.08),unreviewed
MIL-STD-1560C.pdf,95,1,9,F | +.375 (9.53) | -.125 (3.18) | V | -.150 (3.81) | -.200 (5.08),unreviewed
MIL-STD-1560C.pdf,95,1,10,G | +.275 (6.99) | -.300 (7.62) | W | -.250 (6.35) | +.075 (1.91),unreviewed
MIL-STD-1560C.pdf,95,1,11,H | +.100 (2.54) | -.400 (10.16) | X | -.075 (1.91) | +.225 (5.72),unreviewed
MIL-STD-1560C.pdf,95,1,12,J | -.100 (2.54) | -.400 (10.16) | Y | +.000 (0.00) | +.075 (1.91),unreviewed
MIL-STD-1560C.pdf,95,1,13,K | -.275 (6.99) | -.300 (7.62) | Z | +.125 (3.18) | -.025 (0.64),unreviewed
MIL-STD-1560C.pdf,95,1,14,L | -.375 (9.53) | -.125 (3.18) | a | +.000 (0.00) | -.125 (3.18),unreviewed
MIL-STD-1560C.pdf,95,1,15,M | -.400 (10.16) | +.025 (0.64) | b | -.125 (3.18) | -.025 (0.64),unreviewed
MIL-STD-1560C.pdf,95,1,16,N | -.375 (9.53) | +.175 (4.45) | --- | --- | ---,unreviewed
MIL-STD-1560C.pdf,95,2,1,Shell; size | Arrangement; no. | Number of; contacts | Size; contacts | Service; rating | Contact; location | Supersedes,unreviewed
MIL-STD-1560C.pdf,95,2,2,21 | -25 | 25 | 20 | I | All | MS20055-25,unreviewed
MIL-STD-1560C.pdf,96,1,1,Contacts; (Insert arrangement 21-27) |  |  |  |  | ,unreviewed
MIL-STD-1560C.pdf,96,1,2,Contact; position; ID | Contact location |  | Contact; position; ID | Contact location | ,unreviewed
MIL-STD-1560C.pdf,96,1,3, | X-axis | Y-axis |  | X-axis | Y-axis,unreviewed
MIL-STD-1560C.pdf,96,1,4,A | +.000 (0.00) | +.400 (10.16) | R | -.150 (3.81) | +.375 (9.53),unreviewed
MIL-STD-1560C.pdf,96,1,5,B | +.150 (3.81) | +.375 (9.53) | S | +.125 (3.18) | +.225 (5.72),unreviewed
MIL-STD-1560C.pdf,96,1,6,C | +.275 (6.99) | +.275 (6.99) | T | +.225 (5.72) | +.100 (2.54),unreviewed
MIL-STD-1560C.pdf,96,1,7,D | +.375 (9.53) | +.150 (3.81) | U | +.250 (6.35) | -.050 (1.27),unreviewed
MIL-STD-1560C.pdf,96,1,8,E | +.400 (10.16) | +.000 (0.00) | V | +.150 (3.81) | -.200 (5.08),unreviewed
MIL-STD-1560C.pdf,96,1,9,F | +.375 (9.53) | -.150 (3.81) | W | +.000 (0.00) | -.250 (6.35),unreviewed
MIL-STD-1560C.pdf,96,1,10,G | +.275 (6.99) | -.300 (7.62) | X | -.150 (3.81) | -.200 (5.08),unreviewed
MIL-STD-1560C.pdf,96,1,11,H | +.100 (2.54) | -.400 (10.16) | Y | -.250 (6.35) | -.050 (1.27),unreviewed
MIL-STD-1560C.pdf,96,1,12,J | -.100 (2.54) | -.400 (10.16) | Z | -.225 (5.72) | +.100 (2.54),unreviewed
MIL-STD-1560C.pdf,96,1,13,K | -.275 (6.99) | -.300 (7.62) | a | -.125 (3.18) | +.225 (5.72),unreviewed
MIL-STD-1560C.pdf,96,1,14,L | -.375 (9.53) | -.150 (3.81) | b | +.000 (0.00) | +.100 (2.54),unreviewed
MIL-STD-1560C.pdf,96,1,15,M | -.400 (10.16) | +.000 (0.00) | c | +.100 (2.54) | -.025 (0.64),unreviewed
MIL-STD-1560C.pdf,96,1,16,N | -.375 (9.53) | +.150 (3.81) | d | -.100 (2.54) | -.025 (0.64),unreviewed
MIL-STD-1560C.pdf,96,1,17,P | -.275 (6.99) | +.275 (6.99) | --- | --- | ---,unreviewed
MIL-STD-1560C.pdf,96,2,1,Shell; size | Arrangement; no. | Number of; contacts | Size; contacts | Service; rating | Contact; location | Supersedes,unreviewed
MIL-STD-1560C.pdf,96,2,2,21 | -27 | 27 | 20 | I | All | MS20055-27,unreviewed
MIL-STD-1560C.pdf,97,1,1,Contacts; (Insert arrangement 21-29) |  |  |  |  | ,unreviewed
MIL-STD-1560C.pdf,97,1,2,Contact; position; ID | Contact location |  | Contact; position; ID | Contact location | ,unreviewed
MIL-STD-1560C.pdf,97,1,3, | X-axis | Y-axis |  | X-axis | Y-axis,unreviewed
MIL-STD-1560C.pdf,97,1,4,1 | +.067 (1.70) | +.412 (10.46) | 15 | -.412(10.46) | +.060 (1.52),unreviewed
MIL-STD-1560C.pdf,97,1,5,2 | +.194 (4.93) | +.372 (9.45) | 16 | -.310 (7.87) | +.146 (3.71),unreviewed
MIL-STD-1560C.pdf,97,1,6,3 | +.305 (7.75) | +.281 (7.14) | 17 | -.305 (7.75) | +.281 (7.14),unreviewed
MIL-STD-1560C.pdf,97,1,7,4 | +.310 (7.87) | +.146 (3.71) | 18 | -.194 (4.93) | +.372 (9.45),unreviewed
MIL-STD-1560C.pdf,97,1,8,5 | +.412(10.46) | +.060 (1.52) | 19 | -.067 (1.70) | +.412 (10.46),unreviewed
MIL-STD-1560C.pdf,97,1,9,6 | +.409 (10.39) | -.074 (1.88) | 20 | +.126 (3.20) | +.200 (5.08),unreviewed
MIL-STD-1560C.pdf,97,1,10,7 | +.311 (7.90) | -.169 (4.29) | 21 | +.264 (6.71) | -.003 (0.08),unreviewed
MIL-STD-1560C.pdf,97,1,11,8 | +.289 (7.34) | -.302 (7.67) | 22 | +.125 (3.18) | -.207 (5.26),unreviewed
MIL-STD-1560C.pdf,97,1,12,9 | +.124 (3.15) | -.397 (10.08) | 23 | -.125 (3.18) | -.207 (5.26),unreviewed
MIL-STD-1560C.pdf,97,1,13,10 | -.000 (0.00) | -.347 (8.81) | 24 | -.264 (6.71) | -.003 (0.08),unreviewed
MIL-STD-1560C.pdf,97,1,14,11 | -.124 (3.15) | -.397 (10.08) | 25 | -.126 (3.20) | +.200 (5.08),unreviewed
MIL-STD-1560C.pdf,97,1,15,12 | -.289 (7.34) | -.302 (7.67) | 26 | .088 (2.24) | -.003 0.08),unreviewed
MIL-STD-1560C.pdf,97,1,16,13 | -.311 (7.90) | -.169 (4.29) | 27 | -.088 (2.24) | -.003 (0.08),unreviewed
MIL-STD-1560C.pdf,97,1,17,14 | -.409 (10.39) | -.074 (1.88) | --- | --- | ---,unreviewed
MIL-STD-1560C.pdf,98,1,1,Shell; size | Arrangement; no. | Number of; contacts | Size; contacts | Service; rating | Contact; location,unreviewed
MIL-STD-1560C.pdf,98,1,2,"21 | -29 | 4 | 12 | I | 20, 22, 23, 25",unreviewed
MIL-STD-1560C.pdf,98,1,3," |  | 4 | 16 |  | 21, 24, 26, 27",unreviewed
MIL-STD-1560C.pdf,98,1,4, |  | 19 | 20 |  | All others,unreviewed
MIL-STD-1560C.pdf,99,1,1,Contacts; (Insert arrangement 21-35) |  |  |  |  | ,unreviewed
MIL-STD-1560C.pdf,99,1,2,Contact; position; ID | Location |  | Contact; position ID | Location | ,unreviewed
MIL-STD-1560C.pdf,99,1,3, | X-axis; (mm) | Y-axis; (mm) |  | X-axis; (mm) | Y-axis; (mm),unreviewed
MIL-STD-1560C.pdf,99,1,4,1 | +.053 (1.35) | +.426 (10.82) | 41 | -.098 (2.49) | -.322 (8.18),unreviewed
MIL-STD-1560C.pdf,99,1,5,2 | +.146 (3.71) | +.404 (10.26) | 42 | -.184 (4.67) | -.280 (7.11),unreviewed
MIL-STD-1560C.pdf,99,1,6,3 | +.232 (5.89) | +.362 (9.19) | 43 | -.258 (6.55) | -.220 (5.59),unreviewed
MIL-STD-1560C.pdf,99,1,7,4 | +.306 (7.77) | +.302 (7.67) | 44 | -.311 (7.90) | -.141 (3.58),unreviewed
MIL-STD-1560C.pdf,99,1,8,5 | +.365 (9.27) | +.227 (5.77) | 45 | -.332 (8.43) | -.048 (1.22),unreviewed
MIL-STD-1560C.pdf,99,1,9,6 | +.406 (10.31) | +.141 (3.58) | 46 | -.332 (8.43) | +.048 (1.22),unreviewed
MIL-STD-1560C.pdf,99,1,10,7 | +.427 (10.85) | +.048 (1.22) | 47 | -.311 (7.90) | +.141 (3.58),unreviewed
MIL-STD-1560C.pdf,99,1,11,8 | +.427 (10.85) | -.048 (1.22) | 48 | -.258 (6.55) | +.220 (5.59),unreviewed
MIL-STD-1560C.pdf,99,1,12,9 | +.406 (10.31) | -.141 (3.58) | 49 | -.184 (4.67) | +.280 (7.11),unreviewed
MIL-STD-1560C.pdf,99,1,13,10 | +.365 (9.27) | -.227 (5.77) | 50 | -.098 (2.49) | +.322 (8.18),unreviewed
MIL-STD-1560C.pdf,99,1,14,11 | +.306 (7.77) | -.302 (7.67) | 51 | -.048 (1.22) | +.241 (6.12),unreviewed
MIL-STD-1560C.pdf,99,1,15,12 | +.232 (5.89) | -.362 (9.19) | 52 | +.048 (1.22) | +.241 (6.12),unreviewed
MIL-STD-1560C.pdf,99,1,16,13 | +.146 (3.71) | -.404 (10.26) | 53 | +.134 (3.40) | +.199 (5.05),unreviewed
MIL-STD-1560C.pdf,99,1,17,14 | +.053 (1.35) | -.426 (10.82) | 54 | +.208 (5.28) | +.139 (3.53),unreviewed
MIL-STD-1560C.pdf,99,1,18,15 | -.053 (1.35) | -.426 (10.82) | 55 | +.237 (6.02) | +.048 (1.22),unreviewed
MIL-STD-1560C.pdf,99,1,19,16 | -.146 (3.71) | -.404 (10.26) | 56 | +.237 (6.02) | -.048 (1.22),unreviewed
MIL-STD-1560C.pdf,99,1,20,17 | -.232 (5.89) | -.362 (9.19) | 57 | +.208 (5.28) | -.139 (3.53),unreviewed
MIL-STD-1560C.pdf,100,1,1,Contacts; (Insert arrangement 21-35) |  |  |  |  | ,unreviewed
MIL-STD-1560C.pdf,100,1,2,Contact; position; ID | Location |  | Contact; position ID | Location | ,unreviewed
MIL-STD-1560C.pdf,100,1,3, | X-axis; (mm) | Y-axis; (mm) |  | X-axis; (mm) | Y-axis; (mm),unreviewed
MIL-STD-1560C.pdf,100,1,4,18 | -.306 (7.77) | -.302 (7.67) | 58 | +.134 (3.40) | -.199 (5.05),unreviewed
MIL-STD-1560C.pdf,100,1,5,19 | -.365 (9.27) | -.227 (5.77) | 59 | +.048 (1.22) | -.241 (6.12),unreviewed
MIL-STD-1560C.pdf,100,1,6,20 | -.406 (10.31) | -.141 (3.58) | 60 | -.048 (1.22) | -.241 (6.12),unreviewed
MIL-STD-1560C.pdf,100,1,7,21 | -.427 (10.85) | -.048 (1.22) | 61 | -.134 (3.40) | -.199 (5.05),unreviewed
MIL-STD-1560C.pdf,100,1,8,22 | -.427 (10.85) | +.048 (1.22) | 62 | -.208 (5.28) | -.139 (3.53),unreviewed
MIL-STD-1560C.pdf,100,1,9,23 | -.406 (10.31) | +.141 (3.58) | 63 | -.237 (6.02) | -.048 (1.22),unreviewed
MIL-STD-1560C.pdf,100,1,10,24 | -.365 (9.27) | +.227 (5.77) | 64 | -.237 (6.02) | +.048 (1.22),unreviewed
MIL-STD-1560C.pdf,100,1,11,25 | -.306 (7.77) | +.302 (7.67) | 65 | -.208 (5.28) | +.139 (3.53),unreviewed
MIL-STD-1560C.pdf,100,1,12,26 | -.232 (5.89) | +.362 (9.19) | 66 | -.134 (3.40) | +.199 (5.05),unreviewed
MIL-STD-1560C.pdf,100,1,13,27 | -.146 (3.71) | +.404 (10.26) | 67 | -.048 (1.22) | +.146 (3.71),unreviewed
MIL-STD-1560C.pdf,100,1,14,28 | -.053 (1.35) | +.426 (10.82) | 68 | +.048 (1.22) | +.146 (3.71),unreviewed
MIL-STD-1560C.pdf,100,1,15,29 | +.000 (.00) | +.323 (8.20) | 69 | +.125 (3.18) | +.090 (2.29),unreviewed
MIL-STD-1560C.pdf,100,1,16,30 | +.098 (2.49) | +.322 (8.18) | 70 | +.155 (3.94) | +.000 (0.00),unreviewed
MIL-STD-1560C.pdf,100,1,17,31 | +.184 (4.67) | +.280 (7.11) | 71 | +.125 (3.18) | -.090 (2.29),unreviewed
MIL-STD-1560C.pdf,100,1,18,32 | +.258 (6.55) | +.220 (5.59) | 72 | +.048 (1.22) | -.146 (3.71),unreviewed
MIL-STD-1560C.pdf,100,1,19,33 | +.311 (7.90) | +.141 (3.58) | 73 | -.048 (1.22) | -.146 (3.71),unreviewed
MIL-STD-1560C.pdf,100,1,20,34 | +.332 (8.43) | +.048 (1.22) | 74 | -.125 (3.18) | -.090 (2.29),unreviewed
MIL-STD-1560C.pdf,100,1,21,35 | +.332 (8.43) | -.048 (1.22) | 75 | -.155 (3.94) | +.000 (0.00),unreviewed
MIL-STD-1560C.pdf,100,1,22,36 | +.311 (7.90) | -.141 (3.58) | 76 | -.125 (3.18) | +.090 (2.29),unreviewed
MIL-STD-1560C.pdf,100,1,23,37 | +.258 (6.55) | -.220 (5.59) | 77 | +.000 (0.00) | +.053 (1.35),unreviewed
MIL-STD-1560C.pdf,100,1,24,38 | +.184 (4.67) | -.280 (7.11) | 78 | +.048 (1.22) | -.029 (0.74),unreviewed
MIL-STD-1560C.pdf,100,1,25,39 | +.098 (2.49) | -.322 (8.18) | 79 | -.048 (1.22) | -.029 (0.74),unreviewed
MIL-STD-1560C.pdf,100,1,26,40 | +.000 (0.00) | -.347 (8.81) | --- | --- | ---,unreviewed
MIL-STD-1560C.pdf,100,2,1,Shell; size | Arrangement; no. | Number of; contacts | Size; contacts | Service; rating | Contact; location | Supersedes,unreviewed
MIL-STD-1560C.pdf,100,2,2,21 | -35 | 79 | 22D | M | ALL | MS27531-35,unreviewed
MIL-STD-1560C.pdf,101,1,1,Contacts; (Insert arrangement 21-39) |  |  |  |  | ,unreviewed
MIL-STD-1560C.pdf,101,1,2,Contact; position; ID | Location |  | Contact; position ID | Location | ,unreviewed
MIL-STD-1560C.pdf,101,1,3, | X-axis; (mm) | Y-axis; (mm) |  | X-axis; (mm) | Y-axis; (mm),unreviewed
MIL-STD-1560C.pdf,101,1,4,A | +.065 (1.65) | +.411 (10.44) | X | +.000 (0.00) | +.295 (7.49),unreviewed
MIL-STD-1560C.pdf,101,1,5,B | +.189 (4.80) | +.371 (9.42) | Y | +.126 (3.20) | +.256 (6.50),unreviewed
MIL-STD-1560C.pdf,101,1,6,C | +.294 (7.47) | +.294 (7.47) | Z | +.232 (5.89) | +.179 (4.55),unreviewed
MIL-STD-1560C.pdf,101,1,7,D | +.371 (9.42) | +.189 (4.80) | a | +.280 (7.11) | +.057 (1.45),unreviewed
MIL-STD-1560C.pdf,101,1,8,E | +.411 (10.44) | +.065 (1.65) | b | +.280 (7.11) | -.074 (1.88),unreviewed
MIL-STD-1560C.pdf,101,1,9,F | +.411 (10.44) | -.065 (1.65) | c | +.217 (5.51) | -.189 (4.80),unreviewed
MIL-STD-1560C.pdf,101,1,10,G | +.371 (9.42) | -.189 (4.80) | d | +.112 (2.84) | -.265 (6.73),unreviewed
MIL-STD-1560C.pdf,101,1,11,H | +.294 (7.47) | -.294 (7.47) | e | -.112 (2.84) | -.265 (6.73),unreviewed
MIL-STD-1560C.pdf,101,1,12,J | +.189 (4.80) | -.371 (9.42) | f | -.217 (5.51) | -.189 (4.80),unreviewed
MIL-STD-1560C.pdf,101,1,13,K | +.065 (1.65) | -.411 (10.44) | g | -.280 (7.11) | -.074 (1.88),unreviewed
MIL-STD-1560C.pdf,101,1,14,L | -.065 (1.65) | -.411 (10.44) | h | -.280 (7.11) | +.057 (1.45),unreviewed
MIL-STD-1560C.pdf,101,1,15,M | -.189 (4.80) | -.371 (9.42) | i | -.232 (5.89) | +.179 (4.55),unreviewed
MIL-STD-1560C.pdf,101,1,16,N | -.294 (7.47) | -.294 (7.47) | j | -.126 (3.20) | +.256 (6.50),unreviewed
MIL-STD-1560C.pdf,101,1,17,P | -.371 (9.42) | -.189 (4.80) | k | +.000 (0.00) | +.164 (4.17),unreviewed
MIL-STD-1560C.pdf,101,1,18,R | -.411 (10.44) | -.065 (1.65) | m | +.114 (2.90) | +.048 (1.22),unreviewed
MIL-STD-1560C.pdf,102,1,1,Contacts; (Insert arrangement 21-39) |  |  |  |  | ,unreviewed
MIL-STD-1560C.pdf,102,1,2,Contact; position; ID | Location |  | Contact; position ID | Location | ,unreviewed
MIL-STD-1560C.pdf,102,1,3, | X-axis; (mm) | Y-axis; (mm) |  | X-axis; (mm) | Y-axis; (mm),unreviewed
MIL-STD-1560C.pdf,102,1,4,S | -.411 (10.44) | +.065 (1.65) | n | +.106 (2.69) | -.107 (2.72),unreviewed
MIL-STD-1560C.pdf,102,1,5,T | -.371 (9.42) | +.189 (4.80) | p | +.000 (0.00) | -.189 (4.80),unreviewed
MIL-STD-1560C.pdf,102,1,6,U | -.294 (7.47) | +.294 (7.47) | q | -.106 (2.69) | -.107 (2.72),unreviewed
MIL-STD-1560C.pdf,102,1,7,V | -.189 (4.80) | +.371 (9.42) | r | -.114 (2.90) | +.048 (1.09),unreviewed
MIL-STD-1560C.pdf,102,1,8,W | -.065 (1.65) | +.411 (10.44) | --- | --- | ---,unreviewed
MIL-STD-1560C.pdf,102,2,1,Shell; size | Arrangement; no. | Number of; contacts | Size; contacts | Service; rating | Contact; location | Supersedes,unreviewed
MIL-STD-1560C.pdf,102,2,2,"21 | -39 | 2 | 16 | I | r, m | MS20055-39",unreviewed
MIL-STD-1560C.pdf,102,2,3, |  | 37 | 20 |  | All others | ,unreviewed
MIL-STD-1560C.pdf,103,1,1, | +Y |  | ,unreviewed
MIL-STD-1560C.pdf,103,1,2,+ |  |  | ,unreviewed
MIL-STD-1560C.pdf,103,1,3, |  | + | X,unreviewed
MIL-STD-1560C.pdf,103,1,4, |  |  | ,unreviewed
MIL-STD-1560C.pdf,103,1,5, |  |  | ,unreviewed
MIL-STD-1560C.pdf,104,1,1,Contacts; (Insert arrangement 21-41) |  |  |  |  | ,unreviewed
MIL-STD-1560C.pdf,104,1,2,Contact; position; ID | Location |  | Contact; position ID | Location | ,unreviewed
MIL-STD-1560C.pdf,104,1,3, | X-axis; (mm) | Y-axis; (mm) |  | X-axis; (mm) | Y-axis; (mm),unreviewed
MIL-STD-1560C.pdf,104,1,4,A | +.000 (0.00) | +.418 (10.62) | Y | +.132 (3.35) | +.251 (6.38),unreviewed
MIL-STD-1560C.pdf,104,1,5,B | +.129 (3.28) | +.397 (10.08) | Z | +.233 (5.92) | +.161 (4.09),unreviewed
MIL-STD-1560C.pdf,104,1,6,C | +.245 (6.22) | +.338 (8.59) | a | +.281 (7.14) | +.034 (0.86),unreviewed
MIL-STD-1560C.pdf,104,1,7,D | +.338 (8.59) | +.245 (6.22) | b | +.265 (6.73) | -.101 (2.57),unreviewed
MIL-STD-1560C.pdf,104,1,8,E | +.397 (10.08) | +.129 (3.28) | c | +.188 (4.78) | -.212 (5.38),unreviewed
MIL-STD-1560C.pdf,104,1,9,F | +.418 (10.62) | +.000 (0.00) | d | +.068 (1.73) | -.275 (6.99),unreviewed
MIL-STD-1560C.pdf,104,1,10,G | +.397 (10.08) | -.129 (3.28) | e | -.068 (1.73) | -.275 (6.99),unreviewed
MIL-STD-1560C.pdf,104,1,11,H | +.338 (8.59) | -.245 (6.22) | f | -.188 (4.78) | -.212 (5.38),unreviewed
MIL-STD-1560C.pdf,104,1,12,J | +.245 (6.22) | -.338 (8.59) | g | -.265 (6.73) | -.101 (2.57),unreviewed
MIL-STD-1560C.pdf,104,1,13,K | +.129 (3.28) | -.397 (10.08) | h | -.281 (7.14) | +.034 (0.86),unreviewed
MIL-STD-1560C.pdf,104,1,14,L | -.000 (0.00) | -.418 (10.62) | i | -.233 (5.92) | +.161 (4.09),unreviewed
MIL-STD-1560C.pdf,104,1,15,M | -.129 (3.28) | -.397 (10.08) | j | -.132 (3.35) | +.251 (6.38),unreviewed
MIL-STD-1560C.pdf,104,1,16,N | -.245 (6.22) | -.338 (8.59) | k | +.000 (0.00) | +.150 (3.81),unreviewed
MIL-STD-1560C.pdf,104,1,17,P | -.338 (8.59) | -.245 (6.22) | m | +.117 (2.97) | +.094 (2.39),unreviewed
MIL-STD-1560C.pdf,104,1,18,R | -.397 (10.08) | -.129 (3.28) | n | +.146 (3.71) | -.033 (0.84),unreviewed
MIL-STD-1560C.pdf,104,1,19,S | -.418 (10.62) | +.000 (0.00) | p | +.065 (1.65) | -.135 (3.43),unreviewed
MIL-STD-1560C.pdf,104,1,20,T | -.397 (10.08) | +.129 (3.28) | q | -.065 (1.65) | -.135 (3.43),unreviewed
MIL-STD-1560C.pdf,104,1,21,U | -.338 (8.59) | +.245 (6.22) | r | -.146 (3.71) | -.033 (0.84),unreviewed
MIL-STD-1560C.pdf,104,1,22,V | -.245 (6.22) | +.338 (8.59) | s | -.117 (2.97) | +.094 (2.39),unreviewed
MIL-STD-1560C.pdf,104,1,23,W | -.129 (3.28) | +.397 (10.08) | t | +.000 (0.00) | +.000 (0.00),unreviewed
MIL-STD-1560C.pdf,104,1,24,X | +.000 (0.00) | +.284 (7.21) |  |  | ,unreviewed
MIL-STD-1560C.pdf,104,2,1,Insert arrangement 21-41 |  |  |  |  |  | ,unreviewed
MIL-STD-1560C.pdf,104,2,2,Shell; size | Arrangement; no. | Number of; contacts | Size; contacts | Service; rating | Contact; location | Supersedes,unreviewed
MIL-STD-1560C.pdf,104,2,3,21 | -41 | 41 | 20 | I | All | MS20055-41,unreviewed
MIL-STD-1560C.pdf,105,1,1,Contacts; (Insert arrangement 21-75) |  | ,unreviewed
MIL-STD-1560C.pdf,105,1,2,Contact; position ID | Location | ,unreviewed
MIL-STD-1560C.pdf,105,1,3, | X axis | Y axis,unreviewed
MIL-STD-1560C.pdf,105,1,4,A | +.180 (4.57) | +.180 (4.57),unreviewed
MIL-STD-1560C.pdf,105,1,5,B | +.180 (4.57) | -.180 (4.57),unreviewed
MIL-STD-1560C.pdf,105,1,6,C | -.180 (4.57) | -.180 (4.57),unreviewed
MIL-STD-1560C.pdf,105,1,7,D | -.180 (4.57) | +.180 (4.57),unreviewed
MIL-STD-1560C.pdf,105,2,1,Shell; size | Arrangement; no. | Number of; contacts | Size; contacts | Service; rating | Contact; location | Standard contact | ,unreviewed
MIL-STD-1560C.pdf,105,2,2, |  |  |  |  |  | Pin | Socket,unreviewed
MIL-STD-1560C.pdf,105,2,3,21 | -75 | 4 | 8; (see note) | Twinax | All | M39029/90-529 | M39029/91-530,unreviewed
MIL-STD-1560C.pdf,106,1,1,Contacts; (Insert arrangement 21-76) |  | ,unreviewed
MIL-STD-1560C.pdf,106,1,2,Contact; position ID | Location | ,unreviewed
MIL-STD-1560C.pdf,106,1,3, | X axis | Y axis,unreviewed
MIL-STD-1560C.pdf,106,1,4,A | +.180 (4.57) | +.180 (4.57),unreviewed
MIL-STD-1560C.pdf,106,1,5,B | +.180 (4.57) | -.180 (4.57),unreviewed
MIL-STD-1560C.pdf,106,1,6,C | -.180 (4.57) | -.180 (4.57),unreviewed
MIL-STD-1560C.pdf,106,1,7,D | -.180 (4.57) | +.180 (4.57),unreviewed
MIL-STD-1560C.pdf,106,2,1,Shell; size | Arrangement; No. | Number of; contacts | Size; contacts | Service; rating | Contact; location | Standard contact | ,unreviewed
MIL-STD-1560C.pdf,106,2,2, |  |  |  |  |  | Pin | Socket,unreviewed
MIL-STD-1560C.pdf,106,2,3,21 | -76 | 4 | 8; (see note) | Twinax | All | M39029/113-625 | M39029/114-628,unreviewed
MIL-STD-1560C.pdf,107,1,1,Contacts; (Insert arrangement 23-1) |  |  |  |  | ,unreviewed
MIL-STD-1560C.pdf,107,1,2,Contact; position; ID | Location |  | Contact; position ID | Location | ,unreviewed
MIL-STD-1560C.pdf,107,1,3, | X-axis; (mm) | Y-axis; (mm) |  | X-axis; (mm) | Y-axis; (mm),unreviewed
MIL-STD-1560C.pdf,107,1,4,1 | -.428 (10.87) | +.241 (6.12) | 51 | +.000 (0.00) | -.047 (1.19),unreviewed
MIL-STD-1560C.pdf,107,1,5,2 | -.467 (11.86) | +.154 (3.91) | 52 | +.000 (0.00) | -.142 (3.61),unreviewed
MIL-STD-1560C.pdf,107,1,6,3 | -.488 (12.40) | +.061 (1.55) | 53 | +.000 (0.00) | -.237 (6.02),unreviewed
MIL-STD-1560C.pdf,107,1,7,4 | -.415 (10.54) | +.000 (0.00) | 54 | +.000 (0.00) | -.332 (8.43),unreviewed
MIL-STD-1560C.pdf,107,1,8,5 | -.488 (12.40) | -.061 (1.55) | 55 | +.000 (0.00) | -.427 (10.85),unreviewed
MIL-STD-1560C.pdf,107,1,9,6 | -.428 (10.87) | -.142 (3.61) | 56 | +.083 (2.11) | +.475 (12.07),unreviewed
MIL-STD-1560C.pdf,107,1,10,7 | -.428 (10.87) | -.237 (6.02) | 57 | +.083 (2.11) | +.380 (9.65),unreviewed
MIL-STD-1560C.pdf,107,1,11,8 | -.332 (8.43) | +.333 (8.46) | 58 | +.083 (2.11) | +.285 (7.24),unreviewed
MIL-STD-1560C.pdf,107,1,12,9 | -.332 (8.43) | +.238 (6.05) | 59 | +.083 (2.11) | +.190 (4.83),unreviewed
MIL-STD-1560C.pdf,107,1,13,10 | -.332 (8.43) | +.143 (3.63) | 60 | +.083 (2.11) | +.095 (2.41),unreviewed
MIL-STD-1560C.pdf,107,1,14,11 | -.332 (8.43) | +.048 (1.22) | 61 | +.083 (2.11) | +.000 (0.00),unreviewed
MIL-STD-1560C.pdf,107,1,15,12 | -.332 (8.43) | -.047 (1.19) | 62 | +.083 (2.11) | -.095 (2.41),unreviewed
MIL-STD-1560C.pdf,107,1,16,13 | -.332 (8.43) | -.142 (3.61) | 63 | +.083 (2.11) | -.190 (4.83),unreviewed
MIL-STD-1560C.pdf,107,1,17,14 | -.332 (8.43) | -.237 (6.02) | 64 | +.083 (2.11) | -.285 (7.24),unreviewed
MIL-STD-1560C.pdf,107,1,18,15 | -.332 (8.43) | -.332 (8.43) | 65 | +.083 (2.11) | -.380 (9.65),unreviewed
MIL-STD-1560C.pdf,107,1,19,16 | -.249 (6.32) | +.380 (9.65) | 66 | +.083 (2.11) | -.475 (12.07),unreviewed
MIL-STD-1560C.pdf,107,1,20,17 | -.249 (6.32) | +.285 (7.24) | 67 | +.166 (4.22) | +.428 (10.87),unreviewed
MIL-STD-1560C.pdf,108,1,1,Contacts; (Insert arrangement 23-1) |  |  |  |  | ,unreviewed
MIL-STD-1560C.pdf,108,1,2,Contact; position; ID | Location |  | Contact; position ID | Location | ,unreviewed
MIL-STD-1560C.pdf,108,1,3, | X-axis; (mm) | Y-axis; (mm) |  | X-axis; (mm) | Y-axis; (mm),unreviewed
MIL-STD-1560C.pdf,108,1,4,18 | -.249 (6.32) | +.190 (4.83) | 68 | +.166 (4.22) | +.333 (8.46),unreviewed
MIL-STD-1560C.pdf,108,1,5,19 | -.249 (6.32) | +.095 (2.41) | 69 | +.166 (4.22) | +.238 (6.05),unreviewed
MIL-STD-1560C.pdf,108,1,6,20 | -.249 (6.32) | +.000 (0.00) | 70 | +.166 (4.22) | +.143 (3.63),unreviewed
MIL-STD-1560C.pdf,108,1,7,21 | -.249 (6.32) | -.095 (2.41) | 71 | +.166 (4.22) | +.048 (1.22),unreviewed
MIL-STD-1560C.pdf,108,1,8,22 | -.249 (6.32) | -.190 (4.83) | 72 | +.166 (4.22) | -.047 (1.19),unreviewed
MIL-STD-1560C.pdf,108,1,9,23 | -.249 (6.32) | -.285 (7.24) | 73 | +.166 (4.22) | -.142 (3.61),unreviewed
MIL-STD-1560C.pdf,108,1,10,24 | -.249 (6.32) | -.380 (9.65) | 74 | +.166 (4.22) | -.237 (6.02),unreviewed
MIL-STD-1560C.pdf,108,1,11,25 | -.166 (4.22) | +.428 (10.87) | 75 | +.166 (4.22) | -.332 (8.43),unreviewed
MIL-STD-1560C.pdf,108,1,12,26 | -.166 (4.22) | +.333 (8.46) | 76 | +.166 (4.22) | -.427 (10.85),unreviewed
MIL-STD-1560C.pdf,108,1,13,27 | -.166 (4.22) | +.238 (6.05) | 77 | +.249 (6.32) | +.380 (9.65),unreviewed
MIL-STD-1560C.pdf,108,1,14,28 | -.166 (4.22) | +.143 (3.63) | 78 | +.249 (6.32) | +.285 (7.24),unreviewed
MIL-STD-1560C.pdf,108,1,15,29 | -.166 (4.22) | +.048 (1.22) | 79 | +.249 (6.32) | +.190 (4.83),unreviewed
MIL-STD-1560C.pdf,108,1,16,30 | -.166 (4.22) | -.047 (1.19) | 80 | +.249 (6.32) | +.095 (2.41),unreviewed
MIL-STD-1560C.pdf,108,1,17,31 | -.166 (4.22) | -.142 (3.61) | 81 | +.249 (6.32) | +.000 (0.00),unreviewed
MIL-STD-1560C.pdf,108,1,18,32 | -.166 (4.22) | -.237 (6.02) | 82 | +.249 (6.32) | -.095 (2.41),unreviewed
MIL-STD-1560C.pdf,108,1,19,33 | -.166 (4.22) | -.332 (8.43) | 83 | +.249 (6.32) | -.190 (4.83),unreviewed
MIL-STD-1560C.pdf,108,1,20,34 | -.166 (4.22) | -.427 (10.85) | 84 | +.249 (6.32) | -.285 (7.24),unreviewed
MIL-STD-1560C.pdf,108,1,21,35 | -.083 (2.11) | +.475 (12.07) | 85 | +.249 (6.32) | -.380 (9.65),unreviewed
MIL-STD-1560C.pdf,108,1,22,36 | -.083 (2.11) | +.380 (9.65) | 86 | +.332 (8.43) | +.333 (8.46),unreviewed
MIL-STD-1560C.pdf,108,1,23,37 | -.083 (2.11) | +.285 (7.24) | 87 | +.332 (8.43) | +.238 (6.05),unreviewed
MIL-STD-1560C.pdf,108,1,24,38 | -.083 (2.11) | +.190 (4.83) | 88 | +.332 (8.43) | +.143 (3.63),unreviewed
MIL-STD-1560C.pdf,108,1,25,39 | -.083 (2.11) | +.095 (2.41) | 89 | +.332 (8.43) | +.048 (1.22),unreviewed
MIL-STD-1560C.pdf,108,1,26,40 | -.083 (2.11) | +.000 (0.00) | 90 | +.332 (8.43) | -.047 (1.19),unreviewed
MIL-STD-1560C.pdf,108,1,27,41 | -.083 (2.11) | -.095 (2.41) | 91 | +.332 (8.43) | -.142 (3.61),unreviewed
MIL-STD-1560C.pdf,108,1,28,42 | -.083 (2.11) | -.190 (4.83) | 92 | +.332 (8.43) | -.237 (6.02),unreviewed
MIL-STD-1560C.pdf,108,1,29,43 | -.083 (2.11) | -.285 (7.24) | 93 | +.332 (8.43) | -.332 (8.43),unreviewed
MIL-STD-1560C.pdf,108,1,30,44 | -.083 (2.11) | -.380 (9.65) | 94 | +.428 (10.87) | +.241 (6.12),unreviewed
MIL-STD-1560C.pdf,108,1,31,45 | -.083 (2.11) | -.475 (12.07) | 95 | +.467 (11.86) | +.154 (3.91),unreviewed
MIL-STD-1560C.pdf,108,1,32,46 | +.000 (0.00) | +.428 (10.87) | 96 | +.488 (12.40) | +.061 (1.55),unreviewed
MIL-STD-1560C.pdf,109,1,1,Contacts; (Insert arrangement 23-1) |  |  |  |  | ,unreviewed
MIL-STD-1560C.pdf,109,1,2,Contact; position; ID | Location |  | Contact; position ID | Location | ,unreviewed
MIL-STD-1560C.pdf,109,1,3, | X-axis; (mm) | Y-axis; (mm) |  | X-axis; (mm) | Y-axis; (mm),unreviewed
MIL-STD-1560C.pdf,109,1,4,47 | +.000 (0.00) | +.333 (8.46) | 97 | +.415 (10.54) | +.000 (0.00),unreviewed
MIL-STD-1560C.pdf,109,1,5,48 | +.000 (0.00) | +.238 (6.05) | 98 | +.488 (12.40) | -.061 (1.55),unreviewed
MIL-STD-1560C.pdf,109,1,6,49 | +.000 (0.00) | +.143 (3.63) | 99 | +.428 (10.87) | -.142 (3.61),unreviewed
MIL-STD-1560C.pdf,109,1,7,50 | +.000 (0.00) | +.048 (1.22) | 100 | +.428 (10.87) | -.237 (6.02),unreviewed
MIL-STD-1560C.pdf,109,2,1,Shell; size | Arrangement; no. | Number of; contacts | Size; contacts | Service; rating | Contact; location | Supersedes,unreviewed
MIL-STD-1560C.pdf,109,2,2,23 | -1 | 100 | 22M | M | All | MS20056-1,unreviewed
MIL-STD-1560C.pdf,110,1,1,Contacts; (Insert arrangement 23-2) |  |  |  |  | ,unreviewed
MIL-STD-1560C.pdf,110,1,2,Contact; position; ID | Location |  | Contact; position ID | Location | ,unreviewed
MIL-STD-1560C.pdf,110,1,3, | X-axis; (mm) | Y-axis; (mm) |  | X-axis; (mm) | Y-axis; (mm),unreviewed
MIL-STD-1560C.pdf,110,1,4,1 | -.455 (11.56) | +.159 (4.04) | 44 | +.000 (0.00) | -.106 (2.69),unreviewed
MIL-STD-1560C.pdf,110,1,5,2 | -.455 (11.56) | +.053 (1.35) | 45 | +.000 (0.00) | -.212 (5.38),unreviewed
MIL-STD-1560C.pdf,110,1,6,3 | -.482 (12.24) | -.053 (1.35) | 46 | +.000 (0.00) | -.318 (8.08),unreviewed
MIL-STD-1560C.pdf,110,1,7,4 | -.455 (11.56) | -.159 (4.04) | 47 | +.000 (0.00) | -.424 (10.77),unreviewed
MIL-STD-1560C.pdf,110,1,8,5 | -.364 (9.25) | +.318 (8.08) | 48 | +.091 (2.31) | +.477 (12.12),unreviewed
MIL-STD-1560C.pdf,110,1,9,6 | -.364 (9.25) | +.212 (5.38) | 49 | +.091 (2.31) | +.371 (9.42),unreviewed
MIL-STD-1560C.pdf,110,1,10,7 | -.364 (9.25) | +.106 (2.69) | 50 | +.091 (2.31) | +.265 (6.73),unreviewed
MIL-STD-1560C.pdf,110,1,11,8 | -.364 (9.25) | +.000 (0.00) | 51 | +.091 (2.31) | +.159 (4.04),unreviewed
MIL-STD-1560C.pdf,110,1,12,9 | -.364 (9.25) | -.106 (2.69) | 52 | +.091 (2.31) | +.053 (1.35),unreviewed
MIL-STD-1560C.pdf,110,1,13,10 | -.364 (9.25) | -.212 (5.38) | 53 | +.091 (2.31) | -.053 (1.35),unreviewed
MIL-STD-1560C.pdf,110,1,14,11 | -.364 (9.25) | -.318 (8.08) | 54 | +.091 (2.31) | -.159 (4.04),unreviewed
MIL-STD-1560C.pdf,110,1,15,12 | -.273 (6.93) | +.371 (9.42) | 55 | +.091 (2.31) | -.265 (6.73),unreviewed
MIL-STD-1560C.pdf,110,1,16,13 | -.273 (6.93) | +.265 (6.73) | 56 | +.091 (2.31) | -.371 (9.42),unreviewed
MIL-STD-1560C.pdf,110,1,17,14 | -.273 (6.93) | +.159 (4.04) | 57 | +.091 (2.31) | -.477 (12.12),unreviewed
MIL-STD-1560C.pdf,110,1,18,15 | -.273 (6.93) | +.053 (1.35) | 58 | +.182 (4.62) | +.424 (10.77),unreviewed
MIL-STD-1560C.pdf,110,1,19,16 | -.273 (6.93) | -.053 (1.35) | 59 | +.182 (4.62) | +.318 (8.08),unreviewed
MIL-STD-1560C.pdf,110,1,20,17 | -.273 (6.93) | -.159 (4.04) | 60 | +.182 (4.62) | +.212 (5.38),unreviewed
MIL-STD-1560C.pdf,111,1,1,Contacts; (Insert arrangement 23-2) |  |  |  |  | ,unreviewed
MIL-STD-1560C.pdf,111,1,2,Contact; position; ID | Location |  | Contact; position ID | Location | ,unreviewed
MIL-STD-1560C.pdf,111,1,3, | X-axis; (mm) | Y-axis; (mm) |  | X-axis; (mm) | Y-axis; (mm),unreviewed
MIL-STD-1560C.pdf,111,1,4,18 | -.273 (6.93) | -.265 (6.73) | 61 | +.182 (4.62) | +.106 (2.69),unreviewed
MIL-STD-1560C.pdf,111,1,5,19 | -.287 (7.29) | -.390 (9.91) | 62 | +.182 (4.62) | +.000 (0.00),unreviewed
MIL-STD-1560C.pdf,111,1,6,20 | -.182 (4.62) | +.424 (10.77) | 63 | +.182 (4.62) | -.106 (2.69),unreviewed
MIL-STD-1560C.pdf,111,1,7,21 | -.182 (4.62) | +.318 (8.08) | 64 | +.182 (4.62) | -.212 (5.38),unreviewed
MIL-STD-1560C.pdf,111,1,8,22 | -.182 (4.62) | +.212 (5.38) | 65 | +.182 (4.62) | -.318 (8.08),unreviewed
MIL-STD-1560C.pdf,111,1,9,23 | -.182 (4.62) | +.106 (2.69) | 66 | +.192 (4.88) | -.446 (11.33),unreviewed
MIL-STD-1560C.pdf,111,1,10,24 | -.182 (4.62) | +.000 (0.00) | 67 | +.273 (6.93) | +.371 (9.42),unreviewed
MIL-STD-1560C.pdf,111,1,11,25 | -.182 (4.62) | -.106 (2.69) | 68 | +.273 (6.93) | +.265 (6.73),unreviewed
MIL-STD-1560C.pdf,111,1,12,26 | -.182 (4.62) | -.212 (5.38) | 69 | +.273 (6.93) | +.159 (4.04),unreviewed
MIL-STD-1560C.pdf,111,1,13,27 | -.182 (4.62) | -.318 (8.08) | 70 | +.273 (6.93) | +.053 (1.35),unreviewed
MIL-STD-1560C.pdf,111,1,14,28 | -.192 (4.88) | -.446 (11.33) | 71 | +.273 (6.93) | -.053 (1.35),unreviewed
MIL-STD-1560C.pdf,111,1,15,29 | -.091 (2.31) | +.477 (12.12) | 72 | +.273 (6.93) | -.159 (4.04),unreviewed
MIL-STD-1560C.pdf,111,1,16,30 | -.091 (2.31) | +.371 (9.42) | 73 | +.273 (6.93) | -.265 (6.73),unreviewed
MIL-STD-1560C.pdf,111,1,17,31 | -.091 (2.31) | +.265 (6.73) | 74 | +.287 (7.29) | -.390 (9.91),unreviewed
MIL-STD-1560C.pdf,111,1,18,32 | -.091 (2.31) | +.159 (4.04) | 75 | +.364 (9.25) | +.318 (8.08),unreviewed
MIL-STD-1560C.pdf,111,1,19,33 | -.091 (2.31) | +.053 (1.35) | 76 | +.364 (9.25) | +.212 (5.38),unreviewed
MIL-STD-1560C.pdf,111,1,20,34 | -.091 (2.31) | -.053 (1.35) | 77 | +.364 (9.25) | +.106 (2.69),unreviewed
MIL-STD-1560C.pdf,111,1,21,35 | -.091 (2.31) | -.159 (4.04) | 78 | +.364 (9.25) | +.000 (0.00),unreviewed
MIL-STD-1560C.pdf,111,1,22,36 | -.091 (2.31) | -.265 (6.73) | 79 | +.364 (9.25) | -.106 (2.69),unreviewed
MIL-STD-1560C.pdf,111,1,23,37 | -.091 (2.31) | -.371 (9.42) | 80 | +.364 (9.25) | -.212 (5.38),unreviewed
MIL-STD-1560C.pdf,111,1,24,38 | -.091 (2.31) | -.477 (12.12) | 81 | +.364 (9.25) | -.318 (8.08),unreviewed
MIL-STD-1560C.pdf,111,1,25,39 | +.000 (0.00) | +.424 (10.77) | 82 | +.455 (11.56) | +.159 (4.04),unreviewed
MIL-STD-1560C.pdf,111,1,26,40 | +.000 (0.00) | +.318 (8.08) | 83 | +.455 (11.56) | +.053 (1.35),unreviewed
MIL-STD-1560C.pdf,111,1,27,41 | +.000 (0.00) | +.212 (5.38) | 84 | +.482 (12.24) | -.053 (1.35),unreviewed
MIL-STD-1560C.pdf,111,1,28,42 | +.000 (0.00) | +.106 (2.69) | 85 | +.455 (11.56) | -.159 (4.04),unreviewed
MIL-STD-1560C.pdf,111,1,29,43 | +.000 (0.00) | +.000 (0.00) | --- | --- | ---,unreviewed
MIL-STD-1560C.pdf,111,2,1,Shell; size | Arrangement; no. | Number of; contacts | Size; contacts | Service; rating | Contact; location | Supersedes,unreviewed
MIL-STD-1560C.pdf,111,2,2,23 | -2 | 85 | 22 | M | All | MS20056-2,unreviewed
MIL-STD-1560C.pdf,112,1,1,Contacts; (Insert arrangement 23-21) |  |  |  |  | ,unreviewed
MIL-STD-1560C.pdf,112,1,2,Contact; position ID | Location |  | Contact; position ID | Location | ,unreviewed
MIL-STD-1560C.pdf,112,1,3, | X-axis; (mm) | Y-axis; (mm) |  | X-axis; (mm) | Y-axis; (mm),unreviewed
MIL-STD-1560C.pdf,112,1,4,A | +.128 (3.25) | +.385 (9.78) | M | -.289 (7.34) | +.285 (7.24),unreviewed
MIL-STD-1560C.pdf,112,1,5,B | +.289 (7.34) | +.285 (7.24) | N | -.128 (3.25) | +.385 (9.78),unreviewed
MIL-STD-1560C.pdf,112,1,6,C | +.386 (9.80) | +.123 (3.12) | P | +.000 (0.00) | +.245 (6.22),unreviewed
MIL-STD-1560C.pdf,112,1,7,D | +.400 (10.16) | -.065 (1.65) | R | +.160 (4.06) | +.146 (3.71),unreviewed
MIL-STD-1560C.pdf,112,1,8,E | +.328 (8.33) | -.239 (6.07) | S | +.214 (5.44) | -.035 (0.89),unreviewed
MIL-STD-1560C.pdf,112,1,9,F | +.183 (4.65) | -.362 (9.19) | T | +.094 (2.39) | -.194 (4.93),unreviewed
MIL-STD-1560C.pdf,112,1,10,G | +.000 (0.00) | -.406 (10.31) | U | -.094 (2.39) | -.194 (4.93),unreviewed
MIL-STD-1560C.pdf,112,1,11,H | -.183 (4.65) | -.362 (9.19) | V | -.214 (5.44) | -.035 (0.89),unreviewed
MIL-STD-1560C.pdf,112,1,12,J | -.328 (8.33) | -.239 (6.07) | W | -.160 (4.06) | +.146 (3.71),unreviewed
MIL-STD-1560C.pdf,112,1,13,K | -.400 (10.16) | -.065 (1.65) | X | +.000 (0.00) | +.000 (0.00),unreviewed
MIL-STD-1560C.pdf,112,1,14,L | -.386 (9.80) | +.123 (3.12) | --- | --- | ---,unreviewed
MIL-STD-1560C.pdf,112,2,1,Shell; size | Arrangement; no. | Number of; contacts | Size; contacts | Service; rating | Contact; location | Supersedes,unreviewed
MIL-STD-1560C.pdf,112,2,2,23 | -21 | 21 | 16 | II | All | MS20056-21,unreviewed
MIL-STD-1560C.pdf,113,1,1,Contacts; (Insert arrangement 23-23) |  |  |  |  | ,unreviewed
MIL-STD-1560C.pdf,113,1,2,Contact; position ID | Location |  | Contact; position; ID | Location | ,unreviewed
MIL-STD-1560C.pdf,113,1,3, | X-axis; (mm) | Y-axis; (mm) |  | X-axis; (mm) | Y-axis; (mm),unreviewed
MIL-STD-1560C.pdf,113,1,4,1 | -.121 (3.06) | +.487 (12.37) | 77 | +.080 (2.04) | +.000 (0.00),unreviewed
MIL-STD-1560C.pdf,113,1,5,2 | -.040 (1.02) | +.487 (12.37) | 78 | +.161 (4.08) | +.000 (0.00),unreviewed
MIL-STD-1560C.pdf,113,1,6,3 | +.040 (1.02) | +.487 (12.37) | 79 | +.241 (6.12) | +.000 (0.00),unreviewed
MIL-STD-1560C.pdf,113,1,7,4 | +.121 (3.06) | +.487 (12.37) | 80 | +.321 (8.16) | +.000 (0.00),unreviewed
MIL-STD-1560C.pdf,113,1,8,5 | -.241 (6.12) | +.417 (10.60) | 81 | +.402 (10.20) | +.000 (0.00),unreviewed
MIL-STD-1560C.pdf,113,1,9,6 | -.161 (4.08) | +.417 (10.60) | 82 | +.482 (12.24) | +.000 (0.00),unreviewed
MIL-STD-1560C.pdf,113,1,10,7 | -.080 (2.04) | +.417 (10.60) | 83 | -.442 (11.22) | -.070 (1.77),unreviewed
MIL-STD-1560C.pdf,113,1,11,8 | +.000 (0.00) | +.417 (10.60) | 84 | -.361 (9.18) | -.070 (1.77),unreviewed
MIL-STD-1560C.pdf,113,1,12,9 | +.080 (2.04) | +.417 (10.60) | 85 | -.281 (7.14) | -.070 (1.77),unreviewed
MIL-STD-1560C.pdf,114,1,1,Contacts; (Insert arrangement 23-23) |  |  |  |  | ,unreviewed
MIL-STD-1560C.pdf,114,1,2,Contact; position ID | Location |  | Contact; position; ID | Location | ,unreviewed
MIL-STD-1560C.pdf,114,1,3, | X-axis; (mm) | Y-axis; (mm) |  | X-axis; (mm) | Y-axis; (mm),unreviewed
MIL-STD-1560C.pdf,114,1,4,10 | +.161 (4.08) | +.417 (10.60) | 86 | -.201 (5.10) | -.070 (1.77),unreviewed
MIL-STD-1560C.pdf,114,1,5,11 | +.241 (6.12) | +.417 (10.60) | 87 | -.121 (3.06) | -.070 (1.77),unreviewed
MIL-STD-1560C.pdf,114,1,6,12 | -.361 (9.18) | +.348 (8.83) | 88 | -.040 (1.02) | -.070 (1.77),unreviewed
MIL-STD-1560C.pdf,114,1,7,13 | -.281 (7.14) | +.348 (8.83) | 89 | +.040 (1.02) | -.070 (1.77),unreviewed
MIL-STD-1560C.pdf,114,1,8,14 | -.201 (5.10) | +.348 (8.83) | 90 | +.121 (3.06) | -.070 (1.77),unreviewed
MIL-STD-1560C.pdf,114,1,9,15 | -.121 (3.06) | +.348 (8.83) | 91 | +.201 (5.10) | -.070 (1.77),unreviewed
MIL-STD-1560C.pdf,114,1,10,16 | -.040 (1.02) | +.348 (8.83) | 92 | +.281 (7.14) | -.070 (1.77),unreviewed
MIL-STD-1560C.pdf,114,1,11,17 | +.040 (1.02) | +.348 (8.83) | 93 | +.361 (9.18) | -.070 (1.77),unreviewed
MIL-STD-1560C.pdf,114,1,12,18 | +.121 (3.06) | +.348 (8.83) | 94 | +.442 (11.22) | -.070 (1.77),unreviewed
MIL-STD-1560C.pdf,114,1,13,19 | +.201 (5.10) | +.348 (8.83) | 95 | -.482 (12.24) | -.139 (3.53),unreviewed
MIL-STD-1560C.pdf,114,1,14,20 | +.281 (7.14) | +.348 (8.83) | 96 | -.402 (10.20) | -.139 (3.53),unreviewed
MIL-STD-1560C.pdf,114,1,15,21 | +.361 (9.18) | +.348 (8.83) | 97 | -.321 (8.16) | -.139 (3.53),unreviewed
MIL-STD-1560C.pdf,114,1,16,22 | -.402 (10.20) | +.278 (7.07) | 98 | -.241 (6.12) | -.139 (3.53),unreviewed
MIL-STD-1560C.pdf,114,1,17,23 | -.321 (8.16) | +.278 (7.07) | 99 | -.161 (4.08) | -.139 (3.53),unreviewed
MIL-STD-1560C.pdf,114,1,18,24 | -.241 (6.12) | +.278 (7.07) | 100 | -.080 (2.04) | -.139 (3.53),unreviewed
MIL-STD-1560C.pdf,114,1,19,25 | -.161 (4.08) | +.278 (7.07) | 101 | +.000 (0.00) | -.139 (3.53),unreviewed
MIL-STD-1560C.pdf,114,1,20,26 | -.080 (2.04) | +.278 (7.07) | 102 | +.080 (2.04) | -.139 (3.53),unreviewed
MIL-STD-1560C.pdf,114,1,21,27 | +.000 (0.00) | +.278 (7.07) | 103 | +.161 (4.08) | -.139 (3.53),unreviewed
MIL-STD-1560C.pdf,114,1,22,28 | +.080 (2.04) | +.278 (7.07) | 104 | +.241 (6.12) | -.139 (3.53),unreviewed
MIL-STD-1560C.pdf,114,1,23,29 | +.161 (4.08) | +.278 (7.07) | 105 | +.321 (8.16) | -.139 (3.53),unreviewed
MIL-STD-1560C.pdf,114,1,24,30 | +.241 (6.12) | +.278 (7.07) | 106 | +.402 (10.20) | -.139 (3.53),unreviewed
MIL-STD-1560C.pdf,114,1,25,31 | +.321 (8.16) | +.278 (7.07) | 107 | +.482 (12.24) | -.139 (3.53),unreviewed
MIL-STD-1560C.pdf,114,1,26,32 | +.402 (10.20) | +.278 (7.07) | 108 | -.442 (11.22) | -.209 (5.30),unreviewed
MIL-STD-1560C.pdf,114,1,27,33 | -.442 (11.22) | +.209 (5.30) | 109 | -.361 (9.18) | -.209 (5.30),unreviewed
MIL-STD-1560C.pdf,114,1,28,34 | -.361 (9.18) | +.209 (5.30) | 110 | -.281 (7.14) | -.209 (5.30),unreviewed
MIL-STD-1560C.pdf,114,1,29,35 | -.281 (7.14) | +.209 (5.30) | 111 | -.201 (5.10) | -.209 (5.30),unreviewed
MIL-STD-1560C.pdf,114,1,30,36 | -.201 (5.10) | +.209 (5.30) | 112 | -.121 (3.06) | -.209 (5.30),unreviewed
MIL-STD-1560C.pdf,114,1,31,37 | -.121 (3.06) | +.209 (5.30) | 113 | -.040 (1.02) | -.209 (5.30),unreviewed
MIL-STD-1560C.pdf,114,1,32,38 | -.040 (1.02) | +.209 (5.30) | 114 | +.040 (1.02) | -.209 (5.30),unreviewed
MIL-STD-1560C.pdf,114,1,33,39 | +.040 (1.02) | +.209 (5.30) | 115 | +.121 (3.06) | -.209 (5.30),unreviewed
MIL-STD-1560C.pdf,114,1,34,40 | +.121 (3.06) | +.209 (5.30) | 116 | +.201 (5.10) | -.209 (5.30),unreviewed
MIL-STD-1560C.pdf,115,1,1,Contacts; (Insert arrangement 23-23) |  |  |  |  | ,unreviewed
MIL-STD-1560C.pdf,115,1,2,Contact; position ID | Location |  | Contact; position; ID | Location | ,unreviewed
MIL-STD-1560C.pdf,115,1,3, | X-axis; (mm) | Y-axis; (mm) |  | X-axis; (mm) | Y-axis; (mm),unreviewed
MIL-STD-1560C.pdf,115,1,4,41 | +.201 (5.10) | +.209 (5.30) | 117 | +.281 (7.14) | -.209 (5.30),unreviewed
MIL-STD-1560C.pdf,115,1,5,42 | +.281 (7.14) | +.209 (5.30) | 118 | +.361 (9.18) | -.209 (5.30),unreviewed
MIL-STD-1560C.pdf,115,1,6,43 | +.361 (9.18) | +.209 (5.30) | 119 | +.442 (11.22) | -.209 (5.30),unreviewed
MIL-STD-1560C.pdf,115,1,7,44 | +.442 (11.22) | +.209 (5.30) | 120 | -.402 (10.20) | -.278 (7.07),unreviewed
MIL-STD-1560C.pdf,115,1,8,45 | -.482 (12.24) | +.139 (3.53) | 121 | -.321 (8.16) | -.278 (7.07),unreviewed
MIL-STD-1560C.pdf,115,1,9,46 | -.402 (10.20) | +.139 (3.53) | 122 | -.241 (6.12) | -.278 (7.07),unreviewed
MIL-STD-1560C.pdf,115,1,10,47 | -.321 (8.16) | +.139 (3.53) | 123 | -.161 (4.08) | -.278 (7.07),unreviewed
MIL-STD-1560C.pdf,115,1,11,48 | -.241 (6.12) | +.139 (3.53) | 124 | -.080 (2.04) | -.278 (7.07),unreviewed
MIL-STD-1560C.pdf,115,1,12,49 | -.161 (4.08) | +.139 (3.53) | 125 | +.000 (0.00) | -.278 (7.07),unreviewed
MIL-STD-1560C.pdf,115,1,13,50 | -.080 (2.04) | +.139 (3.53) | 126 | +.080 (2.04) | -.278 (7.07),unreviewed
MIL-STD-1560C.pdf,115,1,14,51 | +.000 (0.00) | +.139 (3.53) | 127 | +.161 (4.08) | -.278 (7.07),unreviewed
MIL-STD-1560C.pdf,115,1,15,52 | +.080 (2.04) | +.139 (3.53) | 128 | +.241 (6.12) | -.278 (7.07),unreviewed
MIL-STD-1560C.pdf,115,1,16,53 | +.161 (4.08) | +.139 (3.53) | 129 | +.321 (8.16) | -.278 (7.07),unreviewed
MIL-STD-1560C.pdf,115,1,17,54 | +.241 (6.12) | +.139 (3.53) | 130 | +.402 (10.20) | -.278 (7.07),unreviewed
MIL-STD-1560C.pdf,115,1,18,55 | +.321 (8.16) | +.139 (3.53) | 131 | -.361 (9.18) | -.348 (8.83),unreviewed
MIL-STD-1560C.pdf,115,1,19,56 | +.402 (10.20) | +.139 (3.53) | 132 | -.281 (7.14) | -.348 (8.83),unreviewed
MIL-STD-1560C.pdf,115,1,20,57 | +.482 (12.24) | +.139 (3.53) | 133 | -.201 (5.10) | -.348 (8.83),unreviewed
MIL-STD-1560C.pdf,115,1,21,58 | -.442 (11.22) | +.070 (1.77) | 134 | -.121 (3.06) | -.348 (8.83),unreviewed
MIL-STD-1560C.pdf,115,1,22,59 | -.361 (9.18) | +.070 (1.77) | 135 | -.040 (1.02) | -.348 (8.83),unreviewed
MIL-STD-1560C.pdf,115,1,23,60 | -.281 (7.14) | +.070 (1.77) | 136 | +.040 (1.02) | -.348 (8.83),unreviewed
MIL-STD-1560C.pdf,115,1,24,61 | -.201 (5.10) | +.070 (1.77) | 137 | +.121 (3.06) | -.348 (8.83),unreviewed
MIL-STD-1560C.pdf,115,1,25,62 | -.121 (3.06) | +.070 (1.77) | 138 | +.201 (5.10) | -.348 (8.83),unreviewed
MIL-STD-1560C.pdf,115,1,26,63 | -.040 (1.02) | +.070 (1.77) | 139 | +.281 (7.14) | -.348 (8.83),unreviewed
MIL-STD-1560C.pdf,115,1,27,64 | +.040 (1.02) | +.070 (1.77) | 140 | +.361 (9.18) | -.348 (8.83),unreviewed
MIL-STD-1560C.pdf,115,1,28,65 | +.121 (3.06) | +.070 (1.77) | 141 | -.241 (6.12) | -.417 (10.60),unreviewed
MIL-STD-1560C.pdf,115,1,29,66 | +.201 (5.10) | +.070 (1.77) | 142 | -.161 (4.08) | -.417 (10.60),unreviewed
MIL-STD-1560C.pdf,115,1,30,67 | +.281 (7.14) | +.070 (1.77) | 143 | -.080 (2.04) | -.417 (10.60),unreviewed
MIL-STD-1560C.pdf,115,1,31,68 | +.361 (9.18) | +.070 (1.77) | 144 | +.000 (0.00) | -.417 (10.60),unreviewed
MIL-STD-1560C.pdf,115,1,32,69 | +.442 (11.22) | +.070 (1.77) | 145 | +.080 (2.04) | -.417 (10.60),unreviewed
MIL-STD-1560C.pdf,115,1,33,70 | -.482 (12.24) | +.000 (0.00) | 146 | +.161 (4.08) | -.417 (10.60),unreviewed
MIL-STD-1560C.pdf,116,1,1,Contacts; (Insert arrangement 23-23) |  |  |  |  | ,unreviewed
MIL-STD-1560C.pdf,116,1,2,Contact; position ID | Location |  | Contact; position; ID | Location | ,unreviewed
MIL-STD-1560C.pdf,116,1,3, | X-axis; (mm) | Y-axis; (mm) |  | X-axis; (mm) | Y-axis; (mm),unreviewed
MIL-STD-1560C.pdf,116,1,4,71 | -.402 (10.20) | +.000 (0.00) | 147 | +.241 (6.12) | -.417 (10.60),unreviewed
MIL-STD-1560C.pdf,116,1,5,72 | -.321 (8.16) | +.000 (0.00) | 148 | -.121 (3.06) | -.487 (12.37),unreviewed
MIL-STD-1560C.pdf,116,1,6,73 | -.241 (6.12) | +.000 (0.00) | 149 | -.040 (1.02) | -.487 (12.37),unreviewed
MIL-STD-1560C.pdf,116,1,7,74 | -.161 (4.08) | +.000 (0.00) | 150 | +.040 (1.02) | -.487 (12.37),unreviewed
MIL-STD-1560C.pdf,116,1,8,75 | -.080 (2.04) | +.000 (0.00) | 151 | +.121 (3.06) | -.487 (12.37),unreviewed
MIL-STD-1560C.pdf,116,1,9,76 | +.000 (0.00) | +.000 (0.00) | --- | --- | ---,unreviewed
MIL-STD-1560C.pdf,116,2,1,Shell; size | Arrangement; no. | Number of; contacts | Size; contacts | Service; rating | Contact; location | Standard contact | ,unreviewed
MIL-STD-1560C.pdf,116,2,2,23 | -23 | 151 | 23-22 | N | All | Pin | Socket,unreviewed
MIL-STD-1560C.pdf,116,2,3, |  |  |  |  |  | M39029/122-670 | M39029/121-663,unreviewed
MIL-STD-1560C.pdf,117,1,1,Contacts; (Insert arrangement 23-32) |  |  |  |  | ,unreviewed
MIL-STD-1560C.pdf,117,1,2,Contact; position; ID | Location |  | Contact; position ID | Location | ,unreviewed
MIL-STD-1560C.pdf,117,1,3, | X-axis; (mm) | Y-axis; (mm) |  | X-axis; (mm) | Y-axis; (mm),unreviewed
MIL-STD-1560C.pdf,117,1,4,A | +.100 (2.54) | +.450 (11.43) | T | +.325 (8.26) | +.025 (0.64),unreviewed
MIL-STD-1560C.pdf,117,1,5,B | +.325 (8.26) | +.325 (8.26) | U | +.300 (7.62) | -.125 (3.18),unreviewed
MIL-STD-1560C.pdf,117,1,6,C | +.425 (10.80) | +.150 (3.81) | V | +.200 (5.08) | -.250 (6.35),unreviewed
MIL-STD-1560C.pdf,117,1,7,D | +.450 (11.43) | -.075 (1.91) | W | +.000 (0.00) | -.300 (7.62),unreviewed
MIL-STD-1560C.pdf,117,1,8,E | +.375 (9.53) | -.275 (6.99) | X | -.200 (5.08) | -.250 (6.35),unreviewed
MIL-STD-1560C.pdf,117,1,9,F | +.200 (5.08) | -.400 (10.16) | Y | -.300 (7.62) | -.125 (3.18),unreviewed
MIL-STD-1560C.pdf,117,1,10,G | +.000 (0.00) | -.450 (11.43) | Z | -.325 (8.26) | +.025 (0.64),unreviewed
MIL-STD-1560C.pdf,117,1,11,H | -.200 (5.08) | -.400 (10.16) | a | -.250 (6.35) | +.175 (4.45),unreviewed
MIL-STD-1560C.pdf,117,1,12,J | -.375 (9.53) | -.275 (6.99) | b | -.150 (3.81) | +.300 (7.62),unreviewed
MIL-STD-1560C.pdf,117,1,13,K | -.450 (11.43) | -.075 (1.91) | c | +.100 (2.54) | +.150 (3.81),unreviewed
MIL-STD-1560C.pdf,117,1,14,L | -.425 (10.80) | +.150 (3.81) | d | +.150 (3.81) | +.000 (0.00),unreviewed
MIL-STD-1560C.pdf,117,1,15,M | -.325 (8.26) | +.325 (8.26) | e | +.075 (1.91) | -.150 (3.81),unreviewed
MIL-STD-1560C.pdf,117,1,16,N | -.100 (2.54) | +.450 (11.43) | f | -.075 (1.91) | -.150 (3.81),unreviewed
MIL-STD-1560C.pdf,117,1,17,P | +.000 (0.00) | +.325 (8.26) | g | -.150 (3.81) | +.000 (0.00),unreviewed
MIL-STD-1560C.pdf,117,1,18,R | +.150 (3.81) | +.300 (7.62) | h | -.100 (2.54) | +.150 (3.81),unreviewed
MIL-STD-1560C.pdf,117,1,19,S | +.250 (6.35) | +.175 (4.45) | J | +.000 (0.00) | +.000 (0.00),unreviewed
MIL-STD-1560C.pdf,117,2,1,Shell; size | Arrangement; no. | Number of; contacts | Size; contacts | Service; rating | Contact; location | Supersedes,unreviewed
MIL-STD-1560C.pdf,117,2,2,23 | -32 | 32 | 20 | I | All | MS20056-32,unreviewed
MIL-STD-1560C.pdf,118,1,1,Contacts; (Insert arrangement 23-34) |  |  |  |  | ,unreviewed
MIL-STD-1560C.pdf,118,1,2,Contact; position ID | Location |  | Contact; position ID | Location | ,unreviewed
MIL-STD-1560C.pdf,118,1,3, | X-axis; (mm) | Y-axis; (mm) |  | X-axis; (mm) | Y-axis; (mm),unreviewed
MIL-STD-1560C.pdf,118,1,4,A | +.000 (0.00) | +.450 (11.43) | U | +.000 (.00) | +.300 (7.62),unreviewed
MIL-STD-1560C.pdf,118,1,5,B | +.175 (4.45) | +.425 (10.80) | V | +.200 (5.08) | +.225 (5.72),unreviewed
MIL-STD-1560C.pdf,118,1,6,C | +.325 (8.26) | +.325 (8.26) | W | +.300 (7.62) | +.050 (1.27),unreviewed
MIL-STD-1560C.pdf,118,1,7,D | +.425 (10.80) | +.175 (4.45) | X | +.300 (7.62) | -.100 (2.54),unreviewed
MIL-STD-1560C.pdf,118,1,8,E | +.450 (11.43) | +.025 (0.64) | Y | +.150 (3.81) | -.250 (6.35),unreviewed
MIL-STD-1560C.pdf,118,1,9,F | +.450 (11.43) | -.125 (3.18) | Z | +.000 (0.00) | -.300 (7.62),unreviewed
MIL-STD-1560C.pdf,118,1,10,G | +.375 (9.53) | -.275 (6.99) | a | -.150 (3.81) | -.250 (6.35),unreviewed
MIL-STD-1560C.pdf,118,1,11,H | +.250 (6.35) | -.375 (9.53) | b | -.300 (7.62) | -.100 (2.54),unreviewed
MIL-STD-1560C.pdf,118,1,12,J | +.100 (2.54) | -.450 (11.43) | c | -.300 (7.62) | +.050 (1.27),unreviewed
MIL-STD-1560C.pdf,118,1,13,K | -.100 (2.54) | -.450 (11.43) | d | -.200 (5.08) | +.225 (5.72),unreviewed
MIL-STD-1560C.pdf,118,1,14,L | -.250 (6.35) | -.375 (9.53) | e | +.000 (0.00) | +.150 (3.81),unreviewed
MIL-STD-1560C.pdf,118,1,15,M | -.375 (9.53) | -.275 (6.99) | f | +.150 (3.81) | +.050 (1.27),unreviewed
MIL-STD-1560C.pdf,118,1,16,N | -.450 (11.43) | -.125 (3.18) | g | +.150 (3.81) | -.100 (2.54),unreviewed
MIL-STD-1560C.pdf,118,1,17,P | -.450 (11.43) | +.025 (0.64) | h | +.000 (0.00) | -.150 (3.81),unreviewed
MIL-STD-1560C.pdf,118,1,18,R | -.425 (10.80) | +.175 (4.45) | j | -.150 (3.81) | -.100 (2.54),unreviewed
MIL-STD-1560C.pdf,118,1,19,S | -.325 (8.26) | +.325 (8.26) | k | -.150 (3.81) | +.050 (1.27),unreviewed
MIL-STD-1560C.pdf,118,1,20,T | -.175 (4.45) | +.425 (10.80) | l | +.000 (0.00) | +.000 (0.00),unreviewed
MIL-STD-1560C.pdf,118,2,1,Shell; size | Arrangement; no. | Number of; contacts | Size; contacts | Service; rating | Contact; location | Supersedes,unreviewed
MIL-STD-1560C.pdf,118,2,2,23 | -34 | 34 | 20 | I | All | MS20056-34,unreviewed
MIL-STD-1560C.pdf,119,1,1,Contacts; (Insert arrangement 23-35) |  |  |  |  | ,unreviewed
MIL-STD-1560C.pdf,119,1,2,Contact; position; ID | Location |  | Contact; position ID | Location | ,unreviewed
MIL-STD-1560C.pdf,119,1,3, | X-axis; (mm) | Y-axis; (mm) |  | X-axis; (mm) | Y-axis; (mm),unreviewed
MIL-STD-1560C.pdf,119,1,4,1 | -.428 (10.87) | +.241 (6.12) | 51 | +.000 (0.00) | -.047 (1.19),unreviewed
MIL-STD-1560C.pdf,119,1,5,2 | -.467 (11.86) | +.154 (3.91) | 52 | +.000 (0.00) | -.142 (3.61),unreviewed
MIL-STD-1560C.pdf,119,1,6,3 | -.488 (12.40) | +.061 (1.55) | 53 | +.000 (0.00) | -.237 (6.02),unreviewed
MIL-STD-1560C.pdf,119,1,7,4 | -.415 (10.54) | +.000 (0.00) | 54 | +.000 (0.00) | -.332 (8.43),unreviewed
MIL-STD-1560C.pdf,119,1,8,5 | -.488 (12.40) | -.061 (1.55) | 55 | +.000 (0.00) | -.427 (10.85),unreviewed
MIL-STD-1560C.pdf,119,1,9,6 | -.428 (10.87) | -.142 (3.61) | 56 | +.083 (2.11) | +.475 (12.07),unreviewed
MIL-STD-1560C.pdf,119,1,10,7 | -.428 (10.87) | -.237 (6.02) | 57 | +.083 (2.11) | +.380 (9.65),unreviewed
MIL-STD-1560C.pdf,119,1,11,8 | -.332 (8.43) | +.333 (8.46) | 58 | +.083 (2.11) | +.285 (7.24),unreviewed
MIL-STD-1560C.pdf,119,1,12,9 | -.332 (8.43) | +.238 (6.05) | 59 | +.083 (2.11) | +.190 (4.83),unreviewed
MIL-STD-1560C.pdf,119,1,13,10 | -.332 (8.43) | +.143 (3.63) | 60 | +.083 (2.11) | +.095 (2.41),unreviewed
MIL-STD-1560C.pdf,119,1,14,11 | -.332 (8.43) | +.048 (1.22) | 61 | +.083 (2.11) | +.000 (0.00),unreviewed
MIL-STD-1560C.pdf,119,1,15,12 | -.332 (8.43) | -.047 (1.19) | 62 | +.083 (2.11) | -.095 (2.41),unreviewed
MIL-STD-1560C.pdf,119,1,16,13 | -.332 (8.43) | -.142 (3.61) | 63 | +.083 (2.11) | -.190 (4.83),unreviewed
MIL-STD-1560C.pdf,119,1,17,14 | -.332 (8.43) | -.237 (6.02) | 64 | +.083 (2.11) | -.285 (7.24),unreviewed
MIL-STD-1560C.pdf,119,1,18,15 | -.332 (8.43) | -.332 (8.43) | 65 | +.083 (2.11) | -.380 (9.65),unreviewed
MIL-STD-1560C.pdf,119,1,19,16 | -.249 (6.32) | +.380 (9.65) | 66 | +.083 (2.11) | -.475 (12.07),unreviewed
MIL-STD-1560C.pdf,119,1,20,17 | -.249 (6.32) | +.285 (7.24) | 67 | +.166 (4.22) | +.428 (10.87),unreviewed
MIL-STD-1560C.pdf,119,1,21,18 | -.249 (6.32) | +.190 (4.83) | 68 | +.166 (4.22) | +.333 (8.46),unreviewed
MIL-STD-1560C.pdf,120,1,1,Contacts; (Insert arrangement 23-35) |  |  |  |  | ,unreviewed
MIL-STD-1560C.pdf,120,1,2,Contact; position; ID | Location |  | Contact; position ID | Location | ,unreviewed
MIL-STD-1560C.pdf,120,1,3, | X-axis; (mm) | Y-axis; (mm) |  | X-axis; (mm) | Y-axis; (mm),unreviewed
MIL-STD-1560C.pdf,120,1,4,19 | -.249 (6.32) | +.095 (2.41) | 69 | +.166 (4.22) | +.238 (6.05),unreviewed
MIL-STD-1560C.pdf,120,1,5,20 | -.249 (6.32) | +.000 (0.00) | 70 | +.166 (4.22) | +.143 (3.63),unreviewed
MIL-STD-1560C.pdf,120,1,6,21 | -.249 (6.32) | -.095 (2.41) | 71 | +.166 (4.22) | +.048 (1.22),unreviewed
MIL-STD-1560C.pdf,120,1,7,22 | -.249 (6.32) | -.190 (4.83) | 72 | +.166 (4.22) | -.047 (1.19),unreviewed
MIL-STD-1560C.pdf,120,1,8,23 | -.249 (6.32) | -.285 (7.24) | 73 | +.166 (4.22) | -.142 (3.61),unreviewed
MIL-STD-1560C.pdf,120,1,9,24 | -.249 (6.32) | -.380 (9.65) | 74 | +.166 (4.22) | -.237 (6.02),unreviewed
MIL-STD-1560C.pdf,120,1,10,25 | -.166 (4.22) | +.428 (10.87) | 75 | +.166 (4.22) | -.332 (8.43),unreviewed
MIL-STD-1560C.pdf,120,1,11,26 | -.166 (4.22) | +.333 (8.46) | 76 | +.166 (4.22) | -.427 (10.85),unreviewed
MIL-STD-1560C.pdf,120,1,12,27 | -.166 (4.22) | +.238 (6.05) | 77 | +.249 (6.32) | +.380 (9.65),unreviewed
MIL-STD-1560C.pdf,120,1,13,28 | -.166 (4.22) | +.143 (3.63) | 78 | +.249 (6.32) | +.285 (7.24),unreviewed
MIL-STD-1560C.pdf,120,1,14,29 | -.166 (4.22) | +.048 (1.22) | 79 | +.249 (6.32) | +.190 (4.83),unreviewed
MIL-STD-1560C.pdf,120,1,15,30 | -.166 (4.22) | -.047 (1.19) | 80 | +.249 (6.32) | +.095 (2.41),unreviewed
MIL-STD-1560C.pdf,120,1,16,31 | -.166 (4.22) | -.142 (3.61) | 81 | +.249 (6.32) | +.000 (0.00),unreviewed
MIL-STD-1560C.pdf,120,1,17,32 | -.166 (4.22) | -.237 (6.02) | 82 | +.249 (6.32) | -.095 (2.41),unreviewed
MIL-STD-1560C.pdf,120,1,18,33 | -.166 (4.22) | -.332 (8.43) | 83 | +.249 (6.32) | -.190 (4.83),unreviewed
MIL-STD-1560C.pdf,120,1,19,34 | -.166 (4.22) | -.427 (10.85) | 84 | +.249 (6.32) | -.285 (7.24),unreviewed
MIL-STD-1560C.pdf,120,1,20,35 | -.083 (2.11) | +.475 (12.07) | 85 | +.249 (6.32) | -.380 (9.65),unreviewed
MIL-STD-1560C.pdf,120,1,21,36 | -.083 (2.11) | +.380 (9.65) | 86 | +.332 (8.43) | +.333 (8.46),unreviewed
MIL-STD-1560C.pdf,120,1,22,37 | -.083 (2.11) | +.285 (7.24) | 87 | +.332 (8.43) | +.238 (6.05),unreviewed
MIL-STD-1560C.pdf,120,1,23,38 | -.083 (2.11) | +.190 (4.83) | 88 | +.332 (8.43) | +.143 (3.63),unreviewed
MIL-STD-1560C.pdf,120,1,24,39 | -.083 (2.11) | +.095 (2.41) | 89 | +.332 (8.43) | +.048 (1.22),unreviewed
MIL-STD-1560C.pdf,120,1,25,40 | -.083 (2.11) | +.000 (0.00) | 90 | +.332 (8.43) | -.047 (1.19),unreviewed
MIL-STD-1560C.pdf,120,1,26,41 | -.083 (2.11) | -.095 (2.41) | 91 | +.332 (8.43) | -.142 (3.61),unreviewed
MIL-STD-1560C.pdf,120,1,27,42 | -.083 (2.11) | -.190 (4.83) | 92 | +.332 (8.43) | -.237 (6.02),unreviewed
MIL-STD-1560C.pdf,120,1,28,43 | -.083 (2.11) | -.285 (7.24) | 93 | +.332 (8.43) | -.332 (8.43),unreviewed
MIL-STD-1560C.pdf,120,1,29,44 | -.083 (2.11) | -.380 (9.65) | 94 | +.428 (10.87) | +.241 (6.12),unreviewed
MIL-STD-1560C.pdf,120,1,30,45 | -.083 (2.11) | -.475 (12.07) | 95 | +.467 (11.86) | +.154 (3.91),unreviewed
MIL-STD-1560C.pdf,120,1,31,46 | +.000 (0.00) | +.428 (10.87) | 96 | +.488 (12.40) | +.061 (1.55),unreviewed
MIL-STD-1560C.pdf,121,1,1,Contacts; (Insert arrangement 23-35) |  |  |  |  | ,unreviewed
MIL-STD-1560C.pdf,121,1,2,Contact; position; ID | Location |  | Contact; position ID | Location | ,unreviewed
MIL-STD-1560C.pdf,121,1,3, | X-axis; (mm) | Y-axis; (mm) |  | X-axis; (mm) | Y-axis; (mm),unreviewed
MIL-STD-1560C.pdf,121,1,4,47 | +.000 (0.00) | +.333 (8.46) | 97 | +.415 (10.54) | +.000 (0.00),unreviewed
MIL-STD-1560C.pdf,121,1,5,48 | +.000 (0.00) | +.238 (6.05) | 98 | +.488 (12.40) | -.061 (1.55),unreviewed
MIL-STD-1560C.pdf,121,1,6,49 | +.000 (0.00) | +.143 (3.63) | 99 | +.428 (10.87) | -.142 (3.61),unreviewed
MIL-STD-1560C.pdf,121,1,7,50 | +.000 (0.00) | +.048 (1.22) | 100 | +.428 (10.87) | -.237 (6.02),unreviewed
MIL-STD-1560C.pdf,121,2,1,Shell; size | Arrangement; no. | Number of; contacts | Size; contacts | Service; rating | Contact; location | Supersedes,unreviewed
MIL-STD-1560C.pdf,121,2,2,23 | -35 | 100 | 22D | M | All | MS27532-; 35,unreviewed
MIL-STD-1560C.pdf,122,1,1,Contacts; (Insert arrangement 23-36) |  |  |  |  | ,unreviewed
MIL-STD-1560C.pdf,122,1,2,Contact; position; ID | Location |  | Contact; position ID | Location | ,unreviewed
MIL-STD-1560C.pdf,122,1,3, | X-axis; (mm) | Y-axis; (mm) |  | X-axis; (mm) | Y-axis; (mm),unreviewed
MIL-STD-1560C.pdf,122,1,4,A | +.100 (2.54) | +.450 (11.43) | V | +.150 (3.81) | +.275 (6.99),unreviewed
MIL-STD-1560C.pdf,122,1,5,B | +.250 (6.35) | +.400 (10.16) | W | +.300 (7.62) | +.125 (3.18),unreviewed
MIL-STD-1560C.pdf,122,1,6,C | +.350 (8.89) | +.275 (6.99) | X | +.300 (7.62) | -.025 (0.64),unreviewed
MIL-STD-1560C.pdf,122,1,7,D | +.450 (11.43) | +.100 (2.54) | Y | +.275 (6.99) | -.175 (4.45),unreviewed
MIL-STD-1560C.pdf,122,1,8,E | +.450 (11.43) | -.050 (1.27) | Z | +.150 (3.81) | -.275 (6.99),unreviewed
MIL-STD-1560C.pdf,122,1,9,F | +.425 (10.80) | -.200 (5.08) | a | +.000 (0.00) | -.300 (7.62),unreviewed
MIL-STD-1560C.pdf,122,1,10,G | +.300 (7.62) | -.350 (8.89) | b | -.150 (3.81) | -.275 (6.99),unreviewed
MIL-STD-1560C.pdf,122,1,11,H | +.150 (3.81) | -.425 (10.80) | c | -.275 (6.99) | -.175 (4.45),unreviewed
MIL-STD-1560C.pdf,122,1,12,J | +.000 (0.00) | -.450 (11.43) | d | -.300 (7.62) | -.025 (0.64),unreviewed
MIL-STD-1560C.pdf,122,1,13,K | -.150 (3.81) | -.425 (10.80) | e | -.300 (7.62) | +.125 (3.18),unreviewed
MIL-STD-1560C.pdf,122,1,14,L | -.300 (7.62) | -.350 (8.89) | f | -.150 (3.81) | +.275 (6.99),unreviewed
MIL-STD-1560C.pdf,122,1,15,M | -.425 (10.80) | -.200 (5.08) | g | +.000 (.00) | +.150 (3.81),unreviewed
MIL-STD-1560C.pdf,122,1,16,N | -.450 (11.43) | -.050 (1.27) | h | +.150 (3.81) | +.125 (3.18),unreviewed
MIL-STD-1560C.pdf,122,1,17,P | -.450 (11.43) | +.100 (2.54) | j | +.150 (3.81) | -.025 (0.64),unreviewed
MIL-STD-1560C.pdf,123,1,1,Contacts; (Insert arrangement 23-36) |  |  |  |  | ,unreviewed
MIL-STD-1560C.pdf,123,1,2,Contact; position; ID | Location |  | Contact; position ID | Location | ,unreviewed
MIL-STD-1560C.pdf,123,1,3, | X-axis; (mm) | Y-axis; (mm) |  | X-axis; (mm) | Y-axis; (mm),unreviewed
MIL-STD-1560C.pdf,123,1,4,R | -.350 (8.89) | +.275 (6.99) | k | +.000 (0.00) | -.150 (3.81),unreviewed
MIL-STD-1560C.pdf,123,1,5,S | -.250 (6.35) | +.400 (10.16) | l | -.150 (3.81) | -.025 (0.64),unreviewed
MIL-STD-1560C.pdf,123,1,6,T | -.100 (2.54) | +.450 (11.43) | m | -.150 (3.81) | +.125 (3.18),unreviewed
MIL-STD-1560C.pdf,123,1,7,U | +.000 (0.00) | +.325 (8.26) | n | +.000 (0.00) | +.000 (0.00),unreviewed
MIL-STD-1560C.pdf,123,2,1,Shell; size | Arrangement; no. | Number of; contacts | Size; contacts | Service; rating | Contact; location | Supersedes,unreviewed
MIL-STD-1560C.pdf,123,2,2,23 | -36 | 36 | 20 | I | All | MS20056-36,unreviewed
MIL-STD-1560C.pdf,124,1,1,Contacts; (Insert arrangement 23-53) |  |  |  |  | ,unreviewed
MIL-STD-1560C.pdf,124,1,2,Contact; position; ID | Location |  | Contact; position ID | Location | ,unreviewed
MIL-STD-1560C.pdf,124,1,3, | X-axis; (mm) | Y-axis; (mm) |  | X-axis; (mm) | Y-axis; (mm),unreviewed
MIL-STD-1560C.pdf,124,1,4,A | +.112 (2.84) | +.455 (11.56) | e | -.225 (5.72) | -.260 (6.60),unreviewed
MIL-STD-1560C.pdf,124,1,5,B | +.225 (5.72) | +.390 (9.91) | f | -.336 (8.53) | -.195 (4.95),unreviewed
MIL-STD-1560C.pdf,124,1,6,C | +.336 (8.53) | +.325 (8.26) | g | -.336 (8.53) | -.065 (1.65),unreviewed
MIL-STD-1560C.pdf,124,1,7,D | +.450 (11.43) | +.130 (3.30) | h | -.336 (8.53) | +.065 (1.65),unreviewed
MIL-STD-1560C.pdf,124,1,8,E | +.450 (11.43) | +.000 (0.00) | k | -.336 (8.53) | +.195 (4.95),unreviewed
MIL-STD-1560C.pdf,124,1,9,F | +.450 (11.43) | -.130 (3.30) | m | -.225 (5.72) | +.260 (6.60),unreviewed
MIL-STD-1560C.pdf,124,1,10,G | +.336 (8.53) | -.325 (8.26) | n | -.112 (2.84) | +.325 (8.26),unreviewed
MIL-STD-1560C.pdf,124,1,11,H | +.225 (5.72) | -.410 (10.41) | p | +.000 (0.00) | +.260 (6.60),unreviewed
MIL-STD-1560C.pdf,124,1,12,J | -.225 (5.72) | -.410 (10.41) | q | +.112 (2.84) | +.195 (4.95),unreviewed
MIL-STD-1560C.pdf,124,1,13,K | -.336 (8.53) | -.325 (8.26) | r | +.225 (5.72) | +.130 (3.30),unreviewed
MIL-STD-1560C.pdf,124,1,14,L | -.450 (11.43) | -.130 (3.30) | s | +.225 (5.72) | +.000 (0.00),unreviewed
MIL-STD-1560C.pdf,124,1,15,M | -.450 (11.43) | +.000 (0.00) | t | +.225 (5.72) | -.130 (3.30),unreviewed
MIL-STD-1560C.pdf,124,1,16,N | -.450 (11.43) | +.130 (3.30) | u | +.112 (2.84) | -.195 (4.95),unreviewed
MIL-STD-1560C.pdf,124,1,17,P | -.336 (8.53) | +.325 (8.26) | v | +.000 (0.00) | -.260 (6.60),unreviewed
MIL-STD-1560C.pdf,124,1,18,R | -.225 (5.72) | +.390 (9.91) | w | -.112 (2.84) | -.195 (4.95),unreviewed
MIL-STD-1560C.pdf,124,1,19,S | -.112 (2.84) | +.455 (11.56) | x | -.225 (5.72) | -.130 (3.30),unreviewed
MIL-STD-1560C.pdf,124,1,20,T | +.000 (0.00) | +.390 (9.91) | y | -.225 (5.72) | +.000 (0.00),unreviewed
MIL-STD-1560C.pdf,124,1,21,U | +.112 (2.84) | +.325 (8.26) | z | -.225 (5.72) | +.130 (3.30),unreviewed
MIL-STD-1560C.pdf,124,1,22,V | +.225 (5.72) | +.260 (6.60) | AA | -.112 (2.84) | +.195 (4.95),unreviewed
MIL-STD-1560C.pdf,125,1,1,Contacts; (Insert arrangement 23-53) |  |  |  |  | ,unreviewed
MIL-STD-1560C.pdf,125,1,2,Contact; position; ID | Location |  | Contact; position ID | Location | ,unreviewed
MIL-STD-1560C.pdf,125,1,3, | X-axis; (mm) | Y-axis; (mm) |  | X-axis; (mm) | Y-axis; (mm),unreviewed
MIL-STD-1560C.pdf,125,1,4,W | +.336 (8.53) | +.195 (4.95) | BB | +.000 (0.00) | +.130 (3.30),unreviewed
MIL-STD-1560C.pdf,125,1,5,X | +.336 (8.53) | +.065 (1.65) | CC | +.112 (2.84) | +.065 (1.65),unreviewed
MIL-STD-1560C.pdf,125,1,6,Y | +.336 (8.53) | -.065 (1.65) | DD | +.112 (2.84) | -.065 (1.65),unreviewed
MIL-STD-1560C.pdf,125,1,7,Z | +.336 (8.53) | -.195 (4.95) | EE | +.000 (0.00) | -.130 (3.30),unreviewed
MIL-STD-1560C.pdf,125,1,8,a | +.225 (5.72) | -.260 (6.60) | FF | -.112 (2.84) | -.065 (1.65),unreviewed
MIL-STD-1560C.pdf,125,1,9,b | +.112 (2.84) | -.325 (8.26) | GG | -.112 (2.84) | +.065 (1.65),unreviewed
MIL-STD-1560C.pdf,125,1,10,c | +.000 (0.00) | -.390 (9.91) | HH | +.000 (0.00) | +.000 (0.00),unreviewed
MIL-STD-1560C.pdf,125,1,11,d | -.112 (2.84) | -.325 (8.26) | --- | --- | ---,unreviewed
MIL-STD-1560C.pdf,125,2,1,Shell; size | Arrangement; no. | Number of; contacts | Size; contacts | Service; rating | Contact; location | Supersedes,unreviewed
MIL-STD-1560C.pdf,125,2,2,23 | -53 | 53 | 20 | I | All | MS20056-53,unreviewed
MIL-STD-1560C.pdf,126,1,1,Contacts; (Insert arrangement 23-55) |  |  |  |  | ,unreviewed
MIL-STD-1560C.pdf,126,1,2,Contact; position; ID | Location |  | Contact; position ID | Location | ,unreviewed
MIL-STD-1560C.pdf,126,1,3, | X-axis; (mm) | Y-axis; (mm) |  | X-axis; (mm) | Y-axis; (mm),unreviewed
MIL-STD-1560C.pdf,126,1,4,A | +.112 (2.84) | +.455 (11.56) | f | -.112 (2.84) | -.325 (8.26),unreviewed
MIL-STD-1560C.pdf,126,1,5,B | +.225 (5.72) | +.390 (9.91) | g | -.225 (5.72) | -.260 (6.60),unreviewed
MIL-STD-1560C.pdf,126,1,6,C | +.336 (8.53) | +.325 (8.26) | h | -.336 (8.53) | -.195 (4.95),unreviewed
MIL-STD-1560C.pdf,126,1,7,D | +.450 (11.43) | +.130 (3.30) | i | -.336 (8.53) | -.065 (1.65),unreviewed
MIL-STD-1560C.pdf,126,1,8,E | +.450 (11.43) | +.000 (0.00) | J | -.336 (8.53) | +.065 (1.65),unreviewed
MIL-STD-1560C.pdf,126,1,9,F | +.450 (11.43) | -.130 (3.30) | k | -.336 (8.53) | +.195 (4.95),unreviewed
MIL-STD-1560C.pdf,126,1,10,G | +.336 (8.53) | -.325 (8.26) | m | -.225 (5.72) | +.260 (6.60),unreviewed
MIL-STD-1560C.pdf,126,1,11,H | +.225 (5.72) | -.390 (9.91) | n | -.112 (2.84) | +.325 (8.26),unreviewed
MIL-STD-1560C.pdf,126,1,12,J | +.112 (2.84) | -.455 (11.56) | p | +.000 (0.00) | +.260 (6.60),unreviewed
MIL-STD-1560C.pdf,126,1,13,K | -.112 (2.84) | -.455 (11.56) | q | +.112 (2.84) | +.195 (4.95),unreviewed
MIL-STD-1560C.pdf,126,1,14,L | -.225 (5.72) | -.390 (9.91) | r | +.225 (5.72) | +.130 (3.30),unreviewed
MIL-STD-1560C.pdf,126,1,15,M | -.336 (8.53) | -.325 (8.26) | s | +.225 (5.72) | +.000 (0.00),unreviewed
MIL-STD-1560C.pdf,126,1,16,N | -.450 (11.43) | -.130 (3.30) | t | +.225 (5.72) | -.130 (3.30),unreviewed
MIL-STD-1560C.pdf,126,1,17,P | -.450 (11.43) | +.000 (0.00) | u | +.112 (2.84) | -.195 (4.95),unreviewed
MIL-STD-1560C.pdf,126,1,18,R | -.450 (11.43) | +.130 (3.30) | v | +.000 (0.00) | -.260 (6.60),unreviewed
MIL-STD-1560C.pdf,126,1,19,S | -.336 (8.53) | +.325 (8.26) | w | -.112 (2.84) | -.195 (4.95),unreviewed
MIL-STD-1560C.pdf,126,1,20,T | -.225 (5.72) | +.390 (9.91) | x | -.225 (5.72) | -.130 (3.30),unreviewed
MIL-STD-1560C.pdf,126,1,21,U | -.112 (2.84) | +.455 (11.56) | y | -.225 (5.72) | +.000 (0.00),unreviewed
MIL-STD-1560C.pdf,126,1,22,V | +.000 (0.00) | +.390 (9.91) | z | -.225 (5.72) | +.130 (3.30),unreviewed
MIL-STD-1560C.pdf,127,1,1,Contacts; (Insert arrangement 23-55) |  |  |  |  | ,unreviewed
MIL-STD-1560C.pdf,127,1,2,Contact; position; ID | Location |  | Contact; position ID | Location | ,unreviewed
MIL-STD-1560C.pdf,127,1,3, | X-axis; (mm) | Y-axis; (mm) |  | X-axis; (mm) | Y-axis; (mm),unreviewed
MIL-STD-1560C.pdf,127,1,4,W | +.112 (2.84) | +.325 (8.26) | AA | -.112 (2.84) | +.195 (4.95),unreviewed
MIL-STD-1560C.pdf,127,1,5,X | +.225 (5.72) | +.260 (6.60) | BB | +.000 (0.00) | +.130 (3.30),unreviewed
MIL-STD-1560C.pdf,127,1,6,Y | +.336 (8.53) | +.195 (4.95) | CC | +.112 (2.84) | +.065 (1.65),unreviewed
MIL-STD-1560C.pdf,127,1,7,Z | +.336 (8.53) | +.065 (1.65) | DD | +.112 (2.84) | -.065 (1.65),unreviewed
MIL-STD-1560C.pdf,127,1,8,a | +.336 (8.53) | -.065 (1.65) | EE | +.000 (0.00) | -.130 (3.30),unreviewed
MIL-STD-1560C.pdf,127,1,9,b | +.336 (8.53) | -.195 (4.95) | FF | -.112 (2.84) | -.065 (1.65),unreviewed
MIL-STD-1560C.pdf,127,1,10,c | +.225 (5.72) | -.260 (6.60) | GG | -.112 (2.84) | +.065 (1.65),unreviewed
MIL-STD-1560C.pdf,127,1,11,d | +.112 (2.84) | -.325 (8.26) | HH | +.000 (0.00) | +.000 (0.00),unreviewed
MIL-STD-1560C.pdf,127,1,12,e | +.000 (0.00) | -.390 (9.91) | --- | --- | ---,unreviewed
MIL-STD-1560C.pdf,127,2,1,Shell; size | Arrangement; no. | Number of; contacts | Size; contacts | Service; rating | Contact; location | Supersedes,unreviewed
MIL-STD-1560C.pdf,127,2,2,23 | -55 | 55 | 20 | I | All | ----,unreviewed
MIL-STD-1560C.pdf,128,1,1,Contacts; (Insert arrangement 23-97) |  |  |  |  | ,unreviewed
MIL-STD-1560C.pdf,128,1,2,Contact; position ID | Location |  | Contact; position ID | Location | ,unreviewed
MIL-STD-1560C.pdf,128,1,3, | X-axis; (mm) | Y-axis; (mm) |  | X-axis; (mm) | Y-axis; (mm),unreviewed
MIL-STD-1560C.pdf,128,1,4,A | +.000 (0.00) | +.344 (8.74) | J | -.328 (8.33) | -.239 (6.07),unreviewed
MIL-STD-1560C.pdf,128,1,5,B | +.210 (5.33) | +.270 (6.86) | K | -.400 (10.16) | -.065 (1.65),unreviewed
MIL-STD-1560C.pdf,128,1,6,C | +.386 (9.80) | +.123 (3.12) | L | -.386 (9.80) | +.123 (3.12),unreviewed
MIL-STD-1560C.pdf,128,1,7,D | +.400 (10.16) | -.065 (1.65) | M | -.210 (5.33) | +.270 (6.86),unreviewed
MIL-STD-1560C.pdf,128,1,8,E | +.328 (8.33) | -.239 (6.07) | N | +.000 (0.00) | +.156 (3.96),unreviewed
MIL-STD-1560C.pdf,128,1,9,F | +.183 (4.65) | -.362 (9.19) | P | +.120 (3.05) | -.030 (0.76),unreviewed
MIL-STD-1560C.pdf,128,1,10,G | +.000 (0.00) | -.406 (10.31) | R | +.000 (0.00) | -.218 (5.54),unreviewed
MIL-STD-1560C.pdf,128,1,11,H | -.183 (4.65) | -.362 (9.19) | S | -.120 (3.05) | -.030 (0.76),unreviewed
MIL-STD-1560C.pdf,128,2,1,Shell; size | Arrangement; no. | Number of; contacts | Size; contacts | Service; rating | Contact; location | Supersedes,unreviewed
MIL-STD-1560C.pdf,128,2,2,23 | -97 | 16 | 16 | I | All | MS20056-97,unreviewed
MIL-STD-1560C.pdf,129,1,1,Contacts; (Insert arrangement 23-99) |  |  |  |  | ,unreviewed
MIL-STD-1560C.pdf,129,1,2,Contact; position ID | Location |  | Contact; position ID | Location | ,unreviewed
MIL-STD-1560C.pdf,129,1,3, | X-axis; (mm) | Y-axis; (mm) |  | X-axis; (mm) | Y-axis; (mm),unreviewed
MIL-STD-1560C.pdf,129,1,4,A | +.000 (0.00) | +.404 (10.26) | G | -.404 (10.26) | +.000 (0.00),unreviewed
MIL-STD-1560C.pdf,129,1,5,B | +.300 (7.62) | +.270 (6.86) | H | -.300 (7.62) | +.270 (6.86),unreviewed
MIL-STD-1560C.pdf,129,1,6,C | +.404 (10.26) | +.000 (0.00) | J | +.120 (3.05) | +.150 (3.81),unreviewed
MIL-STD-1560C.pdf,129,1,7,D | +.240 (6.10) | -.210 (5.33) | K | +.000 (0.00) | -.060 (1.52),unreviewed
MIL-STD-1560C.pdf,129,1,8,E | +.000 (0.00) | -.300 (7.62) | L | -.120 (3.05) | +.150 (3.81),unreviewed
MIL-STD-1560C.pdf,129,1,9,F | -.240 (6.10) | -.210 (5.33) | --- | --- | ---,unreviewed
MIL-STD-1560C.pdf,129,2,1,Shell; size | Arrangement; no. | Number of; contacts | Size; contacts | Service; rating | Contact; location | Supersedes,unreviewed
MIL-STD-1560C.pdf,129,2,2,23 | -99 | 11 | 16 | II | All | MS20056-99,unreviewed
MIL-STD-1560C.pdf,130,1,1,Contacts; (Insert arrangement 25-1) |  |  |  |  | ,unreviewed
MIL-STD-1560C.pdf,130,1,2,Contact; position; ID | Location |  | Contact; position ID | Location | ,unreviewed
MIL-STD-1560C.pdf,130,1,3, | X-axis; (mm) | Y-axis; (mm) |  | X-axis; (mm) | Y-axis; (mm),unreviewed
MIL-STD-1560C.pdf,130,1,4,1 | -.479 (12.17) | +.279 (7.09) | 65 | +.000 (0.00) | -.047 (1.19),unreviewed
MIL-STD-1560C.pdf,130,1,5,2 | -.520 (13.21) | +.190 (4.83) | 66 | +.000 (0.00) | -.142 (3.61),unreviewed
MIL-STD-1560C.pdf,130,1,6,3 | -.546 (13.87) | +.095 (2.41) | 67 | +.000 (0.00) | -.237 (6.02),unreviewed
MIL-STD-1560C.pdf,130,1,7,4 | -.555 (14.10) | +.000 (0.00) | 68 | +.000 (0.00) | -.332 (8.43),unreviewed
MIL-STD-1560C.pdf,130,1,8,5 | -.546 (13.87) | -.095 (2.41) | 69 | +.000 (0.00) | -.427 (10.85),unreviewed
MIL-STD-1560C.pdf,130,1,9,6 | -.520 (13.21) | -.190 (4.83) | 70 | +.000 (0.00) | -.555 (14.10),unreviewed
MIL-STD-1560C.pdf,130,1,10,7 | -.479 (12.17) | -.279 (7.09) | 71 | +.083 (2.11) | +.475 (12.07),unreviewed
MIL-STD-1560C.pdf,130,1,11,8 | -.424 (10.77) | +.357 (9.07) | 72 | +.083 (2.11) | +.380 (9.65),unreviewed
MIL-STD-1560C.pdf,130,1,12,9 | -.415 (10.54) | +.190 (4.83) | 73 | +.083 (2.11) | +.285 (7.24),unreviewed
MIL-STD-1560C.pdf,130,1,13,10 | -.415 (10.54) | +.095 (2.41) | 74 | +.083 (2.11) | +.190 (4.83),unreviewed
MIL-STD-1560C.pdf,130,1,14,11 | -.415 (10.54) | +.000 (0.00) | 75 | +.083 (2.11) | +.095 (2.41),unreviewed
MIL-STD-1560C.pdf,130,1,15,12 | -.415 (10.54) | -.095 (2.41) | 76 | +.083 (2.11) | +.000 (0.00),unreviewed
MIL-STD-1560C.pdf,130,1,16,13 | -.415 (10.54) | -.190 (4.83) | 77 | +.083 (2.11) | -.095 (2.41),unreviewed
MIL-STD-1560C.pdf,130,1,17,14 | -.424 (10.77) | -.357 (9.07) | 78 | +.083 (2.11) | -.190 (4.83),unreviewed
MIL-STD-1560C.pdf,130,1,18,15 | -.332 (8.43) | +.444 (11.28) | 79 | +.083 (2.11) | -.285 (7.24),unreviewed
MIL-STD-1560C.pdf,130,1,19,16 | -.332 (8.43) | +.332 (8.43) | 80 | +.083 (2.11) | -.380 (9.65),unreviewed
MIL-STD-1560C.pdf,131,1,1,Contacts; (Insert arrangement 25-1) |  |  |  |  | ,unreviewed
MIL-STD-1560C.pdf,131,1,2,Contact; position ID | Location |  | Contact; position ID | Location | ,unreviewed
MIL-STD-1560C.pdf,131,1,3, | X-axis; (mm) | Y-axis; (mm) |  | X-axis; (mm) | Y-axis; (mm),unreviewed
MIL-STD-1560C.pdf,131,1,4,17 | -.332 (8.43) | +.237 (6.02) | 81 | +.083 (2.11) | -.475 (12.07),unreviewed
MIL-STD-1560C.pdf,131,1,5,18 | -.332 (8.43) | +.142 (3.61) | 82 | +.160 (4.06) | +.531 (13.49),unreviewed
MIL-STD-1560C.pdf,131,1,6,19 | -.332 (8.43) | +.047 (1.19) | 83 | +.166 (4.22) | +.427 (10.85),unreviewed
MIL-STD-1560C.pdf,131,1,7,20 | -.332 (8.43) | -.047 (1.19) | 84 | +.166 (4.22) | +.332 (8.43),unreviewed
MIL-STD-1560C.pdf,131,1,8,21 | -.332 (8.43) | -.142 (3.61) | 85 | +.166 (4.22) | +.237 (6.02),unreviewed
MIL-STD-1560C.pdf,131,1,9,22 | -.332 (8.43) | -.237 (6.02) | 86 | +.166 (4.22) | +.142 (3.61),unreviewed
MIL-STD-1560C.pdf,131,1,10,23 | -.332 (8.43) | -.332 (8.43) | 87 | +.166 (4.22) | +.047 (1.19),unreviewed
MIL-STD-1560C.pdf,131,1,11,24 | -.332 (8.43) | -.427 (10.85) | 88 | +.166 (4.22) | -.047 (1.19),unreviewed
MIL-STD-1560C.pdf,131,1,12,25 | -.249 (6.32) | +.496 (12.60) | 89 | +.166 (4.22) | -.142 (3.61),unreviewed
MIL-STD-1560C.pdf,131,1,13,26 | -.249 (6.32) | +.380 (9.65) | 90 | +.166 (4.22) | -.237 (6.02),unreviewed
MIL-STD-1560C.pdf,131,1,14,27 | -.249 (6.32) | +.285 (7.24) | 91 | +.166 (4.22) | -.332 (8.43),unreviewed
MIL-STD-1560C.pdf,131,1,15,28 | -.249 (6.32) | +.190 (4.83) | 92 | +.166 (4.22) | -.427 (10.85),unreviewed
MIL-STD-1560C.pdf,131,1,16,29 | -.249 (6.32) | +.095 (2.41) | 93 | +.166 (4.22) | -.522 (13.26),unreviewed
MIL-STD-1560C.pdf,131,1,17,30 | -.249 (6.32) | +.000 (0.00) | 94 | +.249 (6.32) | +.496 (12.60),unreviewed
MIL-STD-1560C.pdf,131,1,18,31 | -.249 (6.32) | -.095 (2.41) | 95 | +.249 (6.32) | +.380 (9.65),unreviewed
MIL-STD-1560C.pdf,131,1,19,32 | -.249 (6.32) | -.190 (4.83) | 96 | +.249 (6.32) | +.285 (7.24),unreviewed
MIL-STD-1560C.pdf,131,1,20,33 | -.249 (6.32) | -.285 (7.24) | 97 | +.249 (6.32) | +.190 (4.83),unreviewed
MIL-STD-1560C.pdf,131,1,21,34 | -.249 (6.32) | -.380 (9.65) | 98 | +.249 (6.32) | +.095 (2.41),unreviewed
MIL-STD-1560C.pdf,131,1,22,35 | -.249 (6.32) | -.475 (12.07) | 99 | +.249 (6.32) | +.000 (0.00),unreviewed
MIL-STD-1560C.pdf,131,1,23,36 | -.160 (4.06) | +.531 (13.49) | 100 | +.249 (6.32) | -.095 (2.41),unreviewed
MIL-STD-1560C.pdf,131,1,24,37 | -.166 (4.22) | +.427 (10.85) | 101 | +.249 (6.32) | -.190 (4.83),unreviewed
MIL-STD-1560C.pdf,131,1,25,38 | -.166 (4.22) | +.332 (8.43) | 102 | +.249 (6.32) | -.285 (7.24),unreviewed
MIL-STD-1560C.pdf,131,1,26,39 | -.166 (4.22) | +.237 (6.02) | 103 | +.249 (6.32) | -.380 (9.65),unreviewed
MIL-STD-1560C.pdf,131,1,27,40 | -.166 (4.22) | +.142 (3.61) | 104 | +.249 (6.32) | -.475 (12.07),unreviewed
MIL-STD-1560C.pdf,131,1,28,41 | -.166 (4.22) | +.047 (1.19) | 105 | +.332 (8.43) | +.444 (11.28),unreviewed
MIL-STD-1560C.pdf,131,1,29,42 | -.166 (4.22) | -.047 (1.19) | 106 | +.332 (8.43) | +.332 (8.43),unreviewed
MIL-STD-1560C.pdf,131,1,30,43 | -.166 (4.22) | -.142 (3.61) | 107 | +.332 (8.43) | +.237 (6.02),unreviewed
MIL-STD-1560C.pdf,131,1,31,44 | -.166 (4.22) | -.237 (6.02) | 108 | +.332 (8.43) | +.142 (3.61),unreviewed
MIL-STD-1560C.pdf,131,1,32,45 | -.166 (4.22) | -.332 (8.43) | 109 | +.332 (8.43) | +.047 (1.19),unreviewed
MIL-STD-1560C.pdf,131,1,33,46 | -.166 (4.22) | -.427 (10.85) | 110 | +.332 (8.43) | -.047 (1.19),unreviewed
MIL-STD-1560C.pdf,131,1,34,47 | -.166 (4.22) | -.522 (13.26) | 111 | +.332 (8.43) | -.142 (3.61),unreviewed
MIL-STD-1560C.pdf,131,1,35,48 | -.083 (2.11) | +.475 (12.07) | 112 | +.332 (8.43) | -.237 (6.02),unreviewed
MIL-STD-1560C.pdf,131,1,36,49 | -.083 (2.11) | +.380 (9.65) | 113 | +.332 (8.43) | -.332 (8.43),unreviewed
MIL-STD-1560C.pdf,132,1,1,Contacts; (Insert arrangement 25-1) |  |  |  |  | ,unreviewed
MIL-STD-1560C.pdf,132,1,2,Contact; position; ID | Location |  | Contact; position ID | Location | ,unreviewed
MIL-STD-1560C.pdf,132,1,3, | X-axis; (mm) | Y-axis; (mm) |  | X-axis; (mm) | Y-axis; (mm),unreviewed
MIL-STD-1560C.pdf,132,1,4,50 | -.083 (2.11) | +.285 (7.24) | 114 | +.332 (8.43) | -.427 (10.85),unreviewed
MIL-STD-1560C.pdf,132,1,5,51 | -.083 (2.11) | +.190 (4.83) | 115 | +.424 (10.77) | +.357 (9.07),unreviewed
MIL-STD-1560C.pdf,132,1,6,52 | -.083 (2.11) | +.095 (2.41) | 116 | +.415 (10.54) | +.190 (4.83),unreviewed
MIL-STD-1560C.pdf,132,1,7,53 | -.083 (2.11) | +.000 (0.00) | 117 | +.415 (10.54) | +.095 (2.41),unreviewed
MIL-STD-1560C.pdf,132,1,8,54 | -.083 (2.11) | -.095 (2.41) | 118 | +.415 (10.54) | +.000 (0.00),unreviewed
MIL-STD-1560C.pdf,132,1,9,55 | -.083 (2.11) | -.190 (4.83) | 119 | +.415 (10.54) | -.095 (2.41),unreviewed
MIL-STD-1560C.pdf,132,1,10,56 | -.083 (2.11) | -.285 (7.24) | 120 | +.415 (10.54) | -.190 (4.83),unreviewed
MIL-STD-1560C.pdf,132,1,11,57 | -.083 (2.11) | -.380 (9.65) | 121 | +.424 (10.77) | -.357 (9.07),unreviewed
MIL-STD-1560C.pdf,132,1,12,58 | -.083 (2.11) | -.475 (12.07) | 122 | +.479 (12.17) | +.279 (7.09),unreviewed
MIL-STD-1560C.pdf,132,1,13,59 | +.000 (0.00) | +.522 (13.26) | 123 | +.520 (13.21) | +.190 (4.83),unreviewed
MIL-STD-1560C.pdf,132,1,14,60 | +.000 (0.00) | +.427 (10.85) | 124 | +.546 (13.87) | +.095 (2.41),unreviewed
MIL-STD-1560C.pdf,132,1,15,61 | +.000 (0.00) | +.332 (8.43) | 125 | +.555 (14.10) | +.000 (0.00),unreviewed
MIL-STD-1560C.pdf,132,1,16,62 | +.000 (0.00) | +.237 (6.02) | 126 | +.546 (13.87) | -.095 (2.41),unreviewed
MIL-STD-1560C.pdf,132,1,17,63 | +.000 (0.00) | +.142 (3.61) | 127 | +.520 (13.21) | -.190 (4.83),unreviewed
MIL-STD-1560C.pdf,132,1,18,64 | +.000 (0.00) | +.047 (1.19) | 128 | +.479 (12.17) | -.279 (7.09),unreviewed
MIL-STD-1560C.pdf,132,2,1,Shell; size | Arrangement; no. | Number of; contacts | Size; contacts | Service; rating | Contact; location | Supersedes,unreviewed
MIL-STD-1560C.pdf,132,2,2,25 | -1 | 128 | 22M | M | All | MS20057-1,unreviewed
MIL-STD-1560C.pdf,133,1,1, |  |  |  |  |  |  | ,unreviewed
MIL-STD-1560C.pdf,133,1,2, |  |  |  |  |  |  | ,unreviewed
MIL-STD-1560C.pdf,133,1,3, |  |  |  |  |  |  | ,unreviewed
MIL-STD-1560C.pdf,133,1,4,Contacts; (Insert arrangement 25-2) |  |  |  |  |  |  | ,unreviewed
MIL-STD-1560C.pdf,133,1,5,Contact; position; ID | Location |  |  | Contact; position ID | Location |  | ,unreviewed
MIL-STD-1560C.pdf,133,1,6, | X-axis; (mm) |  | Y-axis; (mm) |  | X-axis; (mm) |  | Y-axis; (mm),unreviewed
MIL-STD-1560C.pdf,133,1,7,1 | -.550 (13.97) |  | +.039 (.99) | 51 | +.053 (1.35) |  | +.502 (12.75),unreviewed
MIL-STD-1560C.pdf,133,1,8,2 | -.550 (13.97) |  | -.068 (1.73) | 52 | +.053 (1.35) |  | +.397 (10.08),unreviewed
MIL-STD-1560C.pdf,133,1,9,3 | -.459 (11.66) |  | +.253 (6.43) | 53 | +.053 (1.35) |  | +.292 (7.42),unreviewed
MIL-STD-1560C.pdf,133,1,10,4 | -.523 (13.28) |  | +.175 (4.45) | 54 | +.053 (1.35) |  | +.187 (4.75),unreviewed
MIL-STD-1560C.pdf,133,1,11,5 | -.459 (11.66) |  | +.092 (2.34) | 55 | +.053 (1.35) |  | +.082 (2.08),unreviewed
MIL-STD-1560C.pdf,133,1,12,6 | -.459 (11.66) |  | -.014 (0.36) | 56 | +.053 (1.35) |  | -.023 (0.58),unreviewed
MIL-STD-1560C.pdf,133,1,13,7 | -.459 (11.66) |  | -.122 (3.10) | 57 | +.053 (1.35) |  | -.128 (3.25),unreviewed
MIL-STD-1560C.pdf,133,1,14,8 | -.509 (12.93) |  | -.215 (5.46) | 58 | +.053 (1.35) |  | -.233 (5.92),unreviewed
MIL-STD-1560C.pdf,133,1,15,9 | -.459 (11.66) |  | -.307 (7.80) | 59 | +.053 (1.35) |  | -.338 (8.59),unreviewed
MIL-STD-1560C.pdf,133,1,16,10 | -.354 (8.99) |  | +.420 (10.67) | 60 | +.053 (1.35) |  | -.443 (11.25),unreviewed
MIL-STD-1560C.pdf,133,1,17,11 | -.354 (8.99) |  | +.315 (8.00) | 61 | +.053 (1.35) |  | -.548 (13.92),unreviewed
MIL-STD-1560C.pdf,133,1,18,12 | -.354 (8.99) |  | +.210 (5.33) | 62 | +.154 (3.91) |  | +.525 (13.34),unreviewed
MIL-STD-1560C.pdf,133,1,19,13 | -.354 (8.99) |  | +.105 (2.67) | 63 | +.154 (3.91) |  | +.420 (10.67),unreviewed
MIL-STD-1560C.pdf,133,1,20,14 | -.354 (8.99) |  | +.000 (0.00) | 64 | +.154 (3.91) |  | +.315 (8.00),unreviewed
MIL-STD-1560C.pdf,133,1,21,15 | -.354 (8.99) |  | -.105 (2.67) | 65 | +.154 (3.91) |  | +.210 (5.33),unreviewed
MIL-STD-1560C.pdf,133,1,22,16 | -.354 (8.99) |  | -.210 (5.33) | 66 | +.154 (3.91) |  | +.105 (2.67),unreviewed
MIL-STD-1560C.pdf,134,1,1,Contacts; (Insert arrangement 25-2) |  |  |  |  | ,unreviewed
MIL-STD-1560C.pdf,134,1,2,Contact; position; ID | Location |  | Contact; position ID | Location | ,unreviewed
MIL-STD-1560C.pdf,134,1,3, | X-axis; (mm) | Y-axis; (mm) |  | X-axis; (mm) | Y-axis; (mm),unreviewed
MIL-STD-1560C.pdf,134,1,4,17 | -.354 (8.99) | -.315 (8.00) | 67 | +.154 (3.91) | +.000 (0.00),unreviewed
MIL-STD-1560C.pdf,134,1,5,18 | -.354 (8.99) | -.420 (10.67) | 68 | +.154 (3.91) | -.105 (2.67),unreviewed
MIL-STD-1560C.pdf,134,1,6,19 | -.255 (6.48) | +.457 (11.61) | 69 | +.154 (3.91) | -.210 (5.33),unreviewed
MIL-STD-1560C.pdf,134,1,7,20 | -.255 (6.48) | +.352 (8.94) | 70 | +.154 (3.91) | -.315 (8.00),unreviewed
MIL-STD-1560C.pdf,134,1,8,21 | -.255 (6.48) | +.247 (6.27) | 71 | +.154 (3.91) | -.420 (10.67),unreviewed
MIL-STD-1560C.pdf,134,1,9,22 | -.255 (6.48) | +.142 (3.61) | 72 | +.154 (3.91) | -.525 (13.34),unreviewed
MIL-STD-1560C.pdf,134,1,10,23 | -.255 (6.48) | +.037 (0.94) | 73 | +.255 (6.48) | +.457 (11.61),unreviewed
MIL-STD-1560C.pdf,134,1,11,24 | -.255 (6.48) | -.068 (1.73) | 74 | +.255 (6.48) | +.352 (8.94),unreviewed
MIL-STD-1560C.pdf,134,1,12,25 | -.255 (6.48) | -.173 (4.39) | 75 | +.255 (6.48) | +.247 (6.27),unreviewed
MIL-STD-1560C.pdf,134,1,13,26 | -.255 (6.48) | -.278 (7.06) | 76 | +.255 (6.48) | +.142 (3.61),unreviewed
MIL-STD-1560C.pdf,134,1,14,27 | -.255 (6.48) | -.383 (9.73) | 77 | +.255 (6.48) | +.037 (0.94),unreviewed
MIL-STD-1560C.pdf,134,1,15,28 | -.255 (6.48) | -.488 (12.40) | 78 | +.255 (6.48) | -.068 (1.73),unreviewed
MIL-STD-1560C.pdf,134,1,16,29 | -.154 (3.91) | +.525 (13.34) | 79 | +.255 (6.48) | -.173 (4.39),unreviewed
MIL-STD-1560C.pdf,134,1,17,30 | -.154 (3.91) | +.420 (10.67) | 80 | +.255 (6.48) | -.278 (7.06),unreviewed
MIL-STD-1560C.pdf,134,1,18,31 | -.154 (3.91) | +.315 (8.00) | 81 | +.255 (6.48) | -.383 (9.73),unreviewed
MIL-STD-1560C.pdf,134,1,19,32 | -.154 (3.91) | +.210 (5.33) | 82 | +.255 (6.48) | -.488 (12.40),unreviewed
MIL-STD-1560C.pdf,134,1,20,33 | -.154 (3.91) | +.105 (2.67) | 83 | +.354 (8.99) | +.420 (10.67),unreviewed
MIL-STD-1560C.pdf,134,1,21,34 | -.154 (3.91) | +.000 (0.00) | 84 | +.354 (8.99) | +.315 (8.00),unreviewed
MIL-STD-1560C.pdf,134,1,22,35 | -.154 (3.91) | -.105 (2.67) | 85 | +.354 (8.99) | +.210 (5.33),unreviewed
MIL-STD-1560C.pdf,134,1,23,36 | -.154 (3.91) | -.210 (5.33) | 86 | +.354 (8.99) | +.105 (2.67),unreviewed
MIL-STD-1560C.pdf,134,1,24,37 | -.154 (3.91) | -.315 (8.00) | 87 | +.354 (8.99) | +.000 (0.00),unreviewed
MIL-STD-1560C.pdf,134,1,25,38 | -.154 (3.91) | -.420 (10.67) | 88 | +.354 (8.99) | -.105 (2.67),unreviewed
MIL-STD-1560C.pdf,134,1,26,39 | -.154 (3.91) | -.525 (13.34) | 89 | +.354 (8.99) | -.210 (5.33),unreviewed
MIL-STD-1560C.pdf,134,1,27,40 | -.053 (1.35) | +.502 (12.75) | 90 | +.354 (8.99) | -.315 (8.00),unreviewed
MIL-STD-1560C.pdf,134,1,28,41 | -.053 (1.35) | +.397 (10.08) | 91 | +.354 (8.99) | -.420 (10.67),unreviewed
MIL-STD-1560C.pdf,134,1,29,42 | -.053 (1.35) | +.292 (7.42) | 92 | +.459 (11.66) | +.253 (6.43),unreviewed
MIL-STD-1560C.pdf,134,1,30,43 | -.053 (1.35) | +.187 (4.75) | 93 | +.523 (13.28) | +.175 (4.45),unreviewed
MIL-STD-1560C.pdf,134,1,31,44 | -.053 (1.35) | +.082 (2.08) | 94 | +.459 (11.66) | +.092 (2.34),unreviewed
MIL-STD-1560C.pdf,134,1,32,45 | -.053 (1.35) | -.023 (0.58) | 95 | +.459 (11.66) | -.014 (0.36),unreviewed
MIL-STD-1560C.pdf,135,1,1,Contacts; (Insert arrangement 25-2) |  |  |  |  | ,unreviewed
MIL-STD-1560C.pdf,135,1,2,Contact; position; ID | Location |  | Contact; position ID | Location | ,unreviewed
MIL-STD-1560C.pdf,135,1,3, | X-axis; (mm) | Y-axis; (mm) |  | X-axis; (mm) | Y-axis; (mm),unreviewed
MIL-STD-1560C.pdf,135,1,4,46 | -.053 (1.35) | -.128 (3.25) | 96 | +.459 (11.66) | -.122 (3.10),unreviewed
MIL-STD-1560C.pdf,135,1,5,47 | -.053 (1.35) | -.233 (5.92) | 97 | +.509 (12.93) | -.215 (5.46),unreviewed
MIL-STD-1560C.pdf,135,1,6,48 | -.053 (1.35) | -.338 (8.59) | 98 | +.459 (11.66) | -.307 (7.80),unreviewed
MIL-STD-1560C.pdf,135,1,7,49 | -.053 (1.35) | -.443 (11.25) | 99 | +.550 (13.97) | +.039 (0.99),unreviewed
MIL-STD-1560C.pdf,135,1,8,50 | -.053 (1.35) | -.548 (13.92) | 100 | +.550 (13.97) | -.068 (1.73),unreviewed
MIL-STD-1560C.pdf,135,2,1,Shell; size | Arrangement; no. | Number of; contacts | Size; contacts | Service; rating | Contact; location | Supersedes,unreviewed
MIL-STD-1560C.pdf,135,2,2,25 | -2 | 100 | 22 | M | All | MS20057-2,unreviewed
MIL-STD-1560C.pdf,136,1,1, |  |  |  |  |  |  | ,unreviewed
MIL-STD-1560C.pdf,136,1,2,Contacts; (Insert arrangement 25-4) |  |  |  |  |  |  | ,unreviewed
MIL-STD-1560C.pdf,136,1,3,Contact; position; ID | Location |  |  | Contact; position ID | Location |  | ,unreviewed
MIL-STD-1560C.pdf,136,1,4, | X-axis; (mm) |  | Y-axis; (mm) |  | X-axis; (mm) |  | Y-axis; (mm),unreviewed
MIL-STD-1560C.pdf,136,1,5,A | +.069 (1.75) |  | +.531 (13.49) | f | +.412 (10.46) |  | +.000 (0.00),unreviewed
MIL-STD-1560C.pdf,136,1,6,B | +.203 (5.16) |  | +.495 (12.57) | g | +.377 (9.58) |  | -.132 (3.35),unreviewed
MIL-STD-1560C.pdf,136,1,7,C | +.324 (8.23) |  | +.425 (10.80) | h | +.311 (7.90) |  | -.251 (6.38),unreviewed
MIL-STD-1560C.pdf,136,1,8,D | +.424 (10.77) |  | +.326 (8.28) | k | +.212 (5.38) |  | -.344 (8.74),unreviewed
MIL-STD-1560C.pdf,136,1,9,E | +.493 (12.52) |  | +.205 (5.21) | m | +.086 (2.18) |  | -.397 (10.08),unreviewed
MIL-STD-1560C.pdf,136,1,10,F | +.531 (13.49) |  | +.069 (1.75) | n | -.086 (2.18) |  | -.397 (10.08),unreviewed
MIL-STD-1560C.pdf,136,1,11,G | +.531 (13.49) |  | -.069 (1.75) | p | -.212 (5.38) |  | -.344 (8.74),unreviewed
MIL-STD-1560C.pdf,136,1,12,H | +.493 (12.52) |  | -.205 (5.21) | q | -.311 (7.90) |  | -.251 (6.38),unreviewed
MIL-STD-1560C.pdf,136,1,13,J | +.424 (10.77) |  | -.326 (8.28) | r | -.377 (9.58) |  | -.132 (3.35),unreviewed
MIL-STD-1560C.pdf,136,1,14,K | +.324 (8.23) |  | -.425 (10.80) | s | -.412 (10.46) |  | +.000 (0.00),unreviewed
MIL-STD-1560C.pdf,136,1,15,L | +.203 (5.16) |  | -.495 (12.57) | t | -.377 (9.58) |  | +.132 (3.35),unreviewed
MIL-STD-1560C.pdf,136,1,16,M | +.069 (1.75) |  | -.531 (13.49) | u | -.311 (7.90) |  | +.251 (6.38),unreviewed
MIL-STD-1560C.pdf,136,1,17,N | -.069 (1.75) |  | -.531 (13.49) | v | -.212 (5.38) |  | +.344 (8.74),unreviewed
MIL-STD-1560C.pdf,136,1,18,P | -.203 (5.16) |  | -.495 (12.57) | w | -.086 (2.18) |  | +.397 (10.08),unreviewed
MIL-STD-1560C.pdf,136,1,19,R | -.324 (8.23) |  | -.425 (10.80) | x | +.069 (1.75) |  | +.263 (6.68),unreviewed
MIL-STD-1560C.pdf,136,1,20,S | -.424 (10.77) |  | -.326 (8.28) | y | +.172 (4.37) |  | +.149 (3.78),unreviewed
MIL-STD-1560C.pdf,136,1,21,T | -.493 (12.52) |  | -.205 (5.21) | z | +.258 (6.55) |  | +.000 (0.00),unreviewed
MIL-STD-1560C.pdf,136,1,22,U | -.531 (13.49) |  | -.069 (1.75) | AA | +.172 (4.37) |  | -.149 (3.78),unreviewed
MIL-STD-1560C.pdf,136,1,23,V | -.531 (13.49) |  | +.069 (1.75) | BB | +.069 (1.75) |  | -.263 (6.68),unreviewed
MIL-STD-1560C.pdf,136,1,24,W | -.493 (12.52) |  | +.205 (5.21) | CC | -.069 (1.75) |  | -.263 (6.68),unreviewed
MIL-STD-1560C.pdf,137,1,1,Contacts; (Insert arrangement 25-4) |  |  |  |  | ,unreviewed
MIL-STD-1560C.pdf,137,1,2,Contact; position; ID | Location |  | Contact; position ID | Location | ,unreviewed
MIL-STD-1560C.pdf,137,1,3, | X-axis; (mm) | Y-axis; (mm) |  | X-axis; (mm) | Y-axis; (mm),unreviewed
MIL-STD-1560C.pdf,137,1,4,X | -.424 (10.77) | +.326 (8.28) | DD | -.172 (4.37) | -.149 (3.78),unreviewed
MIL-STD-1560C.pdf,137,1,5,Y | -.324 (8.23) | +.425 (10.80) | EE | -.258 (6.55) | +.000 (0.00),unreviewed
MIL-STD-1560C.pdf,137,1,6,Z | -.203 (5.16) | +.495 (12.57) | FF | -.172 (4.37) | +.149 (3.78),unreviewed
MIL-STD-1560C.pdf,137,1,7,a | -.069 (1.75) | +.531 (13.49) | GG | -.069 (1.75) | +.263 (6.68),unreviewed
MIL-STD-1560C.pdf,137,1,8,b | +.086 (2.18) | +.397 (10.08) | HH | +.000 (0.00) | +.132 (3.35),unreviewed
MIL-STD-1560C.pdf,137,1,9,c | +.212 (5.38) | +.344 (8.74) | JJ | +.086 (2.18) | +.000 (0.00),unreviewed
MIL-STD-1560C.pdf,137,1,10,d | +.311 (7.90) | +.251 (6.38) | KK | +.000 (0.00) | -.132 (3.35),unreviewed
MIL-STD-1560C.pdf,137,1,11,e | +.377 (9.58) | +.132 (3.35) | LL | -.086 (2.18) | +.000 (0.00),unreviewed
MIL-STD-1560C.pdf,137,2,1,Shell; size | Arrangement; no. | Number of; contacts | Size; contacts | Service; rating | Contact; location | Supersedes,unreviewed
MIL-STD-1560C.pdf,137,2,2,"25 | -4 | 8 | 16 | I | y, z, AA, DD,; EE, FF, LL, JJ | MS20057-4",unreviewed
MIL-STD-1560C.pdf,137,2,3, |  | 48 | 20 |  | All others | ,unreviewed
MIL-STD-1560C.pdf,138,1,1,Contacts; (Insert arrangement 25-7) |  |  |  |  | ,unreviewed
MIL-STD-1560C.pdf,138,1,2,Contact; position; ID | Location |  | Contact; position ID | Location | ,unreviewed
MIL-STD-1560C.pdf,138,1,3, | X-axis; (mm) | Y-axis; (mm) |  | X-axis; (mm) | Y-axis; (mm),unreviewed
MIL-STD-1560C.pdf,138,1,4,1 | -.494 (12.55) | +.242 (6.15) | 51 | +.000 (0.00) | -.106 (2.69),unreviewed
MIL-STD-1560C.pdf,138,1,5,2 | -.533 (13.54) | +.138 (3.51) | 52 | +.000 (0.00) | -.212 (5.38),unreviewed
MIL-STD-1560C.pdf,138,1,6,3 | -.550 (13.97) | +.028 (0.71) | 53 | +.000 (0.00) | -.310 (7.87),unreviewed
MIL-STD-1560C.pdf,138,1,7,4 | -.544 (13.82) | -.083 (2.11) | 54 | +.000 (0.00) | -.551 (14.00),unreviewed
MIL-STD-1560C.pdf,138,1,8,5 | -.516 (13.11) | -.191 (4.85) | 55 | +.056 (1.42) | +.548 (13.92),unreviewed
MIL-STD-1560C.pdf,138,1,9,6 | -.467 (11.86) | -.292 (7.42) | 56 | +.095 (2.41) | +.461 (11.71),unreviewed
MIL-STD-1560C.pdf,138,1,10,7 | -.435 (11.05) | +.337 (8.56) | 57 | +.068 (1.73) | +.370 (9.40),unreviewed
MIL-STD-1560C.pdf,138,1,11,8 | -.399 (10.13) | +.249 (6.32) | 58 | +.092 (2.34) | +.278 (7.06),unreviewed
MIL-STD-1560C.pdf,138,1,12,9 | -.441 (11.20) | +.163 (4.14) | 59 | +.095 (2.41) | +.183 (4.65),unreviewed
MIL-STD-1560C.pdf,138,1,13,10 | -.465 (11.81) | +.071 (1.80) | 60 | +.089 (2.26) | -.178 (4.52),unreviewed
MIL-STD-1560C.pdf,138,1,14,11 | -.470 (11.94) | -.024 (0.61) | 61 | +.094 (2.39) | -.277 (7.04),unreviewed
MIL-STD-1560C.pdf,138,1,15,12 | -.456 (11.58) | -.118 (3.00) | 62 | +.069 (1.75) | -.376 (9.55),unreviewed
MIL-STD-1560C.pdf,138,1,16,13 | -.423 (10.74) | -.207 (5.26) | 63 | +.048 (1.22) | -.468 (11.89),unreviewed
MIL-STD-1560C.pdf,138,1,17,14 | -.372 (9.45) | -.288 (7.32) | 64 | +.165 (4.19) | +.525 (13.34),unreviewed
MIL-STD-1560C.pdf,139,1,1,Contacts; (Insert arrangement 25-7) |  |  |  |  | ,unreviewed
MIL-STD-1560C.pdf,139,1,2,Contact; position ID | Location |  | Contact; position ID | Location | ,unreviewed
MIL-STD-1560C.pdf,139,1,3, | X-axis; (mm) | Y-axis; (mm) |  | X-axis; (mm) | Y-axis; (mm),unreviewed
MIL-STD-1560C.pdf,139,1,4,15 | -.399 (10.13) | -.379 (9.63) | 65 | +.186 (4.72) | +.433 (11.00),unreviewed
MIL-STD-1560C.pdf,139,1,5,16 | -.359 (9.12) | +.418 (10.62) | 66 | +.164 (4.17) | +.340 (8.64),unreviewed
MIL-STD-1560C.pdf,139,1,6,17 | -.341 (8.66) | +.324 (8.23) | 67 | +.181 (4.60) | +.225 (5.72),unreviewed
MIL-STD-1560C.pdf,139,1,7,18 | -.308 (7.82) | +.222 (5.64) | 68 | +.172 (4.37) | -.223 (5.66),unreviewed
MIL-STD-1560C.pdf,139,1,8,19 | -.303 (7.70) | -.223 (5.66) | 69 | +.159 (4.04) | -.347 (8.81),unreviewed
MIL-STD-1560C.pdf,139,1,9,20 | -.307 (7.80) | -.357 (9.07) | 70 | +.141 (3.58) | -.449 (11.40),unreviewed
MIL-STD-1560C.pdf,139,1,10,21 | -.314 (7.98) | -.452 (11.48) | 71 | +.111 (2.82) | -.539 (13.69),unreviewed
MIL-STD-1560C.pdf,139,1,11,22 | -.267 (6.78) | +.481 (12.22) | 72 | +.267 (6.78) | +.481 (12.22),unreviewed
MIL-STD-1560C.pdf,139,1,12,23 | -.269 (6.83) | +.386 (9.80) | 73 | +.269 (6.83) | +.386 (9.80),unreviewed
MIL-STD-1560C.pdf,139,1,13,24 | -.247 (6.27) | +.294 (7.47) | 74 | +.247 (6.27) | +.294 (7.47),unreviewed
MIL-STD-1560C.pdf,139,1,14,25 | -.238 (6.05) | +.000 (0.00) | 75 | +.238 (6.05) | +.000 (0.00),unreviewed
MIL-STD-1560C.pdf,139,1,15,26 | -.237 (6.02) | -.292 (7.42) | 76 | +.237 (6.02) | -.292 (7.42),unreviewed
MIL-STD-1560C.pdf,139,1,16,27 | -.228 (5.79) | -.412 (10.46) | 77 | +.228 (5.79) | -.412 (10.46),unreviewed
MIL-STD-1560C.pdf,139,1,17,28 | -.217 (5.51) | -.506 (12.85) | 78 | +.217 (5.51) | -.506 (12.85),unreviewed
MIL-STD-1560C.pdf,139,1,18,29 | -.165 (4.19) | +.525 (13.34) | 79 | +.359 (9.12) | +.418 (10.62),unreviewed
MIL-STD-1560C.pdf,139,1,19,30 | -.186 (4.72) | +.433 (11.00) | 80 | +.341 (8.66) | +.324 (8.23),unreviewed
MIL-STD-1560C.pdf,139,1,20,31 | -.164 (4.17) | +.340 (8.64) | 81 | +.308 (7.82) | +.222 (5.64),unreviewed
MIL-STD-1560C.pdf,139,1,21,32 | -.181 (4.60) | +.225 (5.72) | 82 | +.303 (7.70) | -.223 (5.66),unreviewed
MIL-STD-1560C.pdf,139,1,22,33 | -.172 (4.37) | -.223 (5.66) | 83 | +.307 (7.80) | -.357 (9.07),unreviewed
MIL-STD-1560C.pdf,139,1,23,34 | -.159 (4.04) | -.347 (8.81) | 84 | +.314 (7.98) | -.452 (11.48),unreviewed
MIL-STD-1560C.pdf,139,1,24,35 | -.141 (3.58) | -.449 (11.40) | 85 | +.435 (11.05) | +.337 (8.56),unreviewed
MIL-STD-1560C.pdf,139,1,25,36 | -.111 (2.82) | -.539 (13.69) | 86 | +.399 (10.13) | +.249 (6.32),unreviewed
MIL-STD-1560C.pdf,139,1,26,37 | -.056 (1.42) | +.548 (13.92) | 87 | +.441 (11.20) | +.163 (4.14),unreviewed
MIL-STD-1560C.pdf,139,1,27,38 | -.095 (2.41) | +.461 (11.71) | 88 | +.465 (11.81) | +.071 (1.80),unreviewed
MIL-STD-1560C.pdf,139,1,28,39 | -.068 (1.73) | +.370 (9.40) | 89 | +.470 (11.94) | -.024 (.61),unreviewed
MIL-STD-1560C.pdf,139,1,29,40 | -.092 (2.34) | +.278 (7.06) | 90 | +.456 (11.58) | -.118 (3.00),unreviewed
MIL-STD-1560C.pdf,139,1,30,41 | -.095 (2.41) | +.183 (4.65) | 91 | +.423 (10.74) | -.207 (5.26),unreviewed
MIL-STD-1560C.pdf,139,1,31,42 | -.089 (2.26) | -.178 (4.52) | 92 | +.372 (9.45) | -.288 (7.32),unreviewed
MIL-STD-1560C.pdf,140,1,1,Contacts; (Insert arrangement 25-7) |  |  |  |  | ,unreviewed
MIL-STD-1560C.pdf,140,1,2,Contact; position; ID | Location |  | Contact; position ID | Location | ,unreviewed
MIL-STD-1560C.pdf,140,1,3, | X-axis; (mm) | Y-axis; (mm) |  | X-axis; (mm) | Y-axis; (mm),unreviewed
MIL-STD-1560C.pdf,140,1,4,43 | -.094 (2.39) | -.277 (7.04) | 93 | +.399 (10.13) | -.379 (9.63),unreviewed
MIL-STD-1560C.pdf,140,1,5,44 | -.069 (1.75) | -.376 (9.55) | 94 | +.494 (12.55) | +.242 (6.15),unreviewed
MIL-STD-1560C.pdf,140,1,6,45 | -.048 (1.22) | -.468 (11.89) | 95 | +.533 (13.54) | +.138 (3.51),unreviewed
MIL-STD-1560C.pdf,140,1,7,46 | +.000 (0.00) | +.471 (11.96) | 96 | +.550 (13.97) | +.028 (0.71),unreviewed
MIL-STD-1560C.pdf,140,1,8,47 | +.000 (0.00) | +.303 (7.70) | 97 | +.544 (13.82) | -.083 (2.11),unreviewed
MIL-STD-1560C.pdf,140,1,9,48 | +.000 (0.00) | +.208 (5.28) | 98 | +.516 (13.11) | -.191 (4.85),unreviewed
MIL-STD-1560C.pdf,140,1,10,49 | +.000 (0.00) | +.104 (2.64) | 99 | +.467 (11.86) | -.292 (7.42),unreviewed
MIL-STD-1560C.pdf,140,1,11,50 | +.000 (0.00) | +.000 (0.00) | --- | --- | ---,unreviewed
MIL-STD-1560C.pdf,140,2,1,Shell; size | Arrange-; ment no. | Number; of; contacts | Size; contacts | Service; rating | Contact; location | Standard contact | ,unreviewed
MIL-STD-1560C.pdf,140,2,2, |  |  |  |  |  | Pin | Socket,unreviewed
MIL-STD-1560C.pdf,140,2,3,"25 | -7 | 2 | 8; (See note) | Twinax | 25, 75 | M39029/90-529 | M39029/91-530",unreviewed
MIL-STD-1560C.pdf,140,2,4, |  | 97 | 22D | M | All others | M39029/58-360 | M39029/56-348,unreviewed
MIL-STD-1560C.pdf,141,1,1,Contacts; (Insert arrangement 25-8) |  | ,unreviewed
MIL-STD-1560C.pdf,141,1,2,Contact; position; ID | Contact location | ,unreviewed
MIL-STD-1560C.pdf,141,1,3, | X-axis; (mm) | Y-axis; (mm),unreviewed
MIL-STD-1560C.pdf,141,1,4,A | +.000 (0.00) | +.426 (10.82),unreviewed
MIL-STD-1560C.pdf,141,1,5,B | +.333 (8.46) | +.266 (6.76),unreviewed
MIL-STD-1560C.pdf,141,1,6,C | +.415 (10.54) | -.095 (2.41),unreviewed
MIL-STD-1560C.pdf,141,1,7,D | +.185 (4.70) | -.384 (9.75),unreviewed
MIL-STD-1560C.pdf,141,1,8,E | -.185 (4.70) | -.384 (9.75),unreviewed
MIL-STD-1560C.pdf,141,1,9,F | -.415 (10.54) | -.095 (2.41),unreviewed
MIL-STD-1560C.pdf,141,1,10,G | -.333 (8.46) | +.266 (6.76),unreviewed
MIL-STD-1560C.pdf,141,1,11,H | +.000 (0.00) | +.000 (0.00),unreviewed
MIL-STD-1560C.pdf,141,2,1,Shell; size | Arrange-; ment no. | Number; of; contacts | Size; contacts | Service; rating | Contact; location | Standard contact | ,unreviewed
MIL-STD-1560C.pdf,141,2,2, |  |  |  |  |  | Pin | Socket,unreviewed
MIL-STD-1560C.pdf,141,2,3,25 | -8 | 8 | 8 | Twinax | All | M39029/90-529 | M39029/91-530,unreviewed
MIL-STD-1560C.pdf,142,1,1,Contacts; (Insert arrangement 25-9) |  |  |  |  | ,unreviewed
MIL-STD-1560C.pdf,142,1,2,Contact; position; ID | Location |  | Contact; position ID | Location | ,unreviewed
MIL-STD-1560C.pdf,142,1,3, | X-axis; (mm) | Y-axis; (mm) |  | X-axis; (mm) | Y-axis; (mm),unreviewed
MIL-STD-1560C.pdf,142,1,4,1 | -.494 (12.55) | +.242 (6.15) | 51 | +.000 (0.00) | -.106 (2.69),unreviewed
MIL-STD-1560C.pdf,142,1,5,2 | -.533 (13.54) | +.138 (3.51) | 52 | +.000 (0.00) | -.212 (5.38),unreviewed
MIL-STD-1560C.pdf,142,1,6,3 | -.550 (13.97) | +.028 (0.71) | 53 | +.000 (0.00) | -.310 (7.87),unreviewed
MIL-STD-1560C.pdf,142,1,7,4 | -.544 (13.82) | -.083 (2.11) | 54 | +.000 (0.00) | -.551 (14.00),unreviewed
MIL-STD-1560C.pdf,142,1,8,5 | -.516 (13.11) | -.191 (4.85) | 55 | +.056 (1.42) | +.548 (13.92),unreviewed
MIL-STD-1560C.pdf,142,1,9,6 | -.467 (11.86) | -.292 (7.42) | 56 | +.095 (2.41) | +.461 (11.71),unreviewed
MIL-STD-1560C.pdf,142,1,10,7 | -.435 (11.05) | +.337 (8.56) | 57 | +.068 (1.73) | +.370 (9.40),unreviewed
MIL-STD-1560C.pdf,142,1,11,8 | -.399 (10.13) | +.249 (6.32) | 58 | +.092 (2.34) | +.278 (7.06),unreviewed
MIL-STD-1560C.pdf,142,1,12,9 | -.441 (11.20) | +.163 (4.14) | 59 | +.095 (2.41) | +.183 (4.65),unreviewed
MIL-STD-1560C.pdf,142,1,13,10 | -.465 (11.81) | +.071 (1.80) | 60 | +.089 (2.26) | -.178 (4.52),unreviewed
MIL-STD-1560C.pdf,142,1,14,11 | -.470 (11.94) | -.024 (0.61) | 61 | +.094 (2.39) | -.277 (7.04),unreviewed
MIL-STD-1560C.pdf,142,1,15,12 | -.456 (11.58) | -.118 (3.00) | 62 | +.069 (1.75) | -.376 (9.55),unreviewed
MIL-STD-1560C.pdf,142,1,16,13 | -.423 (10.74) | -.207 (5.26) | 63 | +.048 (1.22) | -.468 (11.89),unreviewed
MIL-STD-1560C.pdf,142,1,17,14 | -.372 (9.45) | -.288 (7.32) | 64 | +.165 (4.19) | +.525 (13.34),unreviewed
MIL-STD-1560C.pdf,143,1,1,Contacts; (Insert arrangement 25-9) |  |  |  |  | ,unreviewed
MIL-STD-1560C.pdf,143,1,2,Contact; position ID | Location |  | Contact; position ID | Location | ,unreviewed
MIL-STD-1560C.pdf,143,1,3, | X-axis; (mm) | Y-axis; (mm) |  | X-axis; (mm) | Y-axis; (mm),unreviewed
MIL-STD-1560C.pdf,143,1,4,15 | -.399 (10.13) | -.379 (9.63) | 65 | +.186 (4.72) | +.433 (11.00),unreviewed
MIL-STD-1560C.pdf,143,1,5,16 | -.359 (9.12) | +.418 (10.62) | 66 | +.164 (4.17) | +.340 (8.64),unreviewed
MIL-STD-1560C.pdf,143,1,6,17 | -.341 (8.66) | +.324 (8.23) | 67 | +.181 (4.60) | +.225 (5.72),unreviewed
MIL-STD-1560C.pdf,143,1,7,18 | -.308 (7.82) | +.222 (5.64) | 68 | +.172 (4.37) | -.223 (5.66),unreviewed
MIL-STD-1560C.pdf,143,1,8,19 | -.303 (7.70) | -.223 (5.66) | 69 | +.159 (4.04) | -.347 (8.81),unreviewed
MIL-STD-1560C.pdf,143,1,9,20 | -.307 (7.80) | -.357 (9.07) | 70 | +.141 (3.58) | -.449 (11.40),unreviewed
MIL-STD-1560C.pdf,143,1,10,21 | -.314 (7.98) | -.452 (11.48) | 71 | +.111 (2.82) | -.539 (13.69),unreviewed
MIL-STD-1560C.pdf,143,1,11,22 | -.267 (6.78) | +.481 (12.22) | 72 | +.267 (6.78) | +.481 (12.22),unreviewed
MIL-STD-1560C.pdf,143,1,12,23 | -.269 (6.83) | +.386 (9.80) | 73 | +.269 (6.83) | +.386 (9.80),unreviewed
MIL-STD-1560C.pdf,143,1,13,24 | -.247 (6.27) | +.294 (7.47) | 74 | +.247 (6.27) | +.294 (7.47),unreviewed
MIL-STD-1560C.pdf,143,1,14,25 | -.238 (6.05) | +.000 (0.00) | 75 | +.238 (6.05) | +.000 (0.00),unreviewed
MIL-STD-1560C.pdf,143,1,15,26 | -.237 (6.02) | -.292 (7.42) | 76 | +.237 (6.02) | -.292 (7.42),unreviewed
MIL-STD-1560C.pdf,143,1,16,27 | -.228 (5.79) | -.412 (10.46) | 77 | +.228 (5.79) | -.412 (10.46),unreviewed
MIL-STD-1560C.pdf,143,1,17,28 | -.217 (5.51) | -.506 (12.85) | 78 | +.217 (5.51) | -.506 (12.85),unreviewed
MIL-STD-1560C.pdf,143,1,18,29 | -.165 (4.19) | +.525 (13.34) | 79 | +.359 (9.12) | +.418 (10.62),unreviewed
MIL-STD-1560C.pdf,143,1,19,30 | -.186 (4.72) | +.433 (11.00) | 80 | +.341 (8.66) | +.324 (8.23),unreviewed
MIL-STD-1560C.pdf,143,1,20,31 | -.164 (4.17) | +.340 (8.64) | 81 | +.308 (7.82) | +.222 (5.64),unreviewed
MIL-STD-1560C.pdf,143,1,21,32 | -.181 (4.60) | +.225 (5.72) | 82 | +.303 (7.70) | -.223 (5.66),unreviewed
MIL-STD-1560C.pdf,143,1,22,33 | -.172 (4.37) | -.223 (5.66) | 83 | +.307 (7.80) | -.357 (9.07),unreviewed
MIL-STD-1560C.pdf,143,1,23,34 | -.159 (4.04) | -.347 (8.81) | 84 | +.314 (7.98) | -.452 (11.48),unreviewed
MIL-STD-1560C.pdf,143,1,24,35 | -.141 (3.58) | -.449 (11.40) | 85 | +.435 (11.05) | +.337 (8.56),unreviewed
MIL-STD-1560C.pdf,143,1,25,36 | -.111 (2.82) | -.539 (13.69) | 86 | +.399 (10.13) | +.249 (6.32),unreviewed
MIL-STD-1560C.pdf,143,1,26,37 | -.056 (1.42) | +.548 (13.92) | 87 | +.441 (11.20) | +.163 (4.14),unreviewed
MIL-STD-1560C.pdf,143,1,27,38 | -.095 (2.41) | +.461 (11.71) | 88 | +.465 (11.81) | +.071 (1.80),unreviewed
MIL-STD-1560C.pdf,143,1,28,39 | -.068 (1.73) | +.370 (9.40) | 89 | +.470 (11.94) | -.024 (.61),unreviewed
MIL-STD-1560C.pdf,143,1,29,40 | -.092 (2.34) | +.278 (7.06) | 90 | +.456 (11.58) | -.118 (3.00),unreviewed
MIL-STD-1560C.pdf,143,1,30,41 | -.095 (2.41) | +.183 (4.65) | 91 | +.423 (10.74) | -.207 (5.26),unreviewed
MIL-STD-1560C.pdf,143,1,31,42 | -.089 (2.26) | -.178 (4.52) | 92 | +.372 (9.45) | -.288 (7.32),unreviewed
MIL-STD-1560C.pdf,144,1,1,Contacts; (Insert arrangement 25-9) |  |  |  |  | ,unreviewed
MIL-STD-1560C.pdf,144,1,2,Contact; position; ID | Location |  | Contact; position ID | Location | ,unreviewed
MIL-STD-1560C.pdf,144,1,3, | X-axis; (mm) | Y-axis; (mm) |  | X-axis; (mm) | Y-axis; (mm),unreviewed
MIL-STD-1560C.pdf,144,1,4,43 | -.094 (2.39) | -.277 (7.04) | 93 | +.399 (10.13) | -.379 (9.63),unreviewed
MIL-STD-1560C.pdf,144,1,5,44 | -.069 (1.75) | -.376 (9.55) | 94 | +.494 (12.55) | +.242 (6.15),unreviewed
MIL-STD-1560C.pdf,144,1,6,45 | -.048 (1.22) | -.468 (11.89) | 95 | +.533 (13.54) | +.138 (3.51),unreviewed
MIL-STD-1560C.pdf,144,1,7,46 | +.000 (0.00) | +.471 (11.96) | 96 | +.550 (13.97) | +.028 (0.71),unreviewed
MIL-STD-1560C.pdf,144,1,8,47 | +.000 (0.00) | +.303 (7.70) | 97 | +.544 (13.82) | -.083 (2.11),unreviewed
MIL-STD-1560C.pdf,144,1,9,48 | +.000 (0.00) | +.208 (5.28) | 98 | +.516 (13.11) | -.191 (4.85),unreviewed
MIL-STD-1560C.pdf,144,1,10,49 | +.000 (0.00) | +.104 (2.64) | 99 | +.467 (11.86) | -.292 (7.42),unreviewed
MIL-STD-1560C.pdf,144,1,11,50 | +.000 (0.00) | +.000 (0.00) | --- | --- | ---,unreviewed
MIL-STD-1560C.pdf,144,2,1,Shell; size | Arrange-; ment no. | Number; of; contacts | Size; contacts | Service; rating | Contact; location | Standard contact | ,unreviewed
MIL-STD-1560C.pdf,144,2,2, |  |  |  |  |  | Pin | Socket,unreviewed
MIL-STD-1560C.pdf,144,2,3,"25 | -9 | 2 | 8; (See note) | Twinax | 25, 75 | M39029/113-625 | M39029/114-628",unreviewed
MIL-STD-1560C.pdf,144,2,4, |  | 97 | 22D | M | All others | M39029/58-360 | M39029/56-348,unreviewed
MIL-STD-1560C.pdf,145,1,1, | Contacts; (Insert arrangement 25-10) |  |  | ,unreviewed
MIL-STD-1560C.pdf,145,1,2, | Contact; position; ID | Contact location |  | ,unreviewed
MIL-STD-1560C.pdf,145,1,3, |  | X-axis; (mm) | Y-axis; (mm) | ,unreviewed
MIL-STD-1560C.pdf,145,1,4, | A | +.000 (0.00) | +.426 (10.82) | ,unreviewed
MIL-STD-1560C.pdf,145,1,5, | B | +.333 (8.46) | +.266 (6.76) | ,unreviewed
MIL-STD-1560C.pdf,145,1,6, | C | +.415 (10.54) | -.095 (2.41) | ,unreviewed
MIL-STD-1560C.pdf,145,1,7, | D | +.185 (4.70) | -.384 (9.75) | ,unreviewed
MIL-STD-1560C.pdf,145,1,8, | E | -.185 (4.70) | -.384 (9.75) | ,unreviewed
MIL-STD-1560C.pdf,145,1,9, | F | -.415 (10.54) | -.095 (2.41) | ,unreviewed
MIL-STD-1560C.pdf,145,1,10, | G | -.333 (8.46) | +.266 (6.76) | ,unreviewed
MIL-STD-1560C.pdf,145,1,11, | H | +.000 (0.00) | +.000 (0.00) | ,unreviewed
MIL-STD-1560C.pdf,145,2,1,Shell; size | Arrange-; ment no. | Number; of; contacts | Size; contacts | Service; rating | Contact; location | Standard contact | ,unreviewed
MIL-STD-1560C.pdf,145,2,2, |  |  |  |  |  | Pin | Socket,unreviewed
MIL-STD-1560C.pdf,145,2,3,25 | -10 | 8 | 8 | Twinax | All | M39029/113-625 | M39029/114-628,unreviewed
MIL-STD-1560C.pdf,146,1,1,Contacts; (Insert arrangement 25-11) |  |  |  |  | ,unreviewed
MIL-STD-1560C.pdf,146,1,2,Contact; position ID | Location |  | Contact; position ID | Location | ,unreviewed
MIL-STD-1560C.pdf,146,1,3, | X-axis; (mm) | Y-axis; (mm) |  | X-axis; (mm) | Y-axis; (mm),unreviewed
MIL-STD-1560C.pdf,146,1,4,A | +.000 (0.00) | +.431 (10.95) | G | -.431 (10.95) | +.000 (0.00),unreviewed
MIL-STD-1560C.pdf,146,1,5,B | +.304 (7.72) | +.304 (7.72) | H | -.304 (7.72) | +.304 (7.72),unreviewed
MIL-STD-1560C.pdf,146,1,6,C | +.431 (10.95) | +.000 (0.00) | J | +.000 (0.00) | +.102 (2.59),unreviewed
MIL-STD-1560C.pdf,146,1,7,D | +.304 (7.72) | -.304 (7.72) | K | +.092 (2.34) | -.160 (4.06),unreviewed
MIL-STD-1560C.pdf,146,1,8,E | +.000 (0.00) | -.431 (10.95) | L | -.092 (2.34) | -.160 (4.06),unreviewed
MIL-STD-1560C.pdf,146,1,9,F | -.304 (7.72) | -.304 (7.72) | --- | --- | ---,unreviewed
MIL-STD-1560C.pdf,146,2,1,Shell; size | Arrangement; no. | Number of; contacts | Size; contacts | Service; rating | Contact; location,unreviewed
MIL-STD-1560C.pdf,146,2,2,"25 | -11 | 9 | 10 | N | A,B,C,D,E,F,; G,H,J",unreviewed
MIL-STD-1560C.pdf,146,2,3," |  | 2 | 20 |  | L,K",unreviewed
MIL-STD-1560C.pdf,147,1,1,Contacts; (Insert arrangement 25-19) |  |  |  |  | ,unreviewed
MIL-STD-1560C.pdf,147,1,2,Contact; position ID | Location |  | Contact; position ID | Location | ,unreviewed
MIL-STD-1560C.pdf,147,1,3, | X-axis; (mm) | Y-axis; (mm) |  | X-axis; (mm) | Y-axis; (mm),unreviewed
MIL-STD-1560C.pdf,147,1,4,A | +.000 (0.00) | +.409 (10.39) | L | -.354 (8.99) | +.205 (5.21),unreviewed
MIL-STD-1560C.pdf,147,1,5,B | +.236 (5.99) | +.409 (10.39) | M | -.236 (5.99) | +.409 (10.39),unreviewed
MIL-STD-1560C.pdf,147,1,6,C | +.354 (8.99) | +.205 (5.21) | N | -.118 (3.00) | +.205 (5.21),unreviewed
MIL-STD-1560C.pdf,147,1,7,D | +.472 (11.99) | +.000 (0.00) | P | +.118 (3.00) | +.205 (5.21),unreviewed
MIL-STD-1560C.pdf,147,1,8,E | +.354 (8.99) | -.205 (5.21) | R | +.236 (5.99) | +.000 (0.00),unreviewed
MIL-STD-1560C.pdf,147,1,9,F | +.236 (5.99) | -.409 (10.39) | S | +.118 (3.00) | -.205 (5.21),unreviewed
MIL-STD-1560C.pdf,147,1,10,G | +.000 (.00) | -.409 (10.39) | T | -.118 (3.00) | -.205 (5.21),unreviewed
MIL-STD-1560C.pdf,147,1,11,H | -.236 (5.99) | -.409 (10.39) | U | -.236 (5.99) | +.000 (0.00),unreviewed
MIL-STD-1560C.pdf,147,1,12,J | -.354 (8.99) | -.205 (5.21) | V | +.000 (0.00) | +.000 (0.00),unreviewed
MIL-STD-1560C.pdf,147,1,13,K | -.472 (11.99) | +.000 (0.00) | --- | --- | ---,unreviewed
MIL-STD-1560C.pdf,147,2,1,Shell; size | Arrangement; no. | Number of; contacts | Size; contacts | Service; rating | Contact; location | Supersedes,unreviewed
MIL-STD-1560C.pdf,147,2,2,25 | -19 | 19 | 12 | I | All | MS20057-19,unreviewed
MIL-STD-1560C.pdf,148,1,1,Contacts; (Insert arrangement 25-20) |  |  |  |  | ,unreviewed
MIL-STD-1560C.pdf,148,1,2,Contact; position; ID | Location |  | Contact; position ID | Location | ,unreviewed
MIL-STD-1560C.pdf,148,1,3, | X-axis; (mm) | Y-axis; (mm) |  | X-axis; (mm) | Y-axis; (mm),unreviewed
MIL-STD-1560C.pdf,148,1,4,A | +.000 (0.00) | +.407 (10.34) | S | -.234 (5.94) | +.511 (12.98),unreviewed
MIL-STD-1560C.pdf,148,1,5,B | +.234 (5.94) | +.511 (12.98) | T | +.243 (6.17) | +.270 (6.86),unreviewed
MIL-STD-1560C.pdf,148,1,6,C | +.352 (8.94) | +.411 (10.44) | U | +.357 (9.07) | +.136 (3.45),unreviewed
MIL-STD-1560C.pdf,148,1,7,D | +.466 (11.84) | +.275 (6.99) | V | +.450 (11.43) | -.183 (4.65),unreviewed
MIL-STD-1560C.pdf,148,1,8,E | +.530 (13.46) | +.111 (2.82) | W | +.000 (0.00) | -.131 (3.33),unreviewed
MIL-STD-1560C.pdf,148,1,9,F | +.537 (13.64) | -.060 (1.52) | X | -.450 (11.43) | -.183 (4.65),unreviewed
MIL-STD-1560C.pdf,148,1,10,G | +.467 (11.86) | -.312 (7.92) | Y | -.357 (9.07) | +.136 (3.45),unreviewed
MIL-STD-1560C.pdf,148,1,11,H | +.208 (5.28) | -.353 (8.97) | Z | -.243 (6.17) | +.270 (6.86),unreviewed
MIL-STD-1560C.pdf,148,1,12,J | +.000 (0.00) | -.541 (13.74) | 1 | +.195 (4.95) | +.115 (2.92),unreviewed
MIL-STD-1560C.pdf,148,1,13,K | -.208 (5.28) | -.353 (8.97) | 2 | +.317 (8.05) | -.061 (1.55),unreviewed
MIL-STD-1560C.pdf,148,1,14,L | -.467 (11.86) | -.312 (7.92) | 3 | -.317 (8.05) | -.061 (1.55),unreviewed
MIL-STD-1560C.pdf,148,1,15,M | -.537 (13.64) | -.060 (1.52) | 4 | -.195 (4.95) | +.115 (2.92),unreviewed
MIL-STD-1560C.pdf,149,1,1,Contacts; (Insert arrangement 25-20) |  |  |  |  | ,unreviewed
MIL-STD-1560C.pdf,149,1,2,Contact; position; ID | Location |  | Contact; position ID | Location | ,unreviewed
MIL-STD-1560C.pdf,149,1,3, | X-axis; (mm) | Y-axis; (mm) |  | X-axis; (mm) | Y-axis; (mm),unreviewed
MIL-STD-1560C.pdf,149,1,4,N | -.530 (13.46) | +.111 (2.82) | 5 | +.000 (0.00) | +.099 (2.51),unreviewed
MIL-STD-1560C.pdf,149,1,5,P | -.466 (11.84) | +.275 (6.99) | 6 | +.141 (3.58) | -.018 (0.46),unreviewed
MIL-STD-1560C.pdf,149,1,6,R | -.352 (8.94) | +.411 (10.44) | 7 | -.141 (3.58) | -.018 (0.46),unreviewed
MIL-STD-1560C.pdf,149,2,1,Shell; size | Arrange-; ment no. | Number; of; contacts | Size; contacts | Service; rating | Contact; location | Standard contact | ,unreviewed
MIL-STD-1560C.pdf,149,2,2, |  |  |  |  |  | Pin | Socket,unreviewed
MIL-STD-1560C.pdf,149,2,3,"25 | -20 | 3 | 8 | Twinax | A,H,K | M39029/90-529 | M39029/91-530",unreviewed
MIL-STD-1560C.pdf,149,2,4," |  | 4 | 12 | Coax | 2 ,3 | M39029/28-211 | M39029/75-416",unreviewed
MIL-STD-1560C.pdf,149,2,5," |  |  |  |  | W, 5 | M39029/102-558 | M39029/103-559",unreviewed
MIL-STD-1560C.pdf,149,2,6," |  | 13 | 16 | N | C,D,E,F,; J,M,N,P,; R,T,U,Y,; Z | M39029/58-364 | M39029/56-352",unreviewed
MIL-STD-1560C.pdf,149,2,7," |  | 10 | 20 |  | B,G,L,S,; V,X,1,4,; 6, 7 | M39029/58-363 | M39029/56-351",unreviewed
MIL-STD-1560C.pdf,150,1,1,Contacts; (Insert arrangement 25-21) |  |  |  |  | ,unreviewed
MIL-STD-1560C.pdf,150,1,2,Contact; position; ID | Location |  | Contact; position ID | Location | ,unreviewed
MIL-STD-1560C.pdf,150,1,3, | X-axis; (mm) | Y-axis; (mm) |  | X-axis; (mm) | Y-axis; (mm),unreviewed
MIL-STD-1560C.pdf,150,1,4,A | +.000 (0.00) | +.407 (10.34) | S | -.234 (5.94) | +.511 (12.98),unreviewed
MIL-STD-1560C.pdf,150,1,5,B | +.234 (5.94) | +.511 (12.98) | T | +.243 (6.17) | +.270 (6.86),unreviewed
MIL-STD-1560C.pdf,150,1,6,C | +.352 (8.94) | +.411 (10.44) | U | +.357 (9.07) | +.136 (3.45),unreviewed
MIL-STD-1560C.pdf,150,1,7,D | +.466 (11.84) | +.275 (6.99) | V | +.450 (11.43) | -.183 (4.65),unreviewed
MIL-STD-1560C.pdf,150,1,8,E | +.530 (13.46) | +.111 (2.82) | W | +.000 (0.00) | -.131 (3.33),unreviewed
MIL-STD-1560C.pdf,150,1,9,F | +.537 (13.64) | -.060 (1.52) | X | -.450 (11.43) | -.183 (4.65),unreviewed
MIL-STD-1560C.pdf,150,1,10,G | +.467 (11.86) | -.312 (7.92) | Y | -.357 (9.07) | +.136 (3.45),unreviewed
MIL-STD-1560C.pdf,150,1,11,H | +.208 (5.28) | -.353 (8.97) | Z | -.243 (6.17) | +.270 (6.86),unreviewed
MIL-STD-1560C.pdf,150,1,12,J | +.000 (0.00) | -.541 (13.74) | 1 | +.195 (4.95) | +.115 (2.92),unreviewed
MIL-STD-1560C.pdf,150,1,13,K | -.208 (5.28) | -.353 (8.97) | 2 | +.317 (8.05) | -.061 (1.55),unreviewed
MIL-STD-1560C.pdf,150,1,14,L | -.467 (11.86) | -.312 (7.92) | 3 | -.317 (8.05) | -.061 (1.55),unreviewed
MIL-STD-1560C.pdf,150,1,15,M | -.537 (13.64) | -.060 (1.52) | 4 | -.195 (4.95) | +.115 (2.92),unreviewed
MIL-STD-1560C.pdf,151,1,1,Contacts; (Insert arrangement 25-21) |  |  |  |  | ,unreviewed
MIL-STD-1560C.pdf,151,1,2,Contact; position; ID | Location |  | Contact; position ID | Location | ,unreviewed
MIL-STD-1560C.pdf,151,1,3, | X-axis; (mm) | Y-axis; (mm) |  | X-axis; (mm) | Y-axis; (mm),unreviewed
MIL-STD-1560C.pdf,151,1,4,N | -.530 (13.46) | +.111 (2.82) | 5 | +.000 (0.00) | +.099 (2.51),unreviewed
MIL-STD-1560C.pdf,151,1,5,P | -.466 (11.84) | +.275 (6.99) | 6 | +.141 (3.58) | -.018 (0.46),unreviewed
MIL-STD-1560C.pdf,151,1,6,R | -.352 (8.94) | +.411 (10.44) | 7 | -.141 (3.58) | -.018 (0.46),unreviewed
MIL-STD-1560C.pdf,151,2,1,Shell; size | Arrange-; ment no. | Number; of; contacts | Size; contacts | Service; rating | Contact; location | Standard contact | ,unreviewed
MIL-STD-1560C.pdf,151,2,2, |  |  |  |  |  | Pin | Socket,unreviewed
MIL-STD-1560C.pdf,151,2,3,"25 | -21 | 3 | 8 | Twinax | A,H,K | M39029/113-625 | M39029/114-628",unreviewed
MIL-STD-1560C.pdf,151,2,4," |  | 4 | 12 | Coax | 2 ,3 | M39029/28-211 | M39029/75-416",unreviewed
MIL-STD-1560C.pdf,151,2,5," |  |  |  |  | W, 5 | M39029/102-558 | M39029/103-559",unreviewed
MIL-STD-1560C.pdf,151,2,6," |  | 13 | 16 | N | C,D,E,F,; J,M,N,P,; R,T,U,Y,; Z | M39029/58-364 | M39029/56-352",unreviewed
MIL-STD-1560C.pdf,151,2,7," |  | 10 | 20 |  | B,G,L,S,; V,X,1,4,; 6, 7 | M39029/58-363 | M39029/56-351",unreviewed
MIL-STD-1560C.pdf,152,1,1,Contacts; (Insert arrangement 25-23) |  |  |  |  | ,unreviewed
MIL-STD-1560C.pdf,152,1,2,Contact; position ID | Location |  | Contact; position ID | Location | ,unreviewed
MIL-STD-1560C.pdf,152,1,3, | X-axis; (mm) | Y-axis; (mm) |  | X-axis; (mm) | Y-axis; (mm),unreviewed
MIL-STD-1560C.pdf,152,1,4,1 | -.080 (2.04) | +.556 (14.13) | 95 | +.080 (2.04) | +.000 (0.00),unreviewed
MIL-STD-1560C.pdf,152,1,5,2 | +.000 (0.00) | +.556 (14.13) | 96 | +.161 (4.08) | +.000 (0.00),unreviewed
MIL-STD-1560C.pdf,152,1,6,3 | +.080 (2.04) | +.556 (14.13) | 97 | +.241 (6.12) | +.000 (0.00),unreviewed
MIL-STD-1560C.pdf,153,1,1,Contacts; (Insert arrangement 25-23) |  |  |  |  | ,unreviewed
MIL-STD-1560C.pdf,153,1,2,Contact; position ID | Location |  | Contact; position ID | Location | ,unreviewed
MIL-STD-1560C.pdf,153,1,3, | X-axis; (mm) | Y-axis; (mm) |  | X-axis; (mm) | Y-axis; (mm),unreviewed
MIL-STD-1560C.pdf,153,1,4,4 | -.281 (7.14) | +.487 (12.37) | 98 | +.321 (8.16) | +.000 (0.00),unreviewed
MIL-STD-1560C.pdf,153,1,5,5 | -.201 (5.10) | +.487 (12.37) | 99 | +.402 (10.20) | +.000 (0.00),unreviewed
MIL-STD-1560C.pdf,153,1,6,6 | -.121 (3.06) | +.487 (12.37) | 100 | +.482 (12.24) | +.000 (0.00),unreviewed
MIL-STD-1560C.pdf,153,1,7,7 | -.040 (1.02) | +.487 (12.37) | 101 | +.562 (14.28) | +.000 (0.00),unreviewed
MIL-STD-1560C.pdf,153,1,8,8 | +.040 (1.02) | +.487 (12.37) | 102 | -.522 (13.26) | -.070 (1.77),unreviewed
MIL-STD-1560C.pdf,153,1,9,9 | +.121 (3.06) | +.487 (12.37) | 103 | -.442 (11.22) | -.070 (1.77),unreviewed
MIL-STD-1560C.pdf,153,1,10,10 | +.201 (5.10) | +.487 (12.37) | 104 | -.361 (9.18) | -.070 (1.77),unreviewed
MIL-STD-1560C.pdf,153,1,11,11 | +.281 (7.14) | +.487 (12.37) | 105 | -.281 (7.14) | -.070 (1.77),unreviewed
MIL-STD-1560C.pdf,153,1,12,12 | -.321 (8.16) | +.417 (10.60) | 106 | -.201 (5.10) | -.070 (1.77),unreviewed
MIL-STD-1560C.pdf,153,1,13,13 | -.241 (6.12) | +.417 (10.60) | 107 | -.121 (3.06) | -.070 (1.77),unreviewed
MIL-STD-1560C.pdf,153,1,14,14 | -.161 (4.08) | +.417 (10.60) | 108 | -.040 (1.02) | -.070 (1.77),unreviewed
MIL-STD-1560C.pdf,153,1,15,15 | -.080 (2.04) | +.417 (10.60) | 109 | +.040 (1.02) | -.070 (1.77),unreviewed
MIL-STD-1560C.pdf,153,1,16,16 | +.000 (0.00) | +.417 (10.60) | 110 | +.121 (3.06) | -.070 (1.77),unreviewed
MIL-STD-1560C.pdf,153,1,17,17 | +.080 (2.04) | +.417 (10.60) | 111 | +.201 (5.10) | -.070 (1.77),unreviewed
MIL-STD-1560C.pdf,153,1,18,18 | +.161 (4.08) | +.417 (10.60) | 112 | +.281 (7.14) | -.070 (1.77),unreviewed
MIL-STD-1560C.pdf,153,1,19,19 | +.241 (6.12) | +.417 (10.60) | 113 | +.361 (9.18) | -.070 (1.77),unreviewed
MIL-STD-1560C.pdf,153,1,20,20 | +.321 (8.16) | +.417 (10.60) | 114 | +.442 (11.22) | -.070 (1.77),unreviewed
MIL-STD-1560C.pdf,153,1,21,21 | -.442 (11.22) | +.348 (8.83) | 115 | +.522 (13.26) | -.070 (1.77),unreviewed
MIL-STD-1560C.pdf,153,1,22,22 | -.361 (9.18) | +.348 (8.83) | 116 | -.482 (12.24) | -.139 (3.53),unreviewed
MIL-STD-1560C.pdf,153,1,23,23 | -.281 (7.14) | +.348 (8.83) | 117 | -.402 (10.20) | -.139 (3.53),unreviewed
MIL-STD-1560C.pdf,153,1,24,24 | -.201 (5.10) | +.348 (8.83) | 118 | -.321 (8.16) | -.139 (3.53),unreviewed
MIL-STD-1560C.pdf,153,1,25,25 | -.121 (3.06) | +.348 (8.83) | 119 | -.241 (6.12) | -.139 (3.53),unreviewed
MIL-STD-1560C.pdf,153,1,26,26 | -.040 (1.02) | +.348 (8.83) | 120 | -.161 (4.08) | -.139 (3.53),unreviewed
MIL-STD-1560C.pdf,153,1,27,27 | +.040 (1.02) | +.348 (8.83) | 121 | -.080 (2.04) | -.139 (3.53),unreviewed
MIL-STD-1560C.pdf,153,1,28,28 | +.121 (3.06) | +.348 (8.83) | 122 | +.000 (0.00) | -.139 (3.53),unreviewed
MIL-STD-1560C.pdf,153,1,29,29 | +.201 (5.10) | +.348 (8.83) | 123 | +.080 (2.04) | -.139 (3.53),unreviewed
MIL-STD-1560C.pdf,153,1,30,30 | +.281 (7.14) | +.348 (8.83) | 124 | +.161 (4.08) | -.139 (3.53),unreviewed
MIL-STD-1560C.pdf,154,1,1,Contacts; (Insert arrangement 25-23) |  |  |  |  | ,unreviewed
MIL-STD-1560C.pdf,154,1,2,Contact; position ID | Location |  | Contact; position ID | Location | ,unreviewed
MIL-STD-1560C.pdf,154,1,3, | X-axis; (mm) | Y-axis; (mm) |  | X-axis; (mm) | Y-axis; (mm),unreviewed
MIL-STD-1560C.pdf,154,1,4,31 | +.361 (9.18) | +.348 (8.83) | 125 | +.241 (6.12) | -.139 (3.53),unreviewed
MIL-STD-1560C.pdf,154,1,5,32 | +.442 (11.22) | +.348 (8.83) | 126 | +.321 (8.16) | -.139 (3.53),unreviewed
MIL-STD-1560C.pdf,154,1,6,33 | -.482 (12.24) | +.278 (7.07) | 127 | +.402 (10.20) | -.139 (3.53),unreviewed
MIL-STD-1560C.pdf,154,1,7,34 | -.402 (10.20) | +.278 (7.07) | 128 | +.482 (12.24) | -.139 (3.53),unreviewed
MIL-STD-1560C.pdf,154,1,8,35 | -.321 (8.16) | +.278 (7.07) | 129 | -.522 (13.26) | -.209 (5.30),unreviewed
MIL-STD-1560C.pdf,154,1,9,36 | -.241 (6.12) | +.278 (7.07) | 130 | -.442 (11.22) | -.209 (5.30),unreviewed
MIL-STD-1560C.pdf,154,1,10,37 | -.161 (4.08) | +.278 (7.07) | 131 | -.361 (9.18) | -.209 (5.30),unreviewed
MIL-STD-1560C.pdf,154,1,11,38 | -.080 (2.04) | +.278 (7.07) | 132 | -.281 (7.14) | -.209 (5.30),unreviewed
MIL-STD-1560C.pdf,154,1,12,39 | +.000 (0.00) | +.278 (7.07) | 133 | -.201 (5.10) | -.209 (5.30),unreviewed
MIL-STD-1560C.pdf,154,1,13,40 | +.080 (2.04) | +.278 (7.07) | 134 | -.121 (3.06) | -.209 (5.30),unreviewed
MIL-STD-1560C.pdf,154,1,14,41 | +.161 (4.08) | +.278 (7.07) | 135 | -.040 (1.02) | -.209 (5.30),unreviewed
MIL-STD-1560C.pdf,154,1,15,42 | +.241 (6.12) | +.278 (7.07) | 136 | +.040 (1.02) | -.209 (5.30),unreviewed
MIL-STD-1560C.pdf,154,1,16,43 | +.321 (8.16) | +.278 (7.07) | 137 | +.121 (3.06) | -.209 (5.30),unreviewed
MIL-STD-1560C.pdf,154,1,17,44 | +.402 (10.20) | +.278 (7.07) | 138 | +.201 (5.10) | -.209 (5.30),unreviewed
MIL-STD-1560C.pdf,154,1,18,45 | +.482 (12.24) | +.278 (7.07) | 139 | +.281 (7.14) | -.209 (5.30),unreviewed
MIL-STD-1560C.pdf,154,1,19,46 | -.522 (13.26) | +.209 (5.30) | 140 | +.361 (9.18) | -.209 (5.30),unreviewed
MIL-STD-1560C.pdf,154,1,20,47 | -.442 (11.22) | +.209 (5.30) | 141 | +.442 (11.22) | -.209 (5.30),unreviewed
MIL-STD-1560C.pdf,154,1,21,48 | -.361 (9.18) | +.209 (5.30) | 142 | +.522 (13.26) | -.209 (5.30),unreviewed
MIL-STD-1560C.pdf,154,1,22,49 | -.281 (7.14) | +.209 (5.30) | 143 | -.482 (12.24) | -.278 (7.07),unreviewed
MIL-STD-1560C.pdf,154,1,23,50 | -.201 (5.10) | +.209 (5.30) | 144 | -.402 (10.20) | -.278 (7.07),unreviewed
MIL-STD-1560C.pdf,154,1,24,51 | -.121 (3.06) | +.209 (5.30) | 145 | -.321 (8.16) | -.278 (7.07),unreviewed
MIL-STD-1560C.pdf,154,1,25,52 | -.040 (1.02) | +.209 (5.30) | 146 | -.241 (6.12) | -.278 (7.07),unreviewed
MIL-STD-1560C.pdf,154,1,26,53 | +.040 (1.02) | +.209 (5.30) | 147 | -.161 (4.08) | -.278 (7.07),unreviewed
MIL-STD-1560C.pdf,154,1,27,54 | +.121 (3.06) | +.209 (5.30) | 148 | -.080 (2.04) | -.278 (7.07),unreviewed
MIL-STD-1560C.pdf,154,1,28,55 | +.201 (5.10) | +.209 (5.30) | 149 | +.000 (0.00) | -.278 (7.07),unreviewed
MIL-STD-1560C.pdf,154,1,29,56 | +.281 (7.14) | +.209 (5.30) | 150 | +.080 (2.04) | -.278 (7.07),unreviewed
MIL-STD-1560C.pdf,154,1,30,57 | +.361 (9.18) | +.209 (5.30) | 151 | +.161 (4.08) | -.278 (7.07),unreviewed
MIL-STD-1560C.pdf,154,1,31,58 | +.442 (11.22) | +.209 (5.30) | 152 | +.241 (6.12) | -.278 (7.07),unreviewed
MIL-STD-1560C.pdf,154,1,32,59 | +.522 (13.26) | +.209 (5.30) | 153 | +.321 (8.16) | -.278 (7.07),unreviewed
MIL-STD-1560C.pdf,155,1,1,Contacts; (Insert arrangement 25-23) |  |  |  |  | ,unreviewed
MIL-STD-1560C.pdf,155,1,2,Contact; position ID | Location |  | Contact; position ID | Location | ,unreviewed
MIL-STD-1560C.pdf,155,1,3, | X-axis; (mm) | Y-axis; (mm) |  | X-axis; (mm) | Y-axis; (mm),unreviewed
MIL-STD-1560C.pdf,155,1,4,60 | -.482 (12.24) | +.139 (3.53) | 154 | +.402 (10.20) | -.278 (7.07),unreviewed
MIL-STD-1560C.pdf,155,1,5,61 | -.402 (10.20) | +.139 (3.53) | 155 | +.482 (12.24) | -.278 (7.07),unreviewed
MIL-STD-1560C.pdf,155,1,6,62 | -.321 (8.16) | +.139 (3.53) | 156 | -.442 (11.22) | -.348 (8.83),unreviewed
MIL-STD-1560C.pdf,155,1,7,63 | -.241 (6.12) | +.139 (3.53) | 157 | -.361 (9.18) | -.348 (8.83),unreviewed
MIL-STD-1560C.pdf,155,1,8,64 | -.161 (4.08) | +.139 (3.53) | 158 | -.281 (7.14) | -.348 (8.83),unreviewed
MIL-STD-1560C.pdf,155,1,9,65 | -.080 (2.04) | +.139 (3.53) | 159 | -.201 (5.10) | -.348 (8.83),unreviewed
MIL-STD-1560C.pdf,155,1,10,66 | +.000 (0.00) | +.139 (3.53) | 160 | -.121 (3.06) | -.348 (8.83),unreviewed
MIL-STD-1560C.pdf,155,1,11,67 | +.080 (2.04) | +.139 (3.53) | 161 | -.040 (1.02) | -.348 (8.83),unreviewed
MIL-STD-1560C.pdf,155,1,12,68 | +.161 (4.08) | +.139 (3.53) | 162 | +.040 (1.02) | -.348 (8.83),unreviewed
MIL-STD-1560C.pdf,155,1,13,69 | +.241 (6.12) | +.139 (3.53) | 163 | +.121 (3.06) | -.348 (8.83),unreviewed
MIL-STD-1560C.pdf,155,1,14,70 | +.321 (8.16) | +.139 (3.53) | 164 | +.201 (5.10) | -.348 (8.83),unreviewed
MIL-STD-1560C.pdf,155,1,15,71 | +.402 (10.20) | +.139 (3.53) | 165 | +.281 (7.14) | -.348 (8.83),unreviewed
MIL-STD-1560C.pdf,155,1,16,72 | +.482 (12.24) | +.139 (3.53) | 166 | +.361 (9.18) | -.348 (8.83),unreviewed
MIL-STD-1560C.pdf,155,1,17,73 | -.522 (13.26) | +.070 (1.77) | 167 | +.442 (11.22) | -.348 (8.83),unreviewed
MIL-STD-1560C.pdf,155,1,18,74 | -.442 (11.22) | +.070 (1.77) | 168 | -.321 (8.16) | -.417 (10.60),unreviewed
MIL-STD-1560C.pdf,155,1,19,75 | -.361 (9.18) | +.070 (1.77) | 169 | -.241 (6.12) | -.417 (10.60),unreviewed
MIL-STD-1560C.pdf,155,1,20,76 | -.281 (7.14) | +.070 (1.77) | 170 | -.161 (4.08) | -.417 (10.60),unreviewed
MIL-STD-1560C.pdf,155,1,21,77 | -.201 (5.10) | +.070 (1.77) | 171 | -.080 (2.04) | -.417 (10.60),unreviewed
MIL-STD-1560C.pdf,155,1,22,78 | -.121 (3.06) | +.070 (1.77) | 172 | +.000 (0.00) | -.417 (10.60),unreviewed
MIL-STD-1560C.pdf,155,1,23,79 | -.040 (1.02) | +.070 (1.77) | 173 | +.080 (2.04) | -.417 (10.60),unreviewed
MIL-STD-1560C.pdf,155,1,24,80 | +.040 (1.02) | +.070 (1.77) | 174 | +.161 (4.08) | -.417 (10.60),unreviewed
MIL-STD-1560C.pdf,155,1,25,81 | +.121 (3.06) | +.070 (1.77) | 175 | +.241 (6.12) | -.417 (10.60),unreviewed
MIL-STD-1560C.pdf,155,1,26,82 | +.201 (5.10) | +.070 (1.77) | 176 | +.321 (8.16) | -.417 (10.60),unreviewed
MIL-STD-1560C.pdf,155,1,27,83 | +.281 (7.14) | +.070 (1.77) | 177 | -.281 (7.14) | -.487 (12.37),unreviewed
MIL-STD-1560C.pdf,155,1,28,84 | +.361 (9.18) | +.070 (1.77) | 178 | -.201 (5.10) | -.487 (12.37),unreviewed
MIL-STD-1560C.pdf,155,1,29,85 | +.442 (11.22) | +.070 (1.77) | 179 | -.121 (3.06) | -.487 (12.37),unreviewed
MIL-STD-1560C.pdf,155,1,30,86 | +.522 (13.26) | +.070 (1.77) | 180 | -.040 (1.02) | -.487 (12.37),unreviewed
MIL-STD-1560C.pdf,155,1,31,87 | -.562 (14.28) | +.000 (0.00) | 181 | +.040 (1.02) | -.487 (12.37),unreviewed
MIL-STD-1560C.pdf,155,1,32,88 | -.482 (12.24) | +.000 (0.00) | 182 | +.121 (3.06) | -.487 (12.37),unreviewed
MIL-STD-1560C.pdf,155,1,33,89 | -.402 (10.20) | +.000 (0.00) | 183 | +.201 (5.10) | -.487 (12.37),unreviewed
MIL-STD-1560C.pdf,156,1,1,Contacts; (Insert arrangement 25-23) |  |  |  |  | ,unreviewed
MIL-STD-1560C.pdf,156,1,2,Contact; position ID | Location |  | Contact; position ID | Location | ,unreviewed
MIL-STD-1560C.pdf,156,1,3, | X-axis; (mm) | Y-axis; (mm) |  | X-axis; (mm) | Y-axis; (mm),unreviewed
MIL-STD-1560C.pdf,156,1,4,90 | -.321 (8.16) | +.000 (0.00) | 184 | +.281 (7.14) | -.487 (12.37),unreviewed
MIL-STD-1560C.pdf,156,1,5,91 | -.241 (6.12) | +.000 (0.00) | 185 | -.080 (2.04) | -.556 (14.13),unreviewed
MIL-STD-1560C.pdf,156,1,6,92 | -.161 (4.08) | +.000 (0.00) | 186 | +.000 (0.00) | -.556 (14.13),unreviewed
MIL-STD-1560C.pdf,156,1,7,93 | -.080 (2.04) | +.000 (0.00) | 187 | +.080 (2.04) | -.556 (14.13),unreviewed
MIL-STD-1560C.pdf,156,1,8,94 | +.000 (0.00) | +.000 (0.00) | --- | --- | ---,unreviewed
MIL-STD-1560C.pdf,156,2,1,Shell; size | Arrangement; no. | Number of; contacts | Size; contacts | Service; rating | Contact; location | Standard contact | ,unreviewed
MIL-STD-1560C.pdf,156,2,2,25 | -23 | 187 | 23-22 | N | All | Pin | Socket,unreviewed
MIL-STD-1560C.pdf,156,2,3, |  |  |  |  |  | M39029/122-670 | M39029/121-663,unreviewed
MIL-STD-1560C.pdf,157,1,1,Contacts; (Insert arrangement 25-24) |  |  |  |  | ,unreviewed
MIL-STD-1560C.pdf,157,1,2,Contact; position ID | Location |  | Contact; position ID | Location | ,unreviewed
MIL-STD-1560C.pdf,157,1,3, | X-axis | Y-axis |  | X-axis | Y-axis,unreviewed
MIL-STD-1560C.pdf,157,1,4,A | +.000 (0.00) | +.472 (11.99) | N | -.403 (10.24) | +.298 (7.57),unreviewed
MIL-STD-1560C.pdf,157,1,5,B | +.230 (5.84) | +.410 (10.41) | P | -.230 (5.84) | +.410 (10.41),unreviewed
MIL-STD-1560C.pdf,157,1,6,C | +.403 (10.24) | +.298 (7.57) | R | +.000 (0.00) | +.234 (5.94),unreviewed
MIL-STD-1560C.pdf,157,1,7,D | +.461 (11.71) | +.100 (2.54) | S | +.230 (5.84) | +.172 (4.37),unreviewed
MIL-STD-1560C.pdf,157,1,8,E | +.413 (10.49) | -.134 (3.40) | T | +.186 (4.72) | -.062 (1.57),unreviewed
MIL-STD-1560C.pdf,157,1,9,F | +.370 (9.40) | -.336 (8.53) | U | +.211 (5.36) | -.267 (6.78),unreviewed
MIL-STD-1560C.pdf,157,1,10,G | +.230 (5.84) | -.441 (11.20) | V | +.000 (0.00) | -.323 (8.20),unreviewed
MIL-STD-1560C.pdf,157,1,11,H | +.000 (0.00) | -.495 (12.57) | W | -.211 (5.36) | -.267 (6.78),unreviewed
MIL-STD-1560C.pdf,157,1,12,J | -.230 (5.84) | -.441 (11.20) | X | -.186 (4.72) | -.062 (1.57),unreviewed
MIL-STD-1560C.pdf,157,1,13,K | -.370 (9.40) | -.336 (8.53) | Y | -.230 (5.84) | +.172 (4.37),unreviewed
MIL-STD-1560C.pdf,157,1,14,L | -.413 (10.49) | -.134 (3.40) | Z | +.000 (0.00) | +.028 (0.71),unreviewed
MIL-STD-1560C.pdf,157,1,15,M | -.461 (11.71) | +.100 (2.54) | a | +.000 (0.00) | -.151 (3.84),unreviewed
MIL-STD-1560C.pdf,157,2,1,Shell; size | Arrangement; no. | Number of; contacts | Size; contacts | Service; rating | Contact; location,unreviewed
MIL-STD-1560C.pdf,157,2,2,"25 | -24 | 12 | 12 | I | A,B,D,E,LM; P,R,S,T,X,Y",unreviewed
MIL-STD-1560C.pdf,157,2,3, |  | 12 | 16 |  | All; others,unreviewed
MIL-STD-1560C.pdf,158,1,1,Contacts; (Insert arrangement 25-29) |  |  |  |  | ,unreviewed
MIL-STD-1560C.pdf,158,1,2,Contact; position; ID | Location |  | Contact; position ID | Location | ,unreviewed
MIL-STD-1560C.pdf,158,1,3, | X-axis; (mm) | Y-axis; (mm) |  | X-axis; (mm) | Y-axis; (mm),unreviewed
MIL-STD-1560C.pdf,158,1,4,A | +.000 (0.00) | +.481 (12.22) | S | -.091 (2.31) | +.321 (8.15),unreviewed
MIL-STD-1560C.pdf,158,1,5,B | +.258 (6.55) | +.406 (10.31) | T | +.091 (2.31) | +.321 (8.15),unreviewed
MIL-STD-1560C.pdf,158,1,6,C | +.395 (10.03) | +.277 (7.04) | U | +.228 (5.79) | +.194 (4.93),unreviewed
MIL-STD-1560C.pdf,158,1,7,D | +.469 (11.91) | +.109 (2.77) | V | +.319 (8.10) | +.000 (0.00),unreviewed
MIL-STD-1560C.pdf,158,1,8,E | +.469 (11.91) | -.109 (2.77) | W | +.240 (6.10) | -.181 (4.60),unreviewed
MIL-STD-1560C.pdf,158,1,9,F | +.395 (10.03) | -.277 (7.04) | X | +.091 (2.31) | -.290 (7.37),unreviewed
MIL-STD-1560C.pdf,158,1,10,G | +.263 (6.68) | -.406 (10.31) | Y | -.091 (2.31) | -.290 (7.37),unreviewed
MIL-STD-1560C.pdf,158,1,11,H | +.091 (2.31) | -.472 (11.99) | Z | -.240 (6.10) | -.181 (4.60),unreviewed
MIL-STD-1560C.pdf,158,1,12,J | -.091 (2.31) | -.472 (11.99) | a | -.319 (8.10) | +.000 (0.00),unreviewed
MIL-STD-1560C.pdf,158,1,13,K | -.263 (6.68) | -.406 (10.31) | b | -.228 (5.79) | +.194 (4.93),unreviewed
MIL-STD-1560C.pdf,158,1,14,L | -.395 (10.03) | -.277 (7.04) | c | +.000 (0.00) | +.161 (4.09),unreviewed
MIL-STD-1560C.pdf,158,1,15,M | -.469 (11.91) | -.109 (2.77) | d | +.134 (3.40) | +.000 (0.00),unreviewed
MIL-STD-1560C.pdf,158,1,16,N | -.469 (11.91) | +.109 (2.77) | e | +.000 (0.00) | -.130 (3.30),unreviewed
MIL-STD-1560C.pdf,158,1,17,P | -.395 (10.03) | +.277 (7.04) | f | -.134 (3.40) | +.000 (0.00),unreviewed
MIL-STD-1560C.pdf,158,1,18,R | -.258 (6.55) | +.406 (10.31) | --- | --- | ---,unreviewed
MIL-STD-1560C.pdf,158,2,1,Shell; size | Arrangement; no. | Number of; contacts | Size; contacts | Service; rating | Contact; location | Supersedes,unreviewed
MIL-STD-1560C.pdf,158,2,2,25 | -29 | 29 | 16 | I | All | MS20057-29,unreviewed
MIL-STD-1560C.pdf,159,1,1,Contacts; (Insert arrangement 25-35) |  |  |  |  | ,unreviewed
MIL-STD-1560C.pdf,159,1,2,Contact; position; ID | Location |  | Contact; position ID | Location | ,unreviewed
MIL-STD-1560C.pdf,159,1,3, | X-axis; (mm) | Y-axis; (mm) |  | X-axis; (mm) | Y-axis; (mm),unreviewed
MIL-STD-1560C.pdf,159,1,4,1 | -.479 (12.17) | +.279 (7.09) | 65 | +.000 (0.00) | -.047 (1.19),unreviewed
MIL-STD-1560C.pdf,159,1,5,2 | -.520 (13.21) | +.190 (4.83) | 66 | +.000 (0.00) | -.142 (3.61),unreviewed
MIL-STD-1560C.pdf,159,1,6,3 | -.546 (13.87) | +.095 (2.41) | 67 | +.000 (0.00) | -.237 (6.02),unreviewed
MIL-STD-1560C.pdf,159,1,7,4 | -.555 (14.10) | +.000 (0.00) | 68 | +.000 (0.00) | -.332 (8.43),unreviewed
MIL-STD-1560C.pdf,159,1,8,5 | -.546 (13.87) | -.095 (2.41) | 69 | +.000 (0.00) | -.427 (10.85),unreviewed
MIL-STD-1560C.pdf,159,1,9,6 | -.520 (13.21) | -.190 (4.83) | 70 | +.000 (0.00) | -.555 (14.10),unreviewed
MIL-STD-1560C.pdf,159,1,10,7 | -.479 (12.17) | -.279 (7.09) | 71 | +.083 (2.11) | +.475 (12.07),unreviewed
MIL-STD-1560C.pdf,159,1,11,8 | -.424 (10.77) | +.357 (9.07) | 72 | +.083 (2.11) | +.380 (9.65),unreviewed
MIL-STD-1560C.pdf,159,1,12,9 | -.415 (10.54) | +.190 (4.83) | 73 | +.083 (2.11) | +.285 (7.24),unreviewed
MIL-STD-1560C.pdf,159,1,13,10 | -.415 (10.54) | +.095 (2.41) | 74 | +.083 (2.11) | +.190 (4.83),unreviewed
MIL-STD-1560C.pdf,159,1,14,11 | -.415 (10.54) | .000 (0.00) | 75 | +.083 (2.11) | +.095 (2.41),unreviewed
MIL-STD-1560C.pdf,159,1,15,12 | -.415 (10.54) | -.095 (2.41) | 76 | +.083 (2.11) | +.000 (0.00),unreviewed
MIL-STD-1560C.pdf,159,1,16,13 | -.415 (10.54) | -.190 (4.83) | 77 | +.083 (2.11) | -.095 (2.41),unreviewed
MIL-STD-1560C.pdf,159,1,17,14 | -.424 (10.77) | -.357 (9.07) | 78 | +.083 (2.11) | -.190 (4.83),unreviewed
MIL-STD-1560C.pdf,159,1,18,15 | -.332 (8.43) | +.444 (11.28) | 79 | +.083 (2.11) | -.285 (7.24),unreviewed
MIL-STD-1560C.pdf,159,1,19,16 | -.332 (8.43) | +.332 (8.43) | 80 | +.083 (2.11) | -.380 (9.65),unreviewed
MIL-STD-1560C.pdf,159,1,20,17 | -.332 (8.43) | +.237 (6.02) | 81 | +.083 (2.11) | -.475 (12.07),unreviewed
MIL-STD-1560C.pdf,160,1,1,Contacts; (Insert arrangement 25-35) |  |  |  |  | ,unreviewed
MIL-STD-1560C.pdf,160,1,2,Contact; position ID | Location |  | Contact; position ID | Location | ,unreviewed
MIL-STD-1560C.pdf,160,1,3, | X-axis; (mm) | Y-axis; (mm) |  | X-axis; (mm) | Y-axis; (mm),unreviewed
MIL-STD-1560C.pdf,160,1,4,18 | -.332 (8.43) | +.142 (3.61) | 82 | +.160 (4.06) | +.531 (13.49),unreviewed
MIL-STD-1560C.pdf,160,1,5,19 | -.332 (8.43) | +.047 (1.19) | 83 | +.166 (4.22) | +.427 (10.85),unreviewed
MIL-STD-1560C.pdf,160,1,6,20 | -.332 (8.43) | -.047 (1.19) | 84 | +.166 (4.22) | +.332 (8.43),unreviewed
MIL-STD-1560C.pdf,160,1,7,21 | -.332 (8.43) | -.142 (3.61) | 85 | +.166 (4.22) | +.237 (6.02),unreviewed
MIL-STD-1560C.pdf,160,1,8,22 | -.332 (8.43) | -.237 (6.02) | 86 | +.166 (4.22) | +.142 (3.61),unreviewed
MIL-STD-1560C.pdf,160,1,9,23 | -.332 (8.43) | -.332 (8.43) | 87 | +.166 (4.22) | +.047 (1.19),unreviewed
MIL-STD-1560C.pdf,160,1,10,24 | -.332 (8.43) | -.427 (10.85) | 88 | +.166 (4.22) | -.047 (1.19),unreviewed
MIL-STD-1560C.pdf,160,1,11,25 | -.249 (6.32) | +.496 (12.60) | 89 | +.166 (4.22) | -.142 (3.61),unreviewed
MIL-STD-1560C.pdf,160,1,12,26 | -.249 (6.32) | +.380 (9.65) | 90 | +.166 (4.22) | -.237 (6.02),unreviewed
MIL-STD-1560C.pdf,160,1,13,27 | -.249 (6.32) | +.285 (7.24) | 91 | +.166 (4.22) | -.332 (8.43),unreviewed
MIL-STD-1560C.pdf,160,1,14,28 | -.249 (6.32) | +.190 (4.83) | 92 | +.166 (4.22) | -.427 (10.85),unreviewed
MIL-STD-1560C.pdf,160,1,15,29 | -.249 (6.32) | +.095 (2.41) | 93 | +.166 (4.22) | -.522 (13.26),unreviewed
MIL-STD-1560C.pdf,160,1,16,30 | -.249 (6.32) | +.000 (0.00) | 94 | +.249 (6.32) | +.496 (12.60),unreviewed
MIL-STD-1560C.pdf,160,1,17,31 | -.249 (6.32) | -.095 (2.41) | 95 | +.249 (6.32) | +.380 (9.65),unreviewed
MIL-STD-1560C.pdf,160,1,18,32 | -.249 (6.32) | -.190 (4.83) | 96 | +.249 (6.32) | +.285 (7.24),unreviewed
MIL-STD-1560C.pdf,160,1,19,33 | -.249 (6.32) | -.285 (7.24) | 97 | +.249 (6.32) | +.190 (4.83),unreviewed
MIL-STD-1560C.pdf,160,1,20,34 | -.249 (6.32) | -.380 (9.65) | 98 | +.249 (6.32) | +.095 (2.41),unreviewed
MIL-STD-1560C.pdf,160,1,21,35 | -.249 (6.32) | -.475 (12.07) | 99 | +.249 (6.32) | +.000 (0.00),unreviewed
MIL-STD-1560C.pdf,160,1,22,36 | -.160 (4.06) | +.531 (13.49) | 100 | +.249 (6.32) | -.095 (2.41),unreviewed
MIL-STD-1560C.pdf,160,1,23,37 | -.166 (4.22) | +.427 (10.85) | 101 | +.249 (6.32) | -.190 (4.83),unreviewed
MIL-STD-1560C.pdf,160,1,24,38 | -.166 (4.22) | +.332 (8.43) | 102 | +.249 (6.32) | -.285 (7.24),unreviewed
MIL-STD-1560C.pdf,160,1,25,39 | -.166 (4.22) | +.237 (6.02) | 103 | +.249 (6.32) | -.380 (9.65),unreviewed
MIL-STD-1560C.pdf,160,1,26,40 | -.166 (4.22) | +.142 (3.61) | 104 | +.249 (6.32) | -.475 (12.07),unreviewed
MIL-STD-1560C.pdf,160,1,27,41 | -.166 (4.22) | +.047 (1.19) | 105 | +.332 (8.43) | +.444 (11.28),unreviewed
MIL-STD-1560C.pdf,160,1,28,42 | -.166 (4.22) | -.047 (1.19) | 106 | +.332 (8.43) | +.332 (8.43),unreviewed
MIL-STD-1560C.pdf,160,1,29,43 | -.166 (4.22) | -.142 (3.61) | 107 | +.332 (8.43) | +.237 (6.02),unreviewed
MIL-STD-1560C.pdf,160,1,30,44 | -.166 (4.22) | -.237 (6.02) | 108 | +.332 (8.43) | +.142 (3.61),unreviewed
MIL-STD-1560C.pdf,160,1,31,45 | -.166 (4.22) | -.332 (8.43) | 109 | +.332 (8.43) | +.047 (1.19),unreviewed
MIL-STD-1560C.pdf,160,1,32,46 | -.166 (4.22) | -.427 (10.85) | 110 | +.332 (8.43) | -.047 (1.19),unreviewed
MIL-STD-1560C.pdf,160,1,33,47 | -.166 (4.22) | -.522 (13.26) | 111 | +.332 (8.43) | -.142 (3.61),unreviewed
MIL-STD-1560C.pdf,160,1,34,48 | -.083 (2.11) | +.475 (12.07) | 112 | +.332 (8.43) | -.237 (6.02),unreviewed
MIL-STD-1560C.pdf,160,1,35,49 | -.083 (2.11) | +.380 (9.65) | 113 | +.332 (8.43) | -.332 (8.43),unreviewed
MIL-STD-1560C.pdf,160,1,36,50 | -.083 (2.11) | +.285 (7.24) | 114 | +.332 (8.43) | -.427 (10.85),unreviewed
MIL-STD-1560C.pdf,161,1,1,Contacts; (Insert arrangement 25-35) |  |  |  |  | ,unreviewed
MIL-STD-1560C.pdf,161,1,2,Contact; position; ID | Location |  | Contact; position ID | Location | ,unreviewed
MIL-STD-1560C.pdf,161,1,3, | X-axis; (mm) | Y-axis; (mm) |  | X-axis; (mm) | Y-axis; (mm),unreviewed
MIL-STD-1560C.pdf,161,1,4,51 | -.083 (2.11) | +.190 (4.83) | 115 | +.424 (10.77) | +.357 (9.07),unreviewed
MIL-STD-1560C.pdf,161,1,5,52 | -.083 (2.11) | +.095 (2.41) | 116 | +.415 (10.54) | +.190 (4.83),unreviewed
MIL-STD-1560C.pdf,161,1,6,53 | -.083 (2.11) | +.000 (0.00) | 117 | +.415 (10.54) | +.095 (2.41),unreviewed
MIL-STD-1560C.pdf,161,1,7,54 | -.083 (2.11) | -.095 (2.41) | 118 | +.415 (10.54) | +.000 (0.00),unreviewed
MIL-STD-1560C.pdf,161,1,8,55 | -.083 (2.11) | -.190 (4.83) | 119 | +.415 (10.54) | -.095 (2.41),unreviewed
MIL-STD-1560C.pdf,161,1,9,56 | -.083 (2.11) | -.285 (7.24) | 120 | +.415 (10.54) | -.190 (4.83),unreviewed
MIL-STD-1560C.pdf,161,1,10,57 | -.083 (2.11) | -.380 (9.65) | 121 | +.424 (10.77) | -.357 (9.07),unreviewed
MIL-STD-1560C.pdf,161,1,11,58 | -.083 (2.11) | -.475 (12.07) | 122 | +.479 (12.17) | +.279 (7.09),unreviewed
MIL-STD-1560C.pdf,161,1,12,59 | +.000 (0.00) | +.522 (13.26) | 123 | +.520 (13.21) | +.190 (4.83),unreviewed
MIL-STD-1560C.pdf,161,1,13,60 | +.000 (0.00) | +.427 (10.85) | 124 | +.546 (13.87) | +.095 (2.41),unreviewed
MIL-STD-1560C.pdf,161,1,14,61 | +.000 (0.00) | +.332 (8.43) | 125 | +.555 (14.10) | +.000 (0.00),unreviewed
MIL-STD-1560C.pdf,161,1,15,62 | +.000 (0.00) | +.237 (6.02) | 126 | +.546 (13.87) | -.095 (2.41),unreviewed
MIL-STD-1560C.pdf,161,1,16,63 | +.000 (0.00) | +.142 (3.61) | 127 | +.520 (13.21) | -.190 (4.83),unreviewed
MIL-STD-1560C.pdf,161,1,17,64 | +.000 (0.00) | +.047 (1.19) | 128 | +.479 (12.17) | -.279 (7.09),unreviewed
MIL-STD-1560C.pdf,161,2,1,Shell; size | Arrangement; no. | Number of; contacts | Size; contacts | Service; rating | Contact; location | Supersedes,unreviewed
MIL-STD-1560C.pdf,161,2,2,25 | -35 | 128 | 22D | M | All | MS27533-35,unreviewed
MIL-STD-1560C.pdf,162,1,1,Contacts; (Insert arrangement 25-37) |  |  |  |  | ,unreviewed
MIL-STD-1560C.pdf,162,1,2,Contact; position; ID | Location |  | Contact; position ID | Location | ,unreviewed
MIL-STD-1560C.pdf,162,1,3, | X-axis; (mm) | Y-axis; (mm) |  | X-axis; (mm) | Y-axis; (mm),unreviewed
MIL-STD-1560C.pdf,162,1,4,A | +.000 (.00) | +.472 (11.99) | W | +.242 (6.15) | +.236 (5.99),unreviewed
MIL-STD-1560C.pdf,162,1,5,B | +.186 (4.72) | +.472 (11.99) | X | +.326 (8.28) | +.086 (2.18),unreviewed
MIL-STD-1560C.pdf,162,1,6,C | +.333 (8.46) | +.382 (9.70) | Y | +.326 (8.28) | -.086 (2.18),unreviewed
MIL-STD-1560C.pdf,162,1,7,D | +.441 (11.20) | +.249 (6.32) | Z | +.242 (6.15) | -.236 (5.99),unreviewed
MIL-STD-1560C.pdf,162,1,8,E | +.500 (12.70) | +.086 (2.18) | a | +.086 (2.18) | -.320 (8.13),unreviewed
MIL-STD-1560C.pdf,162,1,9,F | +.500 (12.70) | -.086 (2.18) | b | -.086 (2.18) | -.320 (8.13),unreviewed
MIL-STD-1560C.pdf,162,1,10,G | +.441 (11.20) | -.249 (6.32) | c | -.242 (6.15) | -.236 (5.99),unreviewed
MIL-STD-1560C.pdf,162,1,11,H | +.333 (8.46) | +.382 (9.70) | d | -.326 (8.28) | -.086 (2.18),unreviewed
MIL-STD-1560C.pdf,162,1,12,J | +.186 (4.72) | -.472 (11.99) | e | -.326 (8.28) | +.086 (2.18),unreviewed
MIL-STD-1560C.pdf,162,1,13,K | +.000 (.00) | -.472 (11.99) | f | -.242 (6.15) | +.236 (5.99),unreviewed
MIL-STD-1560C.pdf,162,1,14,L | -.186 (4.72) | -.472 (11.99) | g | -.086 (2.18) | +.320 (8.13),unreviewed
MIL-STD-1560C.pdf,162,1,15,M | -.333 (8.46) | -.382 (9.70) | h | +.000 (.00) | +.172 (4.37),unreviewed
MIL-STD-1560C.pdf,162,1,16,N | -.441 (11.20) | -.249 (6.32) | k | +.154 (3.91) | +.086 (2.18),unreviewed
MIL-STD-1560C.pdf,162,1,17,P | -.500 (12.70) | -.086 (2.18) | m | +.154 (3.91) | -.086 (2.18),unreviewed
MIL-STD-1560C.pdf,162,1,18,R | -.500 (12.70) | +.086 (2.18) | n | +.000 (.00) | -.172 (4.37),unreviewed
MIL-STD-1560C.pdf,163,1,1,Contacts; (Insert arrangement 25-37) |  |  |  |  | ,unreviewed
MIL-STD-1560C.pdf,163,1,2,Contact; position; ID | Location |  | Contact; position ID | Location | ,unreviewed
MIL-STD-1560C.pdf,163,1,3, | X-axis; (mm) | Y-axis; (mm) |  | X-axis; (mm) | Y-axis; (mm),unreviewed
MIL-STD-1560C.pdf,163,1,4,S | -.441 (11.20) | +.249 (6.32) | p | -.154 (3.91) | -.086 (2.18),unreviewed
MIL-STD-1560C.pdf,163,1,5,T | -.333 (8.46) | +.382 (9.70) | q | -.154 (3.91) | +.086 (2.18),unreviewed
MIL-STD-1560C.pdf,163,1,6,U | -.186 (4.72) | +.472 (11.99) | r | +.000 (.00) | +.000 (.00),unreviewed
MIL-STD-1560C.pdf,163,1,7,V | +.086 (2.18) | +.320 (8.13) | --- | --- | ---,unreviewed
MIL-STD-1560C.pdf,163,2,1,Shell; size | Arrangement; no. | Number of; contacts | Size; contacts | Service; rating | Contact; location | Supersedes,unreviewed
MIL-STD-1560C.pdf,163,2,2,25 | -37 | 37 | 16 | II | All | -----,unreviewed
MIL-STD-1560C.pdf,164,1,1,Contacts; (Insert arrangement 25-43) |  |  |  |  | ,unreviewed
MIL-STD-1560C.pdf,164,1,2,Contact; position; ID | Location |  | Contact; position ID | Location | ,unreviewed
MIL-STD-1560C.pdf,164,1,3, | X-axis; (mm) | Y-axis; (mm) |  | X-axis; (mm) | Y-axis; (mm),unreviewed
MIL-STD-1560C.pdf,164,1,4,A | +.069 (1.75) | +.531 (13.49) | Z | -.069 (1.75) | +.531 (13.49),unreviewed
MIL-STD-1560C.pdf,164,1,5,B | +.203 (5.16) | +.495 (12.57) | a | +.172 (4.37) | +.344 (8.74),unreviewed
MIL-STD-1560C.pdf,164,1,6,C | +.324 (8.23) | +.425 (10.80) | b | +.258 (6.55) | +.172 (4.37),unreviewed
MIL-STD-1560C.pdf,164,1,7,D | +.424 (10.77) | +.326 (8.28) | c | +.344 (8.74) | +.000 (0.00),unreviewed
MIL-STD-1560C.pdf,164,1,8,E | +.493 (12.52) | +.205 (5.21) | d | +.344 (8.74) | -.172 (4.37),unreviewed
MIL-STD-1560C.pdf,164,1,9,F | +.531 (13.49) | +.069 (1.75) | e | +.172 (4.37) | -.344 (8.74),unreviewed
MIL-STD-1560C.pdf,164,1,10,G | +.531 (13.49) | -.069 (1.75) | f | +.000 (0.00) | -.344 (8.74),unreviewed
MIL-STD-1560C.pdf,164,1,11,H | +.493 (12.52) | -.205 (5.21) | g | -.172 (4.37) | -.344 (8.74),unreviewed
MIL-STD-1560C.pdf,164,1,12,J | +.424 (10.77) | -.326 (8.28) | h | -.344 (8.74) | -.172 (4.37),unreviewed
MIL-STD-1560C.pdf,164,1,13,K | +.324 (8.23) | -.425 (10.80) | k | -.344 (8.74) | +.000 (0.00),unreviewed
MIL-STD-1560C.pdf,164,1,14,L | +.203 (5.16) | -.495 (12.57) | m | -.258 (6.55) | +.172 (4.37),unreviewed
MIL-STD-1560C.pdf,164,1,15,M | +.000 (0.00) | -.531 (13.49) | n | -.172 (4.37) | +.344 (8.74),unreviewed
MIL-STD-1560C.pdf,164,1,16,N | -.203 (5.16) | -.495 (12.57) | p | +.000 (0.00) | +.344 (8.74),unreviewed
MIL-STD-1560C.pdf,164,1,17,P | -.324 (8.23) | -.425 (10.80) | q | +.086 (2.18) | +.172 (4.37),unreviewed
MIL-STD-1560C.pdf,164,1,18,R | -.424 (10.77) | -.326 (8.28) | r | +.172 (4.37) | +.000 (0.00),unreviewed
MIL-STD-1560C.pdf,164,1,19,S | -.493 (12.52) | -.205 (5.21) | s | +.172 (4.37) | -.172 (4.37),unreviewed
MIL-STD-1560C.pdf,164,1,20,T | -.531 (13.49) | -.069 (1.75) | t | +.000 (0.00) | -.172 (4.37),unreviewed
MIL-STD-1560C.pdf,164,1,21,U | -.531 (13.49) | +.069 (1.75) | u | -.172 (4.37) | -.172 (4.37),unreviewed
MIL-STD-1560C.pdf,165,1,1,Contacts; (Insert arrangement 25-43) |  |  |  |  | ,unreviewed
MIL-STD-1560C.pdf,165,1,2,Contact; position; ID | Location |  | Contact; position ID | Location | ,unreviewed
MIL-STD-1560C.pdf,165,1,3, | X-axis; (mm) | Y-axis; (mm) |  | X-axis; (mm) | Y-axis; (mm),unreviewed
MIL-STD-1560C.pdf,165,1,4,V | -.493 (12.52) | +.205 (5.21) | v | -.172 (4.37) | +.000 (0.00),unreviewed
MIL-STD-1560C.pdf,165,1,5,W | -.424 (10.77) | +.326 (8.28) | w | -.086 (2.18) | +.172 (4.37),unreviewed
MIL-STD-1560C.pdf,165,1,6,X | -.324 (8.23) | +.425 (10.80) | x | +.000 (0.00) | +.000 (0.00),unreviewed
MIL-STD-1560C.pdf,165,1,7,Y | -.203 (5.16) | +.495 (12.57) |  |  | ,unreviewed
MIL-STD-1560C.pdf,165,2,1,Shell; size | Arrangement; no. | Number of; contacts | Size; contacts | Service; rating | Contact; location | Supersedes,unreviewed
MIL-STD-1560C.pdf,165,2,2,"25 | -43 | 20 | 16 | I | a,b,c,d,e,f,g,h,k,m,; n,p,q,r,s,t,u,v,w,x | MS20057-43",unreviewed
MIL-STD-1560C.pdf,165,2,3, |  | 23 | 20 |  | All others | ,unreviewed
MIL-STD-1560C.pdf,166,1,1,Contacts; (Insert arrangement 25-46) |  |  |  |  | ,unreviewed
MIL-STD-1560C.pdf,166,1,2,Contact; position; ID | Location |  | Contact; position ID | Location | ,unreviewed
MIL-STD-1560C.pdf,166,1,3, | X-axis; (mm) | Y-axis; (mm) |  | X-axis; (mm) | Y-axis; (mm),unreviewed
MIL-STD-1560C.pdf,166,1,4,A | +.065 (1.65) | +.533 (13.54) | a | +.404 (10.26) | +.125 (3.18),unreviewed
MIL-STD-1560C.pdf,166,1,5,B | +.275 (6.99) | +.466 (11.84) | b | +.437 (11.10) | +.000 (0.00),unreviewed
MIL-STD-1560C.pdf,166,1,6,C | +.420 (10.67) | +.337 (8.56) | c | +.404 (10.26) | -.125 (3.18),unreviewed
MIL-STD-1560C.pdf,166,1,7,D | +.490 (12.45) | +.227 (5.77) | d | +.314 (7.98) | -.221 (5.61),unreviewed
MIL-STD-1560C.pdf,166,1,8,E | +.531 (13.49) | +.093 (2.36) | e | +.245 (6.22) | -.337 (8.56),unreviewed
MIL-STD-1560C.pdf,166,1,9,F | +.531 (13.49) | -.093 (2.36) | f | +.136 (3.45) | -.424 (10.77),unreviewed
MIL-STD-1560C.pdf,166,1,10,G | +.490 (12.45) | -.227 (5.77) | g | +.000 (0.00) | -.395 (10.03),unreviewed
MIL-STD-1560C.pdf,166,1,11,H | +.420 (10.67) | -.337 (8.56) | h | -.136 (3.45) | -.424 (10.77),unreviewed
MIL-STD-1560C.pdf,166,1,12,J | +.275 (6.99) | -.466 (11.84) | k | -.245 (6.22) | -.337 (8.56),unreviewed
MIL-STD-1560C.pdf,166,1,13,K | +.065 (1.65) | -.533 (13.54) | m | -.314 (7.98) | -.221 (5.61),unreviewed
MIL-STD-1560C.pdf,166,1,14,L | -.065 (1.65) | -.533 (13.54) | n | -.404 (10.26) | -.125 (3.18),unreviewed
MIL-STD-1560C.pdf,166,1,15,M | -.275 (6.99) | -.466 (11.84) | p | -.437 (11.10) | +.000 (0.00),unreviewed
MIL-STD-1560C.pdf,166,1,16,N | -.420 (10.67) | -.337 (8.56) | q | -.404 (10.26) | +.125 (3.18),unreviewed
MIL-STD-1560C.pdf,166,1,17,P | -.490 (12.45) | -.227 (5.77) | r | -.314 (7.98) | +.221 (5.61),unreviewed
MIL-STD-1560C.pdf,167,1,1,Contacts; (Insert arrangement 25-46) |  |  |  |  | ,unreviewed
MIL-STD-1560C.pdf,167,1,2,Contact; position; ID | Location |  | Contact; position ID | Location | ,unreviewed
MIL-STD-1560C.pdf,167,1,3, | X-axis; (mm) | Y-axis; (mm) |  | X-axis; (mm) | Y-axis; (mm),unreviewed
MIL-STD-1560C.pdf,167,1,4,R | -.531 (13.49) | -.093 (2.36) | s | -.245 (6.22) | +.337 (8.56),unreviewed
MIL-STD-1560C.pdf,167,1,5,S | -.531 (13.49) | +.093 (2.36) | t | -.136 (3.45) | +.424 (10.77),unreviewed
MIL-STD-1560C.pdf,167,1,6,T | -.490 (12.45) | +.227 (5.77) | u | +.000 (0.00) | +.395 (10.03),unreviewed
MIL-STD-1560C.pdf,167,1,7,U | -.420 (10.67) | +.337 (8.56) | v | +.097 (2.46) | +.265 (6.73),unreviewed
MIL-STD-1560C.pdf,167,1,8,V | -.275 (6.99) | +.466 (11.84) | w | +.180 (4.57) | +.000 (0.00),unreviewed
MIL-STD-1560C.pdf,167,1,9,W | -.065 (1.65) | +.533 (13.54) | x | +.097 (2.46) | -.265 (6.73),unreviewed
MIL-STD-1560C.pdf,167,1,10,X | +.136 (3.45) | +.424 (10.77) | y | -.097 (2.46) | -.265 (6.73),unreviewed
MIL-STD-1560C.pdf,167,1,11,Y | +.245 (6.22) | +.337 (8.56) | z | -.180 (4.57) | +.000 (0.00),unreviewed
MIL-STD-1560C.pdf,167,1,12,Z | +.314 (7.98) | +.221 (5.61) | AA | -.097 (2.46) | +.265 (6.73),unreviewed
MIL-STD-1560C.pdf,167,2,1,Shell; size | Arrange-; ment; no. | Number; of; contacts | Size; contacts | Service; rating | Contact; location | Standard contact | ,unreviewed
MIL-STD-1560C.pdf,167,2,2, |  |  |  |  |  | Pin | Socket,unreviewed
MIL-STD-1560C.pdf,167,2,3,"25 | -46 | 2 | 8; (see; note) | Coax | z, w | M39029/60-367 | M39029/59-; 366",unreviewed
MIL-STD-1560C.pdf,167,2,4," |  | 4 | 16 | I | AA,; v, x, y | M39029/58-364 | M39029/56-352",unreviewed
MIL-STD-1560C.pdf,167,2,5, |  | 40 | 20 |  | All; others | M39029/58-363 | M39029/56-351,unreviewed
MIL-STD-1560C.pdf,168,1,1,Contacts; (Insert arrangement 25-47) |  |  |  |  | ,unreviewed
MIL-STD-1560C.pdf,168,1,2,Contact; position; ID | Location |  | Contact; position ID | Location | ,unreviewed
MIL-STD-1560C.pdf,168,1,3, | X-axis; (mm) | Y-axis; (mm) |  | X-axis; (mm) | Y-axis; (mm),unreviewed
MIL-STD-1560C.pdf,168,1,4,A | +.065 (1.65) | +.533 (13.54) | a | +.404 (10.26) | +.125 (3.18),unreviewed
MIL-STD-1560C.pdf,168,1,5,B | +.275 (6.99) | +.466 (11.84) | b | +.437 (11.10) | +.000 (0.00),unreviewed
MIL-STD-1560C.pdf,168,1,6,C | +.420 (10.67) | +.337 (8.56) | c | +.404 (10.26) | -.125 (3.18),unreviewed
MIL-STD-1560C.pdf,168,1,7,D | +.490 (12.45) | +.227 (5.77) | d | +.314 (7.98) | -.221 (5.61),unreviewed
MIL-STD-1560C.pdf,168,1,8,E | +.531 (13.49) | +.093 (2.36) | e | +.245 (6.22) | -.337 (8.56),unreviewed
MIL-STD-1560C.pdf,168,1,9,F | +.531 (13.49) | -.093 (2.36) | f | +.136 (3.45) | -.424 (10.77),unreviewed
MIL-STD-1560C.pdf,168,1,10,G | +.490 (12.45) | -.227 (5.77) | g | +.000 (0.00) | -.395 (10.03),unreviewed
MIL-STD-1560C.pdf,168,1,11,H | +.420 (10.67) | -.337 (8.56) | h | -.136 (3.45) | -.424 (10.77),unreviewed
MIL-STD-1560C.pdf,168,1,12,J | +.275 (6.99) | -.466 (11.84) | k | -.245 (6.22) | -.337 (8.56),unreviewed
MIL-STD-1560C.pdf,168,1,13,K | +.065 (1.65) | -.533 (13.54) | m | -.314 (7.98) | -.221 (5.61),unreviewed
MIL-STD-1560C.pdf,168,1,14,L | -.065 (1.65) | -.533 (13.54) | n | -.404 (10.26) | -.125 (3.18),unreviewed
MIL-STD-1560C.pdf,168,1,15,M | -.275 (6.99) | -.466 (11.84) | p | -.437 (11.10) | +.000 (0.00),unreviewed
MIL-STD-1560C.pdf,168,1,16,N | -.420 (10.67) | -.337 (8.56) | q | -.404 (10.26) | +.125 (3.18),unreviewed
MIL-STD-1560C.pdf,168,1,17,P | -.490 (12.45) | -.227 (5.77) | r | -.314 (7.98) | +.221 (5.61),unreviewed
MIL-STD-1560C.pdf,169,1,1,Contacts; (Insert arrangement 25-47) |  |  |  |  | ,unreviewed
MIL-STD-1560C.pdf,169,1,2,Contact; position; ID | Location |  | Contact; position ID | Location | ,unreviewed
MIL-STD-1560C.pdf,169,1,3, | X-axis; (mm) | Y-axis; (mm) |  | X-axis; (mm) | Y-axis; (mm),unreviewed
MIL-STD-1560C.pdf,169,1,4,R | -.531 (13.49) | -.093 (2.36) | s | -.245 (6.22) | +.337 (8.56),unreviewed
MIL-STD-1560C.pdf,169,1,5,S | -.531 (13.49) | +.093 (2.36) | t | -.136 (3.45) | +.424 (10.77),unreviewed
MIL-STD-1560C.pdf,169,1,6,T | -.490 (12.45) | +.227 (5.77) | u | +.000 (0.00) | +.395 (10.03),unreviewed
MIL-STD-1560C.pdf,169,1,7,U | -.420 (10.67) | +.337 (8.56) | v | +.097 (2.46) | +.265 (6.73),unreviewed
MIL-STD-1560C.pdf,169,1,8,V | -.275 (6.99) | +.466 (11.84) | w | +.180 (4.57) | +.000 (0.00),unreviewed
MIL-STD-1560C.pdf,169,1,9,W | -.065 (1.65) | +.533 (13.54) | x | +.097 (2.46) | -.265 (6.73),unreviewed
MIL-STD-1560C.pdf,169,1,10,X | +.136 (3.45) | +.424 (10.77) | y | -.097 (2.46) | -.265 (6.73),unreviewed
MIL-STD-1560C.pdf,169,1,11,Y | +.245 (6.22) | +.337 (8.56) | z | -.180 (4.57) | +.000 (0.00),unreviewed
MIL-STD-1560C.pdf,169,1,12,Z | +.314 (7.98) | +.221 (5.61) | AA | -.097 (2.46) | +.265 (6.73),unreviewed
MIL-STD-1560C.pdf,169,2,1,Shell; size | Arrange-; ment; no. | Number; of; contacts | Size; contacts | Service; rating | Contact; location | Standard contact | ,unreviewed
MIL-STD-1560C.pdf,169,2,2, |  |  |  |  |  | Pin | Socket,unreviewed
MIL-STD-1560C.pdf,169,2,3,"25 | -47 | 2 | 8; (see; note) | Coax | z, w | M39029/60-367 | M39029/59-366",unreviewed
MIL-STD-1560C.pdf,169,2,4," |  | 4 | 16 | I | AA,; v, x, y | M39029/58-364 | M39029/56-352",unreviewed
MIL-STD-1560C.pdf,169,2,5, |  | 40 | 20 |  | All others | M39029/58-363 | M39029/56-351,unreviewed
MIL-STD-1560C.pdf,170,1,1,Contacts; (Insert arrangement 25-61) |  |  |  |  | ,unreviewed
MIL-STD-1560C.pdf,170,1,2,Contact; position; ID | Location |  | Contact; position ID | Location | ,unreviewed
MIL-STD-1560C.pdf,170,1,3, | X-axis; (mm) | Y-axis; (mm) |  | X-axis; (mm) | Y-axis; (mm),unreviewed
MIL-STD-1560C.pdf,170,1,4,A | +.196 (4.98) | +.500 (12.70) | i | +.251 (6.38) | -.314 (7.98),unreviewed
MIL-STD-1560C.pdf,170,1,5,B | +.314 (7.98) | +.435 (11.05) | j | +.133 (3.38) | -.379 (9.63),unreviewed
MIL-STD-1560C.pdf,170,1,6,C | +.413 (10.49) | +.343 (8.71) | k | +.000 (0.00) | -.402 (10.21),unreviewed
MIL-STD-1560C.pdf,170,1,7,D | +.485 (12.32) | +.230 (5.84) | m | -.133 (3.38) | -.379 (9.63),unreviewed
MIL-STD-1560C.pdf,170,1,8,E | +.527 (13.39) | +.101 (2.57) | n | -.251 (6.38) | -.314 (7.98),unreviewed
MIL-STD-1560C.pdf,170,1,9,F | +.536 (13.61) | -.030 (0.76) | p | -.341 (8.66) | -.213 (5.41),unreviewed
MIL-STD-1560C.pdf,170,1,10,G | +.511 (12.98) | -.164 (4.17) | q | -.392 (9.96) | -.088 (2.24),unreviewed
MIL-STD-1560C.pdf,170,1,11,H | +.454 (11.53) | -.287 (7.29) | r | -.399 (10.13) | +.046 (1.17),unreviewed
MIL-STD-1560C.pdf,170,1,12,J | +.368 (9.35) | -.391 (9.93) | s | -.362 (9.19) | +.175 (4.45),unreviewed
MIL-STD-1560C.pdf,170,1,13,K | +.259 (6.58) | -.470 (11.94) | t | -.285 (7.24) | +.283 (7.19),unreviewed
MIL-STD-1560C.pdf,170,1,14,L | +.134 (3.40) | -.519 (13.18) | u | -.173 (4.39) | +.363 (9.22),unreviewed
MIL-STD-1560C.pdf,170,1,15,M | +.000 (0.00) | -.537 (13.64) | v | +.000 (0.00) | +.338 (8.59),unreviewed
MIL-STD-1560C.pdf,170,1,16,N | -.134 (3.40) | -.519 (13.18) | w | +.147 (3.73) | +.223 (5.66),unreviewed
MIL-STD-1560C.pdf,170,1,17,P | -.259 (6.58) | -.470 (11.94) | x | +.237 (6.02) | +.122 (3.10),unreviewed
MIL-STD-1560C.pdf,170,1,18,R | -.368 (9.35) | -.391 (9.93) | y | +.267 (6.78) | -.010 (0.25),unreviewed
MIL-STD-1560C.pdf,170,1,19,S | -.454 (11.53) | -.287 (7.29) | z | +.228 (5.79) | -.139 (3.53),unreviewed
MIL-STD-1560C.pdf,170,1,20,T | -.511 (12.98) | -.164 (4.17) | AA | +.131 (3.33) | -.233 (5.92),unreviewed
MIL-STD-1560C.pdf,170,1,21,U | -.536 (13.61) | -.030 (0.76) | BB | +.000 (0.00) | -.267 (6.78),unreviewed
MIL-STD-1560C.pdf,171,1,1,Contacts; (Insert arrangement 25-61) |  |  |  |  | ,unreviewed
MIL-STD-1560C.pdf,171,1,2,Contact; position; ID | Location |  | Contact; position ID | Location | ,unreviewed
MIL-STD-1560C.pdf,171,1,3, | X-axis; (mm) | Y-axis; (mm) |  | X-axis; (mm) | Y-axis; (mm),unreviewed
MIL-STD-1560C.pdf,171,1,4,V | -.527 (13.39) | +.101 (2.57) | CC | -.131 (3.33) | -.233 (5.92),unreviewed
MIL-STD-1560C.pdf,171,1,5,W | -.485 (12.32) | +.230 (5.84) | DD | -.228 (5.79) | -.139 (3.53),unreviewed
MIL-STD-1560C.pdf,171,1,6,X | -.413 (10.49) | +.343 (8.71) | EE | -.267 (6.78) | -.010 (0.25),unreviewed
MIL-STD-1560C.pdf,171,1,7,Y | -.314 (7.98) | +.435 (11.05) | FF | -.237 (6.02) | +.122 (3.10),unreviewed
MIL-STD-1560C.pdf,171,1,8,Z | -.196 (4.98) | +.500 (12.70) | GG | -.147 (3.73) | +.223 (5.66),unreviewed
MIL-STD-1560C.pdf,171,1,9,a | -.068 (1.73) | +.454 (11.53) | HH | +.000 (0.00) | +.200 (5.08),unreviewed
MIL-STD-1560C.pdf,171,1,10,b | +.068 (1.73) | +.454 (11.53) | JJ | +.105 (2.67) | +.094 (2.39),unreviewed
MIL-STD-1560C.pdf,171,1,11,c | +.173 (4.39) | +.363 (9.22) | KK | +.135 (3.43) | -.041 (1.04),unreviewed
MIL-STD-1560C.pdf,171,1,12,d | +.285 (7.24) | +.283 (7.19) | LL | +.000 (0.00) | -.132 (3.35),unreviewed
MIL-STD-1560C.pdf,171,1,13,e | +.362 (9.19) | +.175 (4.45) | MM | -.135 (3.43) | -.041 (1.04),unreviewed
MIL-STD-1560C.pdf,171,1,14,f | +.399 (10.13) | +.046 (1.17) | NN | -.105 (2.67) | +.094 (2.39),unreviewed
MIL-STD-1560C.pdf,171,1,15,g | +.392 (9.96) | -.088 (2.24) | PP | +.000 (0.00) | +.000 (0.00),unreviewed
MIL-STD-1560C.pdf,171,1,16,h | +.341 (8.66) | -.213 (5.41) | --- | --- | ---,unreviewed
MIL-STD-1560C.pdf,171,2,1,Shell; size | Arrangement; no. | Number of; contacts | Size; contacts | Service; rating | Contact; location | Supersedes,unreviewed
MIL-STD-1560C.pdf,171,2,2,25 | -61 | 61 | 20 | I | All | MS20057-61,unreviewed
MIL-STD-1560C.pdf,172,1,1,Contacts; (Insert arrangement 25-90) |  |  |  |  | ,unreviewed
MIL-STD-1560C.pdf,172,1,2,Contact; position; ID | Location |  | Contact; position ID | Location | ,unreviewed
MIL-STD-1560C.pdf,172,1,3, | X-axis; (mm) | Y-axis; (mm) |  | X-axis; (mm) | Y-axis; (mm),unreviewed
MIL-STD-1560C.pdf,172,1,4,A | +.065 (1.65) | +.533 (13.54) | a | +.404 (10.26) | +.125 (3.18),unreviewed
MIL-STD-1560C.pdf,172,1,5,B | +.275 (6.99) | +.466 (11.84) | b | +.437 (11.10) | +.000 (0.00),unreviewed
MIL-STD-1560C.pdf,172,1,6,C | +.420 (10.67) | +.337 (8.56) | c | +.404 (10.26) | -.125 (3.18),unreviewed
MIL-STD-1560C.pdf,172,1,7,D | +.490 (12.45) | +.227 (5.77) | d | +.314 (7.98) | -.221 (5.61),unreviewed
MIL-STD-1560C.pdf,172,1,8,E | +.531 (13.49) | +.093 (2.36) | e | +.245 (6.22) | -.337 (8.56),unreviewed
MIL-STD-1560C.pdf,172,1,9,F | +.531 (13.49) | -.093 (2.36) | f | +.136 (3.45) | -.424 (10.77),unreviewed
MIL-STD-1560C.pdf,172,1,10,G | +.490 (12.45) | -.227 (5.77) | g | +.000 (0.00) | -.395 (10.03),unreviewed
MIL-STD-1560C.pdf,172,1,11,H | +.420 (10.67) | -.337 (8.56) | h | -.136 (3.45) | -.424 (10.77),unreviewed
MIL-STD-1560C.pdf,172,1,12,J | +.275 (6.99) | -.466 (11.84) | k | -.245 (6.22) | -.337 (8.56),unreviewed
MIL-STD-1560C.pdf,172,1,13,K | +.065 (1.65) | -.533 (13.54) | m | -.314 (7.98) | -.221 (5.61),unreviewed
MIL-STD-1560C.pdf,172,1,14,L | -.065 (1.65) | -.533 (13.54) | n | -.404 (10.26) | -.125 (3.18),unreviewed
MIL-STD-1560C.pdf,172,1,15,M | -.275 (6.99) | -.466 (11.84) | p | -.437 (11.10) | +.000 (0.00),unreviewed
MIL-STD-1560C.pdf,172,1,16,N | -.420 (10.67) | -.337 (8.56) | q | -.404 (10.26) | +.125 (3.18),unreviewed
MIL-STD-1560C.pdf,172,1,17,P | -.490 (12.45) | -.227 (5.77) | r | -.314 (7.98) | +.221 (5.61),unreviewed
MIL-STD-1560C.pdf,172,1,18,R | -.531 (13.49) | -.093 (2.36) | s | -.245 (6.22) | +.337 (8.56),unreviewed
MIL-STD-1560C.pdf,172,1,19,S | -.531 (13.49) | +.093 (2.36) | t | -.136 (3.45) | +.424 (10.77),unreviewed
MIL-STD-1560C.pdf,172,1,20,T | -.490 (12.45) | +.227 (5.77) | u | +.000 (0.00) | +.395 (10.03),unreviewed
MIL-STD-1560C.pdf,172,1,21,U | -.420 (10.67) | +.337 (8.56) | v | +.097 (2.46) | +.265 (6.73),unreviewed
MIL-STD-1560C.pdf,173,1,1,Contacts; (Insert arrangement 25-90) |  |  |  |  | ,unreviewed
MIL-STD-1560C.pdf,173,1,2,Contact; position; ID | Location |  | Contact; position ID | Location | ,unreviewed
MIL-STD-1560C.pdf,173,1,3, | X-axis; (mm) | Y-axis; (mm) |  | X-axis; (mm) | Y-axis; (mm),unreviewed
MIL-STD-1560C.pdf,173,1,4,V | -.275 (6.99) | +.466 (11.84) | w | +.180 (4.57) | +.000 (.00),unreviewed
MIL-STD-1560C.pdf,173,1,5,W | -.065 (1.65) | +.533 (13.54) | x | +.097 (2.46) | -.265 (6.73),unreviewed
MIL-STD-1560C.pdf,173,1,6,X | +.136 (3.45) | +.424 (10.77) | y | -.097 (2.46) | -.265 (6.73),unreviewed
MIL-STD-1560C.pdf,173,1,7,Y | +.245 (6.22) | +.337 (8.56) | z | -.180 (4.57) | +.000 (0.00),unreviewed
MIL-STD-1560C.pdf,173,1,8,Z | +.314 (7.98) | +.221 (5.61) | AA | -.097 (2.46) | +.265 (6.73),unreviewed
MIL-STD-1560C.pdf,173,2,1,Shell; size | Arrange-; ment no. | Number; of; contacts | Size; contacts | Service; rating | Contact; location | Standard contact | ,unreviewed
MIL-STD-1560C.pdf,173,2,2, |  |  |  |  |  | Pin | Socket,unreviewed
MIL-STD-1560C.pdf,173,2,3,"25 | -90 | 2 | 8; (see note) | Twinax | w, z | M39029/90-529 | M39029/91-530",unreviewed
MIL-STD-1560C.pdf,173,2,4," |  | 4 | 16 | I | v , x , y ,; AA | M39029/58-364 | M39029/56-352",unreviewed
MIL-STD-1560C.pdf,173,2,5, |  | 40 | 20 |  | All others | M39029/58-363 | M39029/56-351,unreviewed
MIL-STD-1560C.pdf,174,1,1,Contacts; (Insert arrangement 25-91) |  |  |  |  | ,unreviewed
MIL-STD-1560C.pdf,174,1,2,Contact; position; ID | Location |  | Contact; position ID | Location | ,unreviewed
MIL-STD-1560C.pdf,174,1,3, | X-axis; (mm) | Y-axis; (mm) |  | X-axis; (mm) | Y-axis; (mm),unreviewed
MIL-STD-1560C.pdf,174,1,4,A | +.065 (1.65) | +.533 (13.54) | a | +.404 (10.26) | +.125 (3.18),unreviewed
MIL-STD-1560C.pdf,174,1,5,B | +.275 (6.99) | +.466 (11.84) | b | +.437 (11.10) | +.000 (0.00),unreviewed
MIL-STD-1560C.pdf,174,1,6,C | +.420 (10.67) | +.337 (8.56) | c | +.404 (10.26) | -.125 (3.18),unreviewed
MIL-STD-1560C.pdf,174,1,7,D | +.490 (12.45) | +.227 (5.77) | d | +.314 (7.98) | -.221 (5.61),unreviewed
MIL-STD-1560C.pdf,174,1,8,E | +.531 (13.49) | +.093 (2.36) | e | +.245 (6.22) | -.337 (8.56),unreviewed
MIL-STD-1560C.pdf,174,1,9,F | +.531 (13.49) | -.093 (2.36) | f | +.136 (3.45) | -.424 (10.77),unreviewed
MIL-STD-1560C.pdf,174,1,10,G | +.490 (12.45) | -.227 (5.77) | g | +.000 (0.00) | -.395 (10.03),unreviewed
MIL-STD-1560C.pdf,174,1,11,H | +.420 (10.67) | -.337 (8.56) | h | -.136 (3.45) | -.424 (10.77),unreviewed
MIL-STD-1560C.pdf,174,1,12,J | +.275 (6.99) | -.466 (11.84) | k | -.245 (6.22) | -.337 (8.56),unreviewed
MIL-STD-1560C.pdf,174,1,13,K | +.065 (1.65) | -.533 (13.54) | m | -.314 (7.98) | -.221 (5.61),unreviewed
MIL-STD-1560C.pdf,174,1,14,L | -.065 (1.65) | -.533 (13.54) | n | -.404 (10.26) | -.125 (3.18),unreviewed
MIL-STD-1560C.pdf,174,1,15,M | -.275 (6.99) | -.466 (11.84) | p | -.437 (11.10) | +.000 (0.00),unreviewed
MIL-STD-1560C.pdf,174,1,16,N | -.420 (10.67) | -.337 (8.56) | q | -.404 (10.26) | +.125 (3.18),unreviewed
MIL-STD-1560C.pdf,174,1,17,P | -.490 (12.45) | -.227 (5.77) | r | -.314 (7.98) | +.221 (5.61),unreviewed
MIL-STD-1560C.pdf,174,1,18,R | -.531 (13.49) | -.093 (2.36) | s | -.245 (6.22) | +.337 (8.56),unreviewed
MIL-STD-1560C.pdf,174,1,19,S | -.531 (13.49) | +.093 (2.36) | t | -.136 (3.45) | +.424 (10.77),unreviewed
MIL-STD-1560C.pdf,174,1,20,T | -.490 (12.45) | +.227 (5.77) | u | +.000 (0.00) | +.395 (10.03),unreviewed
MIL-STD-1560C.pdf,174,1,21,U | -.420 (10.67) | +.337 (8.56) | v | +.097 (2.46) | +.265 (6.73),unreviewed
MIL-STD-1560C.pdf,175,1,1,Contacts; (Insert arrangement 25-91) |  |  |  |  | ,unreviewed
MIL-STD-1560C.pdf,175,1,2,Contact; position; ID | Location |  | Contact; position ID | Location | ,unreviewed
MIL-STD-1560C.pdf,175,1,3, | X-axis; (mm) | Y-axis; (mm) |  | X-axis; (mm) | Y-axis; (mm),unreviewed
MIL-STD-1560C.pdf,175,1,4,V | -.275 (6.99) | +.466 (11.84) | w | +.180 (4.57) | +.000 (.00),unreviewed
MIL-STD-1560C.pdf,175,1,5,W | -.065 (1.65) | +.533 (13.54) | x | +.097 (2.46) | -.265 (6.73),unreviewed
MIL-STD-1560C.pdf,175,1,6,X | +.136 (3.45) | +.424 (10.77) | y | -.097 (2.46) | -.265 (6.73),unreviewed
MIL-STD-1560C.pdf,175,1,7,Y | +.245 (6.22) | +.337 (8.56) | z | -.180 (4.57) | +.000 (0.00),unreviewed
MIL-STD-1560C.pdf,175,1,8,Z | +.314 (7.98) | +.221 (5.61) | AA | -.097 (2.46) | +.265 (6.73),unreviewed
MIL-STD-1560C.pdf,175,2,1,Shell; size | Arrange; ment no. | Number; of; contacts | Size; contacts | Service; rating | Contact; location | Standard contact | ,unreviewed
MIL-STD-1560C.pdf,175,2,2, |  |  |  |  |  | Pin | Socket,unreviewed
MIL-STD-1560C.pdf,175,2,3,"25 | -91 | 2 | 8; (see note) | Twinax | w, z | M39029/113 | M39029/114",unreviewed
MIL-STD-1560C.pdf,175,2,4," |  | 4 | 16 | I | v , x , y ,; AA | M39029/58-364 | M39029/56-352",unreviewed
MIL-STD-1560C.pdf,175,2,5, |  | 40 | 20 |  | All others | M39029/58-363 | M39029/56-351,unreviewed
MIL-STD-1560C.pdf,176,1,1,Contacts; (Insert arrangement 8-3) |  | ,unreviewed
MIL-STD-1560C.pdf,176,1,2,Contact; position; ID | Contact location | ,unreviewed
MIL-STD-1560C.pdf,176,1,3, | X-axis; (mm) | Y-axis; (mm),unreviewed
MIL-STD-1560C.pdf,176,1,4,A | +.056 (1.42) | +.018 (0.46),unreviewed
MIL-STD-1560C.pdf,176,1,5,B | +.000 (0.00) | -.079 (2.01),unreviewed
MIL-STD-1560C.pdf,176,1,6,C | -.056 (1.42) | +.018 (0.46),unreviewed
MIL-STD-1560C.pdf,176,2,1,Shell; size | Arrangement; no. | Number of; contacts | Size; contacts | Service; rating | Contact; location | Supersedes,unreviewed
MIL-STD-1560C.pdf,176,2,2,8 | -3 | 3 | 20 | M | All | MS27343-3,unreviewed
MIL-STD-1560C.pdf,177,1,1,Contacts; (Insert arrangement 8-6) |  | ,unreviewed
MIL-STD-1560C.pdf,177,1,2,Contact; position; ID | Contact location | ,unreviewed
MIL-STD-1560C.pdf,177,1,3, | X-axis; (mm) | Y-axis; (mm),unreviewed
MIL-STD-1560C.pdf,177,1,4,1 | +.045 (1.14) | +.078 (1.98),unreviewed
MIL-STD-1560C.pdf,177,1,5,2 | +.078 (1.98) | -.045 (1.14),unreviewed
MIL-STD-1560C.pdf,177,1,6,3 | +.000 (0.00) | -.090 (2.29),unreviewed
MIL-STD-1560C.pdf,177,1,7,4 | -.078 (1.98) | -.045 (1.14),unreviewed
MIL-STD-1560C.pdf,177,1,8,5 | -.045 (1.14) | +.078 (1.98),unreviewed
MIL-STD-1560C.pdf,177,1,9,6 | +.000 (0.00) | +.000 (0.00),unreviewed
MIL-STD-1560C.pdf,177,2,1,Shell; size | Arrangement; no. | Number of; contacts | Size; contacts | Service; rating | Contact; location | Supersedes,unreviewed
MIL-STD-1560C.pdf,177,2,2,8 | -6 | 6 | 22M | M | All | MS27343-6,unreviewed
MIL-STD-1560C.pdf,178,1,1,Contacts; (Insert arrangement 8-35) |  | ,unreviewed
MIL-STD-1560C.pdf,178,1,2,Contact; position; ID | Contact location | ,unreviewed
MIL-STD-1560C.pdf,178,1,3, | X-axis; (mm) | Y-axis; (mm),unreviewed
MIL-STD-1560C.pdf,178,1,4,1 | +.045 (1.14) | +.078 (1.98),unreviewed
MIL-STD-1560C.pdf,178,1,5,2 | +.078 (1.98) | -.045 (1.14),unreviewed
MIL-STD-1560C.pdf,178,1,6,3 | +.000 (0.00) | -.090 (2.29),unreviewed
MIL-STD-1560C.pdf,178,1,7,4 | -.078 (1.98) | -.045 (1.14),unreviewed
MIL-STD-1560C.pdf,178,1,8,5 | -.045 (1.14) | +.078 (1.98),unreviewed
MIL-STD-1560C.pdf,178,1,9,6 | +.000 (0.00) | +.000 (0.00),unreviewed
MIL-STD-1560C.pdf,178,2,1,Shell; size | Arrangement; no. | Number of; contacts | Size; contacts | Service; rating | Contact; location | Supersedes,unreviewed
MIL-STD-1560C.pdf,178,2,2,8 | -35 | 6 | 22D | M | All | MS27516-35,unreviewed
MIL-STD-1560C.pdf,179,1,1,Contacts; (Insert arrangement 8-44) |  | ,unreviewed
MIL-STD-1560C.pdf,179,1,2,Contact; position; ID | Contact location | ,unreviewed
MIL-STD-1560C.pdf,179,1,3, | X-axis; (mm) | Y-axis; (mm),unreviewed
MIL-STD-1560C.pdf,179,1,4,1 | +.000 (0.00) | +.081 (2.06),unreviewed
MIL-STD-1560C.pdf,179,1,5,2 | +.080 (2.03) | +.021 (0.53),unreviewed
MIL-STD-1560C.pdf,179,1,6,3 | +.000 (0.00) | -.050 (1.27),unreviewed
MIL-STD-1560C.pdf,179,1,7,4 | -.080 (2.03) | +.021 (0.53),unreviewed
MIL-STD-1560C.pdf,179,2,1,Shell; size | Arrangement; no. | Number of; contacts | Size; contacts | Service; rating | Contact; location | Supersedes,unreviewed
MIL-STD-1560C.pdf,179,2,2,8 | -44 | 4 | 22 | M | All | MS27343-44,unreviewed
MIL-STD-1560C.pdf,180,1,1,Contacts; (Insert arrangement 8-98) |  | ,unreviewed
MIL-STD-1560C.pdf,180,1,2,Contact; position; ID | Contact location | ,unreviewed
MIL-STD-1560C.pdf,180,1,3, | X-axis; (mm) | Y-axis; (mm),unreviewed
MIL-STD-1560C.pdf,180,1,4,A | +.065 (1.65) | +.038 (0.97),unreviewed
MIL-STD-1560C.pdf,180,1,5,B | +.000 (0.00) | -.075 (1.91),unreviewed
MIL-STD-1560C.pdf,180,1,6,C | -.065 (1.65) | +.038 (0.97),unreviewed
MIL-STD-1560C.pdf,180,2,1,Shell; size | Arrangement; no. | Number of; contacts | Size; contacts | Service; rating | Contact; location | Supersedes,unreviewed
MIL-STD-1560C.pdf,180,2,2,8 | -98 | 3 | 20 | I | All | MS27343-98,unreviewed
MIL-STD-1560C.pdf,181,1,1,Contacts; (Insert arrangement 10-5) |  | ,unreviewed
MIL-STD-1560C.pdf,181,1,2,Contact; position; ID | Contact location | ,unreviewed
MIL-STD-1560C.pdf,181,1,3, | X-axis; (mm) | Y-axis; (mm),unreviewed
MIL-STD-1560C.pdf,181,1,4,A | +.065 (1.65) | +.056 (1.42),unreviewed
MIL-STD-1560C.pdf,181,1,5,B | +.113 (2.87) | -.065 (1.65),unreviewed
MIL-STD-1560C.pdf,181,1,6,C | +.000 (0.00) | -.130 (3.30),unreviewed
MIL-STD-1560C.pdf,181,1,7,D | -.113 (2.87) | -.065 (1.65),unreviewed
MIL-STD-1560C.pdf,181,1,8,E | -.065 (1.65) | +.056 (1.42),unreviewed
MIL-STD-1560C.pdf,181,2,1,Shell; size | Arrangement; no. | Number of; contacts | Size; contacts | Service; rating | Contact; location | Supersedes,unreviewed
MIL-STD-1560C.pdf,181,2,2,10 | -5 | 5 | 20 | I | All | MS27344-5,unreviewed
MIL-STD-1560C.pdf,182,1,1,Contacts; (Insert arrangement 10-13) |  |  |  |  | ,unreviewed
MIL-STD-1560C.pdf,182,1,2,Contact; position; ID | Location |  | Contact; position ID | Location | ,unreviewed
MIL-STD-1560C.pdf,182,1,3, | X-axis; (mm) | Y-axis; (mm) |  | X-axis; (mm) | Y-axis; (mm),unreviewed
MIL-STD-1560C.pdf,182,1,4,1 | +.000 (0.00) | +.146 (3.71) | 8 | -.138 (3.51) | -.045 (1.14),unreviewed
MIL-STD-1560C.pdf,182,1,5,2 | +.085 (2.16) | +.118 (3.00) | 9 | -.138 (3.51) | +.045 (1.14),unreviewed
MIL-STD-1560C.pdf,182,1,6,3 | +.138 (3.51) | +.045 (1.14) | 10 | -.085 (2.16) | +.118 (3.00),unreviewed
MIL-STD-1560C.pdf,182,1,7,4 | +.138 (3.51) | -.045 (1.14) | 11 | +.000 (0.00) | +.056 (1.42),unreviewed
MIL-STD-1560C.pdf,182,1,8,5 | +.085 (2.16) | -.118 (3.00) | 12 | +.049 (1.24) | -.035 (0.89),unreviewed
MIL-STD-1560C.pdf,182,1,9,6 | +.000 (0.00) | -.146 (3.71) | 13 | -.049 (1.24) | -.035 (0.89),unreviewed
MIL-STD-1560C.pdf,182,1,10,7 | -.085 (2.16) | -.118 (3.00) | --- | --- | ---,unreviewed
MIL-STD-1560C.pdf,182,2,1,Shell; size | Arrangement; no. | Number of; contacts | Size; contacts | Service; rating | Contact; location | Supersedes,unreviewed
MIL-STD-1560C.pdf,182,2,2,10 | -13 | 13 | 22M | M | All | MS27344-13,unreviewed
MIL-STD-1560C.pdf,183,1,1,Contacts; (Insert arrangement 10-35) |  |  |  |  | ,unreviewed
MIL-STD-1560C.pdf,183,1,2,Contact; position; ID | Location |  | Contact; position ID | Location | ,unreviewed
MIL-STD-1560C.pdf,183,1,3, | X-axis; (mm) | Y-axis; (mm) |  | X-axis; (mm) | Y-axis; (mm),unreviewed
MIL-STD-1560C.pdf,183,1,4,1 | +.000 (0.00) | +.146 (3.71) | 8 | -.138 (3.51) | -.045 (1.14),unreviewed
MIL-STD-1560C.pdf,183,1,5,2 | +.085 (2.16) | +.118 (3.00) | 9 | -.138 (3.51) | +.045 (1.14),unreviewed
MIL-STD-1560C.pdf,183,1,6,3 | +.138 (3.51) | +.045 (1.14) | 10 | -.085 (2.16) | +.118 (3.00),unreviewed
MIL-STD-1560C.pdf,183,1,7,4 | +.138 (3.51) | -.045 (1.14) | 11 | +.000 (0.00) | +.056 (1.42),unreviewed
MIL-STD-1560C.pdf,183,1,8,5 | +.085 (2.16) | -.118 (3.00) | 12 | +.049 (1.24) | -.035 (0.89),unreviewed
MIL-STD-1560C.pdf,183,1,9,6 | +.000 (0.00) | -.146 (3.71) | 13 | -.049 (1.24) | -.035 (0.89),unreviewed
MIL-STD-1560C.pdf,183,1,10,7 | -.085 (2.16) | -.118 (3.00) | --- | --- | ---,unreviewed
MIL-STD-1560C.pdf,183,2,1,Shell; size | Arrangement; no. | Number of; contacts | Size; contacts | Service; rating | Contact; location | Supersedes,unreviewed
MIL-STD-1560C.pdf,183,2,2,10 | -35 | 13 | 22D | M | All | MS27517-35,unreviewed
MIL-STD-1560C.pdf,184,1,1,Contacts; (Insert arrangement 10-98) |  | ,unreviewed
MIL-STD-1560C.pdf,184,1,2,Contact; position; ID | Contact location | ,unreviewed
MIL-STD-1560C.pdf,184,1,3, | X-axis; (mm) | Y-axis; (mm),unreviewed
MIL-STD-1560C.pdf,184,1,4,A | +.000 (0.00) | +.130 (3.30),unreviewed
MIL-STD-1560C.pdf,184,1,5,B | +.130 (3.30) | +.000 (0.00),unreviewed
MIL-STD-1560C.pdf,184,1,6,C | +.065 (1.65) | -.113 (2.87),unreviewed
MIL-STD-1560C.pdf,184,1,7,D | -.065 (1.65) | -.113 (2.87),unreviewed
MIL-STD-1560C.pdf,184,1,8,E | -.130 (3.30) | +.000 (0.00),unreviewed
MIL-STD-1560C.pdf,184,1,9,F | +.000 (0.00) | +.000 (0.00),unreviewed
MIL-STD-1560C.pdf,184,2,1,Shell; size | Arrangement; no. | Number of; contacts | Size; contacts | Service; rating | Contact; location | Supersedes,unreviewed
MIL-STD-1560C.pdf,184,2,2,10 | -98 | 6 | 20 | I | All | MS27344-; 98,unreviewed
MIL-STD-1560C.pdf,185,1,1,Contacts; (Insert arrangement 10-99) |  | ,unreviewed
MIL-STD-1560C.pdf,185,1,2,Contact; position; ID | Contact location | ,unreviewed
MIL-STD-1560C.pdf,185,1,3, | X-axis; (mm) | Y-axis; (mm),unreviewed
MIL-STD-1560C.pdf,185,1,4,A | +.065 (1.65) | +.113 (2.87),unreviewed
MIL-STD-1560C.pdf,185,1,5,B | +.130 (3.30) | +.000 (0.00),unreviewed
MIL-STD-1560C.pdf,185,1,6,C | +.065 (1.65) | -.113 (2.87),unreviewed
MIL-STD-1560C.pdf,185,1,7,D | -.065 (1.65) | -.113 (2.87),unreviewed
MIL-STD-1560C.pdf,185,1,8,E | -.130 (3.30) | +.000 (0.00),unreviewed
MIL-STD-1560C.pdf,185,1,9,F | -.065 (1.65) | +.113 (2.87),unreviewed
MIL-STD-1560C.pdf,185,1,10,G | +.000 (0.00) | +.000 (0.00),unreviewed
MIL-STD-1560C.pdf,185,2,1,Shell; size | Arrangement; no. | Number of; contacts | Size; contacts | Service; rating | Contact; location | Supersedes,unreviewed
MIL-STD-1560C.pdf,185,2,2,10 | -99 | 7 | 20 | I | All | MS27344-; 99,unreviewed
MIL-STD-1560C.pdf,186,1,1,Contacts; (Insert arrangement 12-3) |  | ,unreviewed
MIL-STD-1560C.pdf,186,1,2,Contact; position; ID | Contact location | ,unreviewed
MIL-STD-1560C.pdf,186,1,3, | X-axis; (mm) | Y-axis; (mm),unreviewed
MIL-STD-1560C.pdf,186,1,4,A | +.094 (2.39) | +.058 (1.47),unreviewed
MIL-STD-1560C.pdf,186,1,5,B | +.000 (0.00) | -.111 (2.82),unreviewed
MIL-STD-1560C.pdf,186,1,6,C | -.094 (2.39) | +.058 (1.47),unreviewed
MIL-STD-1560C.pdf,186,2,1,Shell; size | Arrangement; no. | Number of; contacts | Size; contacts | Service; rating | Contact; location | Supersedes,unreviewed
MIL-STD-1560C.pdf,186,2,2,12 | -3 | 3 | 16 | II | All | MS27345-3,unreviewed
MIL-STD-1560C.pdf,187,1,1,Contacts; (Insert arrangement 12-4) |  | ,unreviewed
MIL-STD-1560C.pdf,187,1,2,Contact; position; ID | Contact location | ,unreviewed
MIL-STD-1560C.pdf,187,1,3, | X-axis; (mm) | Y-axis; (mm),unreviewed
MIL-STD-1560C.pdf,187,1,4,A | +.000 (0.00) | +.150 (3.81),unreviewed
MIL-STD-1560C.pdf,187,1,5,B | +.146 (3.71) | +.035 (0.89),unreviewed
MIL-STD-1560C.pdf,187,1,6,C | +.000 (0.00) | -.083 (2.11),unreviewed
MIL-STD-1560C.pdf,187,1,7,D | -.146 (3.71) | +.035 (0.89),unreviewed
MIL-STD-1560C.pdf,187,2,1,Shell; size | Arrangement; no. | Number of; contacts | Size; contacts | Service; rating | Contact; location | Supersedes,unreviewed
MIL-STD-1560C.pdf,187,2,2,12 | -4 | 4 | 16 | I | All | MS27345-4,unreviewed
MIL-STD-1560C.pdf,188,1,1,Contacts; (Insert arrangement 12-8) |  | ,unreviewed
MIL-STD-1560C.pdf,188,1,2,Contact; position; ID | Contact location | ,unreviewed
MIL-STD-1560C.pdf,188,1,3, | X-axis; (mm) | Y-axis; (mm),unreviewed
MIL-STD-1560C.pdf,188,1,4,A | +.065 (1.65) | +.157 (3.99),unreviewed
MIL-STD-1560C.pdf,188,1,5,B | +.170 (4.32) | +.000 (0.00),unreviewed
MIL-STD-1560C.pdf,188,1,6,C | +.120 (3.05) | -.120 (3.05),unreviewed
MIL-STD-1560C.pdf,188,1,7,D | +.000 (0.00) | -.170 (4.32),unreviewed
MIL-STD-1560C.pdf,188,1,8,E | -.120 (3.05) | -.120 (3.05),unreviewed
MIL-STD-1560C.pdf,188,1,9,F | -.170 (4.32) | +.000 (0.00),unreviewed
MIL-STD-1560C.pdf,188,1,10,G | -.065 (1.65) | +.157 (3.99),unreviewed
MIL-STD-1560C.pdf,188,1,11,H | +.000 (0.00) | +.044 (1.12),unreviewed
MIL-STD-1560C.pdf,188,2,1,Shell; size | Arrangement; no. | Number of; contacts | Size; contacts | Service; rating | Contact; location | Supersedes,unreviewed
MIL-STD-1560C.pdf,188,2,2,12 | -8 | 8 | 20 | I | All | MS27345-8,unreviewed
MIL-STD-1560C.pdf,189,1,1,Contacts; (Insert arrangement 12-22) |  |  |  |  | ,unreviewed
MIL-STD-1560C.pdf,189,1,2,Contact; position; ID | Location |  | Contact; position ID | Location | ,unreviewed
MIL-STD-1560C.pdf,189,1,3, | X-axis; (mm) | Y-axis; (mm) |  | X-axis; (mm) | Y-axis; (mm),unreviewed
MIL-STD-1560C.pdf,189,1,4,1 | +.045 (1.14) | +.197 (5.00) | 12 | -.182 (4.62) | +.088 (2.24),unreviewed
MIL-STD-1560C.pdf,189,1,5,2 | +.126 (3.20) | +.158 (4.01) | 13 | -.126 (3.20) | +.158 (4.01),unreviewed
MIL-STD-1560C.pdf,189,1,6,3 | +.182 (4.62) | +.088 (2.24) | 14 | -.045 (1.14) | +.197 (5.00),unreviewed
MIL-STD-1560C.pdf,189,1,7,4 | +.203 (5.16) | +.000 (0.00) | 15 | +.045 (1.14) | +.107 (2.72),unreviewed
MIL-STD-1560C.pdf,189,1,8,5 | +.182 (4.62) | -.088 (2.24) | 16 | +.117 (2.97) | +.026 (0.66),unreviewed
MIL-STD-1560C.pdf,189,1,9,6 | +.126 (3.20) | -.158 (4.01) | 17 | +.093 (2.36) | -.075 (1.91),unreviewed
MIL-STD-1560C.pdf,189,1,10,7 | +.045 (1.14) | -.197 (5.00) | 18 | +.000 (0.00) | -.120 (3.05),unreviewed
MIL-STD-1560C.pdf,189,1,11,8 | -.045 (1.14) | -.197 (5.00) | 19 | -.093 (2.36) | -.075 (1.91),unreviewed
MIL-STD-1560C.pdf,189,1,12,9 | -.126 (3.20) | -.158 (4.01) | 20 | -.117 (2.97) | +.026 (0.66),unreviewed
MIL-STD-1560C.pdf,189,1,13,10 | -.182 (4.62) | -.088 (2.24) | 21 | -.045 (1.14) | +.107 (2.72),unreviewed
MIL-STD-1560C.pdf,189,1,14,11 | -.203 (5.16) | +.000 (0.00) | 22 | +.000 (0.00) | -.030 (0.76),unreviewed
MIL-STD-1560C.pdf,189,2,1,Shell; size | Arrangement; no. | Number of; contacts | Size; contacts | Service; rating | Contact; location | Supersedes,unreviewed
MIL-STD-1560C.pdf,189,2,2,12 | -22 | 22 | 22M | M | All | MS27345-22,unreviewed
MIL-STD-1560C.pdf,190,1,1,Contacts; (Insert arrangement 12-35) |  |  |  |  | ,unreviewed
MIL-STD-1560C.pdf,190,1,2,Contact; position; ID | Location |  | Contact; position ID | Location | ,unreviewed
MIL-STD-1560C.pdf,190,1,3, | X-axis; (mm) | Y-axis; (mm) |  | X-axis; (mm) | Y-axis; (mm),unreviewed
MIL-STD-1560C.pdf,190,1,4,1 | +.045 (1.14) | +.197 (5.00) | 12 | -.182 (4.62) | +.088 (2.24),unreviewed
MIL-STD-1560C.pdf,190,1,5,2 | +.126 (3.20) | +.158 (4.01) | 13 | -.126 (3.20) | +.158 (4.01),unreviewed
MIL-STD-1560C.pdf,190,1,6,3 | +.182 (4.62) | +.088 (2.24) | 14 | -.045 (1.14) | +.197 (5.00),unreviewed
MIL-STD-1560C.pdf,190,1,7,4 | +.203 (5.16) | +.000 (0.00) | 15 | +.045 (1.14) | +.107 (2.72),unreviewed
MIL-STD-1560C.pdf,190,1,8,5 | +.182 (4.62) | -.088 (2.24) | 16 | +.117 (2.97) | +.026 (0.66),unreviewed
MIL-STD-1560C.pdf,190,1,9,6 | +.126 (3.20) | -.158 (4.01) | 17 | +.093 (2.36) | -.075 (1.91),unreviewed
MIL-STD-1560C.pdf,190,1,10,7 | +.045 (1.14) | -.197 (5.00) | 18 | +.000 (0.00) | -.120 (3.05),unreviewed
MIL-STD-1560C.pdf,190,1,11,8 | -.045 (1.14) | -.197 (5.00) | 19 | -.093 (2.36) | -.075 (1.91),unreviewed
MIL-STD-1560C.pdf,190,1,12,9 | -.126 (3.20) | -.158 (4.01) | 20 | -.117 (2.97) | +.026 (0.66),unreviewed
MIL-STD-1560C.pdf,190,1,13,10 | -.182 (4.62) | -.088 (2.24) | 21 | -.045 (1.24) | +.107 (2.72),unreviewed
MIL-STD-1560C.pdf,190,1,14,11 | -.203 (5.16) | +.000 (0.00) | 22 | +.000 (0.00) | -.030 (0.76),unreviewed
MIL-STD-1560C.pdf,190,2,1,Shell; size | Arrangement; no. | Number of; contacts | Size; contacts | Service; rating | Contact; location | Supersedes,unreviewed
MIL-STD-1560C.pdf,190,2,2,12 | -35 | 22 | 22D | M | All | MS27518-35,unreviewed
MIL-STD-1560C.pdf,191,1,1,Contacts; (Insert arrangement 12-98) |  |  |  |  | ,unreviewed
MIL-STD-1560C.pdf,191,1,2,Contact; position; ID | Location |  | Contact; position ID | Location | ,unreviewed
MIL-STD-1560C.pdf,191,1,3, | X-axis; (mm) | Y-axis; (mm) |  | X-axis; (mm) | Y-axis; (mm),unreviewed
MIL-STD-1560C.pdf,191,1,4,A | +.000 (0.00) | +.195 (4.95) | F | -.164 (4.17) | -.105 (2.67),unreviewed
MIL-STD-1560C.pdf,191,1,5,B | +.125 (3.18) | +.150 (3.81) | G | -.193 (4.90) | +.030 (0.76),unreviewed
MIL-STD-1560C.pdf,191,1,6,C | +.193 (4.90) | +.030 (0.76) | H | -.125 (3.18) | +.150 (3.81),unreviewed
MIL-STD-1560C.pdf,191,1,7,D | +.164 (4.17) | -.105 (2.67) | J | +.065 (1.65) | -.015 (0.38),unreviewed
MIL-STD-1560C.pdf,191,1,8,E | +.000 (0.00) | -.135 (3.43) | K | -.065 (1.65) | -.015 (0.38),unreviewed
MIL-STD-1560C.pdf,191,2,1,Shell; size | Arrangement; no. | Number of; contacts | Size; contacts | Service; rating | Contact; location | Supersedes,unreviewed
MIL-STD-1560C.pdf,191,2,2,12 | -98 | 10 | 20 | I | All | MS27345-98,unreviewed
MIL-STD-1560C.pdf,192,1,1,Contacts; (Insert arrangement 14-5) |  | ,unreviewed
MIL-STD-1560C.pdf,192,1,2,Contact; position; ID | Contact location | ,unreviewed
MIL-STD-1560C.pdf,192,1,3, | X-axis; (mm) | Y-axis; (mm),unreviewed
MIL-STD-1560C.pdf,192,1,4,A | +.000 (0.00) | +.100 (2.54),unreviewed
MIL-STD-1560C.pdf,192,1,5,B | +.174 (4.42) | +.024 (0.61),unreviewed
MIL-STD-1560C.pdf,192,1,6,C | +.094 (2.39) | -.148 (3.76),unreviewed
MIL-STD-1560C.pdf,192,1,7,D | -.094 (2.39) | -.148 (3.76),unreviewed
MIL-STD-1560C.pdf,192,1,8,E | -.174 (4.42) | +.024 (0.61),unreviewed
MIL-STD-1560C.pdf,192,2,1,Shell; size | Arrangement; no. | Number of; contacts | Size; contacts | Service; rating | Contact; location | Supersedes,unreviewed
MIL-STD-1560C.pdf,192,2,2,14 | -5 | 5 | 16 | II | All | MS27346-5,unreviewed
MIL-STD-1560C.pdf,193,1,1,Contacts; (Insert arrangement 14-15) |  |  |  |  | ,unreviewed
MIL-STD-1560C.pdf,193,1,2,Contact; position ID | Location |  | Contact; position ID | Location | ,unreviewed
MIL-STD-1560C.pdf,193,1,3, | X-axis; (mm) | Y-axis; (mm) |  | X-axis; (mm) | Y-axis; (mm),unreviewed
MIL-STD-1560C.pdf,193,1,4,A | +.100 (2.54) | +.225 (5.72) | J | -.244 (6.20) | +.014 (0.36),unreviewed
MIL-STD-1560C.pdf,193,1,5,B | +.202 (5.13) | +.140 (3.56) | K | -.202 (5.13) | +.140 (3.56),unreviewed
MIL-STD-1560C.pdf,193,1,6,C | +.244 (6.20) | +.014 (0.36) | L | -.100 (2.54) | +.225 (5.72),unreviewed
MIL-STD-1560C.pdf,193,1,7,D | +.218 (5.54) | -.113 (2.87) | M | +.000 (0.00) | +.140 (3.56),unreviewed
MIL-STD-1560C.pdf,193,1,8,E | +.126 (3.20) | -.209 (5.31) | N | +.110 (2.79) | +.040 (1.02),unreviewed
MIL-STD-1560C.pdf,193,1,9,F | +.000 (0.00) | -.245 (6.22) | P | +.000 (0.00) | -.077 (1.96),unreviewed
MIL-STD-1560C.pdf,193,1,10,G | -.126 (3.20) | -.209 (5.18) | R | -.110 (2.79) | +.040 (1.02),unreviewed
MIL-STD-1560C.pdf,193,1,11,H | -.218 (5.54) | -.113 (2.87) |  |  | ,unreviewed
MIL-STD-1560C.pdf,193,2,1,Shell; size | Arrangement; no. | Number of; contacts | Size; contacts | Service; rating | Contact; location | Supersedes,unreviewed
MIL-STD-1560C.pdf,193,2,2,14 | -15 | 1 | 16 | I | P | MS27346-15,unreviewed
MIL-STD-1560C.pdf,193,2,3, |  | 14 | 20 |  | All; others | ,unreviewed
MIL-STD-1560C.pdf,194,1,1,Contacts; (Insert arrangement 14-18) |  |  |  |  | ,unreviewed
MIL-STD-1560C.pdf,194,1,2,Contact; position ID | Location |  | Contact; position ID | Location | ,unreviewed
MIL-STD-1560C.pdf,194,1,3, | X-axis; (mm) | Y-axis; (mm) |  | X-axis; (mm) | Y-axis; (mm),unreviewed
MIL-STD-1560C.pdf,194,1,4,A | +.065 (1.65) | +.252 (6.40) | K | -.195 (4.95) | +.113 (2.87),unreviewed
MIL-STD-1560C.pdf,194,1,5,B | +.195 (4.95) | +.113 (2.87) | L | -.065 (1.65) | +.252 (6.40),unreviewed
MIL-STD-1560C.pdf,194,1,6,C | +.260 (6.60) | +.000 (0.00) | M | -.065 (1.65) | +.113 (2.87),unreviewed
MIL-STD-1560C.pdf,194,1,7,D | +.195 (4.95) | -.113 (2.87) | N | +.065 (1.65) | +.113 (2.87),unreviewed
MIL-STD-1560C.pdf,194,1,8,E | +.130 (3.30) | -.225 (5.72) | P | +.130 (3.30) | +.000 (0.00),unreviewed
MIL-STD-1560C.pdf,194,1,9,F | +.000 (0.00) | -.225 (5.72) | R | +.065 (1.65) | -.113 (2.87),unreviewed
MIL-STD-1560C.pdf,194,1,10,G | -.130 (3.30) | -.225 (5.72) | S | -.065 (1.65) | -.113 (2.87),unreviewed
MIL-STD-1560C.pdf,194,1,11,H | -.195 (4.95) | -.113 (2.87) | T | -.130 (3.30) | +.000 (0.00),unreviewed
MIL-STD-1560C.pdf,194,1,12,J | -.260 (6.60) | +.000 (0.00) | U | +.000 (0.00) | +.000 (0.00),unreviewed
MIL-STD-1560C.pdf,194,2,1,Shell; size | Arrangement; no. | Number of; contacts | Size; contacts | Service; rating | Contact; location | Supersedes,unreviewed
MIL-STD-1560C.pdf,194,2,2,14 | -18 | 18 | 20 | I | All | MS27346-18,unreviewed
MIL-STD-1560C.pdf,195,1,1,Contacts; (Insert arrangement 14-35) |  |  |  |  | ,unreviewed
MIL-STD-1560C.pdf,195,1,2,Contact; position ID | Location |  | Contact; position ID | Location | ,unreviewed
MIL-STD-1560C.pdf,195,1,3, | X-axis; (mm) | Y-axis; (mm) |  | X-axis; (mm) | Y-axis; (mm),unreviewed
MIL-STD-1560C.pdf,195,1,4,1 | +.045 (1.14) | +.262 (6.65) | 20 | +.123 (3.12) | +.119 (3.02),unreviewed
MIL-STD-1560C.pdf,195,1,5,2 | +.123 (3.12) | +.217 (5.51) | 21 | +.170 (4.32) | +.040 (1.02),unreviewed
MIL-STD-1560C.pdf,195,1,6,3 | +.211 (5.36) | +.160 (4.06) | 22 | +.170 (4.32) | -.050 (1.27),unreviewed
MIL-STD-1560C.pdf,195,1,7,4 | +.254 (6.45) | +.080 (2.03) | 23 | +.123 (3.12) | -.127 (3.23),unreviewed
MIL-STD-1560C.pdf,195,1,8,5 | +.266 (6.76) | -.010 (0.25) | 24 | +.045 (1.14) | -.172 (4.37),unreviewed
MIL-STD-1560C.pdf,195,1,9,6 | +.247 (6.27) | -.098 (2.49) | 25 | -.045 (1.14) | -.172 (4.37),unreviewed
MIL-STD-1560C.pdf,195,1,10,7 | +.200 (5.08) | -.175 (4.45) | 26 | -.123 (3.12) | -.127 (3.23),unreviewed
MIL-STD-1560C.pdf,195,1,11,8 | +.130 (3.30) | -.232 (5.89) | 27 | -.170 (4.32) | -.050 (1.27),unreviewed
MIL-STD-1560C.pdf,195,1,12,9 | +.045 (1.14) | -.262 (6.65) | 28 | -.170 (4.32) | +.040 (1.02),unreviewed
MIL-STD-1560C.pdf,195,1,13,10 | -.045 (1.14) | -.262 (6.65) | 29 | -.123 (3.12) | +.119 (3.02),unreviewed
MIL-STD-1560C.pdf,195,1,14,11 | -.130 (3.30) | -.232 (5.89) | 30 | -.045 (1.14) | +.172 (4.37),unreviewed
MIL-STD-1560C.pdf,195,1,15,12 | -.200 (5.08) | -.175 (4.45) | 31 | +.045 (1.14) | +.074 (1.88),unreviewed
MIL-STD-1560C.pdf,195,1,16,13 | -.247 (6.27) | -.098 (2.49) | 32 | +.090 (2.29) | -.004 (0.10),unreviewed
MIL-STD-1560C.pdf,195,1,17,14 | -.266 (6.76) | -.010 (0.25) | 33 | +.045 (1.14) | -.082 (2.08),unreviewed
MIL-STD-1560C.pdf,195,1,18,15 | -.254 (6.45) | +.080 (2.03) | 34 | -.045 (1.14) | -.082 (2.08),unreviewed
MIL-STD-1560C.pdf,195,1,19,16 | -.211 (5.36) | +.160 (4.06) | 35 | -.090 (2.29) | -.004 (0.10),unreviewed
MIL-STD-1560C.pdf,195,1,20,17 | -.123 (3.12) | +.217 (5.51) | 36 | -.045 (1.14) | +.074 (1.88),unreviewed
MIL-STD-1560C.pdf,195,1,21,18 | -.045 (1.14) | +.262 (6.65) | 37 | +.000 (0.00) | -.004 (0.10),unreviewed
MIL-STD-1560C.pdf,195,1,22,19 | +.045 (1.14) | +.172 (4.37) |  |  | ,unreviewed
MIL-STD-1560C.pdf,195,2,1,Shell; size | Arrangement; no. | Number of; contacts | Size; contacts | Service; rating | Contact; location | Supersedes,unreviewed
MIL-STD-1560C.pdf,195,2,2,14 | -35 | 37 | 22D | M | All | MS27519-35,unreviewed
MIL-STD-1560C.pdf,196,1,1,Contacts; (Insert arrangement 14-37) |  |  |  |  | ,unreviewed
MIL-STD-1560C.pdf,196,1,2,Contact; position ID | Location |  | Contact; position ID | Location | ,unreviewed
MIL-STD-1560C.pdf,196,1,3, | X-axis; (mm) | Y-axis; (mm) |  | X-axis; (mm) | Y-axis; (mm),unreviewed
MIL-STD-1560C.pdf,196,1,4,1 | +.045 (1.14) | +.262 (6.65) | 20 | +.123 (3.12) | +.119 (3.02),unreviewed
MIL-STD-1560C.pdf,196,1,5,2 | +.123 (3.12) | +.217 (5.51) | 21 | +.170 (4.32) | +.040 (1.02),unreviewed
MIL-STD-1560C.pdf,196,1,6,3 | +.211 (5.36) | +.160 (4.06) | 22 | +.170 (4.32) | -.050 (1.27),unreviewed
MIL-STD-1560C.pdf,196,1,7,4 | +.254 (6.45) | +.080 (2.03) | 23 | +.123 (3.12) | -.127 (3.23),unreviewed
MIL-STD-1560C.pdf,196,1,8,5 | +.266 (6.76) | -.010 (0.25) | 24 | +.045 (1.14) | -.172 (4.37),unreviewed
MIL-STD-1560C.pdf,196,1,9,6 | +.247 (6.27) | -.098 (2.49) | 25 | -.045 (1.14) | -.172 (4.37),unreviewed
MIL-STD-1560C.pdf,196,1,10,7 | +.200 (5.08) | -.175 (4.45) | 26 | -.123 (3.12) | -.127 (3.23),unreviewed
MIL-STD-1560C.pdf,196,1,11,8 | +.130 (3.30) | -.232 (5.89) | 27 | -.170 (4.32) | -.050 (1.27),unreviewed
MIL-STD-1560C.pdf,196,1,12,9 | +.045 (1.14) | -.262 (6.65) | 28 | -.170 (4.32) | +.040 (1.02),unreviewed
MIL-STD-1560C.pdf,196,1,13,10 | -.045 (1.14) | -.262 (6.65) | 29 | -.123 (3.12) | +.119 (3.02),unreviewed
MIL-STD-1560C.pdf,196,1,14,11 | -.130 (3.30) | -.232 (5.89) | 30 | -.045 (1.14) | +.172 (4.37),unreviewed
MIL-STD-1560C.pdf,196,1,15,12 | -.200 (5.08) | -.175 (4.45) | 31 | +.045 (1.14) | +.074 (1.88),unreviewed
MIL-STD-1560C.pdf,196,1,16,13 | -.247 (6.27) | -.098 (2.49) | 32 | +.090 (2.29) | -.004 (0.10),unreviewed
MIL-STD-1560C.pdf,196,1,17,14 | -.266 (6.76) | -.010 (0.25) | 33 | +.045 (1.14) | -.082 (2.08),unreviewed
MIL-STD-1560C.pdf,196,1,18,15 | -.254 (6.45) | +.080 (2.03) | 34 | -.045 (1.14) | -.082 (2.08),unreviewed
MIL-STD-1560C.pdf,196,1,19,16 | -.211 (5.36) | +.160 (4.06) | 35 | -.090 (2.29) | -.004 (0.10),unreviewed
MIL-STD-1560C.pdf,196,1,20,17 | -.123 (3.12) | +.217 (5.51) | 36 | -.045 (1.14) | +.074 (1.88),unreviewed
MIL-STD-1560C.pdf,196,1,21,18 | -.045 (1.14) | +.262 (6.65) | 37 | +.000 (0.00) | -.004 (0.10),unreviewed
MIL-STD-1560C.pdf,196,1,22,19 | +.045 (1.14) | +.172 (4.37) | --- | --- | ---,unreviewed
MIL-STD-1560C.pdf,196,2,1,Shell; size | Arrangement; no. | Number of; contacts | Size; contacts | Service; rating | Contact; location | Supersedes,unreviewed
MIL-STD-1560C.pdf,196,2,2,14 | -37 | 37 | 22M | M | All | MS27346-37,unreviewed
MIL-STD-1560C.pdf,197,1,1,Contacts; (Insert arrangement 14-97) |  |  |  |  | ,unreviewed
MIL-STD-1560C.pdf,197,1,2,Contact; position ID | Location |  | Contact; position ID | Location | ,unreviewed
MIL-STD-1560C.pdf,197,1,3, | X-axis; (mm) | Y-axis; (mm) |  | X-axis; (mm) | Y-axis; (mm),unreviewed
MIL-STD-1560C.pdf,197,1,4,A | +.065 (1.65) | +.234 (5.94) | G | -.207 (5.26) | -.095 (2.41),unreviewed
MIL-STD-1560C.pdf,197,1,5,B | +.178 (4.52) | +.178 (4.52) | H | -.234 (5.94) | +.065 (1.65),unreviewed
MIL-STD-1560C.pdf,197,1,6,C | +.230 (5.84) | -.023 (0.58) | J | -.178 (4.52) | +.178 (4.52),unreviewed
MIL-STD-1560C.pdf,197,1,7,D | +.178 (4.52) | -.178 (4.52) | K | -.065 (1.65) | +.234 (5.94),unreviewed
MIL-STD-1560C.pdf,197,1,8,E | +.065 (1.65) | -.234 (5.94) | L | -.047 (1.19) | +.081 (2.06),unreviewed
MIL-STD-1560C.pdf,197,1,9,F | -.089 (2.26) | -.235 (5.97) | M | +.047 (1.19) | -.081 (2.06),unreviewed
MIL-STD-1560C.pdf,197,2,1,Shell; size | Arrangement; no. | Number of; contacts | Size; contacts | Service; rating | Contact; location | Supersedes,unreviewed
MIL-STD-1560C.pdf,197,2,2,"14 | -97 | 4 | 16 | I | C,M,G,L | MS27346-97",unreviewed
MIL-STD-1560C.pdf,197,2,3, |  | 8 | 20 |  | All; others | ,unreviewed
MIL-STD-1560C.pdf,198,1,1,Contacts; (Insert arrangement 16-6 or 16-7) |  | ,unreviewed
MIL-STD-1560C.pdf,198,1,2,Contact; position; ID | Contact location | ,unreviewed
MIL-STD-1560C.pdf,198,1,3, | X-axis; (mm) | Y-axis; (mm),unreviewed
MIL-STD-1560C.pdf,198,1,4,A | +.121 (3.07) | +.209 (5.31),unreviewed
MIL-STD-1560C.pdf,198,1,5,B | +.241 (6.12) | +.000 (0.00),unreviewed
MIL-STD-1560C.pdf,198,1,6,C | +.000 (0.00) | -.241 (6.12),unreviewed
MIL-STD-1560C.pdf,198,1,7,D | -.241 (6.12) | +.000 (0.00),unreviewed
MIL-STD-1560C.pdf,198,1,8,E | -.121 (3.07) | +.209 (5.31),unreviewed
MIL-STD-1560C.pdf,198,1,9,F | +.000 (0.00) | +.000 (0.00),unreviewed
MIL-STD-1560C.pdf,198,2,1,Shell; size | Arrangement; no. | Number of; contacts | Size; contacts | Service; rating | Contact; location | Supersedes,unreviewed
MIL-STD-1560C.pdf,198,2,2,16 | -6 | 6 | 12 | I | All | MS27347-6,unreviewed
MIL-STD-1560C.pdf,198,2,3," | -7 | 6 | Shielded,; size 12A | II | All | -----",unreviewed
MIL-STD-1560C.pdf,199,1,1,Contacts; (Insert arrangement 16-8) |  |  |  |  | ,unreviewed
MIL-STD-1560C.pdf,199,1,2,Contact; position ID | Location |  | Contact; position ID | Location | ,unreviewed
MIL-STD-1560C.pdf,199,1,3, | X-axis; (mm) | Y-axis; (mm) |  | X-axis; (mm) | Y-axis; (mm),unreviewed
MIL-STD-1560C.pdf,199,1,4,A | +.000 (0.00) | +.236 (5.99) | E | -.094 (2.39) | -.216 (5.49),unreviewed
MIL-STD-1560C.pdf,199,1,5,B | +.128 (3.25) | +.086 (2.18) | F | -.230 (5.84) | -.078 (1.98),unreviewed
MIL-STD-1560C.pdf,199,1,6,C | +.230 (5.84) | -.078 (1.98) | G | -.128 (3.25) | +.086 (2.18),unreviewed
MIL-STD-1560C.pdf,199,1,7,D | +.094 (2.39) | -.216 (5.49) | H | +.000 (0.00) | -.052 (1.32),unreviewed
MIL-STD-1560C.pdf,199,2,1,Shell; size | Arrangement; no. | Number of; contacts | Size; contacts | Service; rating | Contact; location | Supersedes,unreviewed
MIL-STD-1560C.pdf,199,2,2,16 | -8 | 8 | 16 | II | All | MS27347-8,unreviewed
MIL-STD-1560C.pdf,200,1,1,Contacts; (Insert arrangement 16-26) |  |  |  |  | ,unreviewed
MIL-STD-1560C.pdf,200,1,2,Contact; position ID | Location |  | Contact; position ID | Location | ,unreviewed
MIL-STD-1560C.pdf,200,1,3, | X-axis; (mm) | Y-axis; (mm) |  | X-axis; (mm) | Y-axis; (mm),unreviewed
MIL-STD-1560C.pdf,200,1,4,A | +.000 (0.00) | +.321 (8.15) | P | -.239 (6.07) | +.214 (5.44),unreviewed
MIL-STD-1560C.pdf,200,1,5,B | +.131 (3.33) | +.293 (7.44) | R | -.131 (3.33) | +.293 (7.44),unreviewed
MIL-STD-1560C.pdf,200,1,6,C | +.239 (6.07) | +.214 (5.44) | S | -.070 (1.78) | +.177 (4.50),unreviewed
MIL-STD-1560C.pdf,200,1,7,D | +.305 (7.75) | +.099 (2.51) | T | +.070 (1.78) | +.177 (4.50),unreviewed
MIL-STD-1560C.pdf,200,1,8,E | +.319 (8.10) | -.034 (0.86) | U | +.175 (4.45) | +.094 (2.39),unreviewed
MIL-STD-1560C.pdf,200,1,9,F | +.278 (7.06) | -.161 (4.09) | V | +.178 (4.52) | -.036 (0.91),unreviewed
MIL-STD-1560C.pdf,200,1,10,G | +.189 (4.80) | -.260 (6.60) | W | +.119 (3.02) | -.151 (3.84),unreviewed
MIL-STD-1560C.pdf,200,1,11,H | +.067 (1.70) | -.314 (7.98) | X | +.000 (.00) | -.203 (5.16),unreviewed
MIL-STD-1560C.pdf,200,1,12,J | -.067 (1.70) | -.314 (7.98) | Y | -.119 (.005) | -.151 (3.84),unreviewed
MIL-STD-1560C.pdf,200,1,13,K | -.189 (4.80) | -.260 (6.60) | Z | -.178 (4.52) | -.036 (0.91),unreviewed
MIL-STD-1560C.pdf,200,1,14,L | -.278 (7.06) | -.161 (4.09) | a | -.175 (4.45) | +.094 (2.39),unreviewed
MIL-STD-1560C.pdf,200,1,15,M | -.319 (8.10) | -.034 (0.86) | b | +.000 (0.00) | +.065 (1.65),unreviewed
MIL-STD-1560C.pdf,200,1,16,N | -.305 (7.75) | +.099 (2.51) | c | +.000 (0.00) | -.065 (1.65),unreviewed
MIL-STD-1560C.pdf,200,2,1,Shell; size | Arrange-; ment no. | Number of; contacts | Size; contacts | Service; rating | Contact; location | Supersedes,unreviewed
MIL-STD-1560C.pdf,200,2,2,16 | -26 | 26 | 20 | I | All | MS27347-26,unreviewed
MIL-STD-1560C.pdf,201,1,1,Contacts; (Insert arrangement 16-35) |  |  |  |  | ,unreviewed
MIL-STD-1560C.pdf,201,1,2,Contact; position ID | Location |  | Contact; position ID | Location | ,unreviewed
MIL-STD-1560C.pdf,201,1,3, | X-axis; (mm) | Y-axis; (mm) |  | X-axis; (mm) | Y-axis; (mm),unreviewed
MIL-STD-1560C.pdf,201,1,4,1 | -.312 (7.92) | +.086 (2.18) | 29 | +.000 (0.00) | -.094 (2.39),unreviewed
MIL-STD-1560C.pdf,201,1,5,2 | -.312 (7.92) | -.004 (0.10) | 30 | +.000 (0.00) | -.184 (4.67),unreviewed
MIL-STD-1560C.pdf,201,1,6,3 | -.312 (7.92) | -.094 (2.39) | 31 | +.000 (0.00) | -.274 (6.96),unreviewed
MIL-STD-1560C.pdf,201,1,7,4 | -.242 (6.15) | +.221 (5.61) | 32 | +.089 (2.26) | +.316 (8.03),unreviewed
MIL-STD-1560C.pdf,201,1,8,5 | -.234 (5.94) | +.131 (3.33) | 33 | +.078 (1.98) | +.221 (5.61),unreviewed
MIL-STD-1560C.pdf,201,1,9,6 | -.234 (5.94) | +.041 (1.04) | 34 | +.078 (1.98) | +.131 (3.33),unreviewed
MIL-STD-1560C.pdf,201,1,10,7 | -.234 (5.94) | -.049 (1.24) | 35 | +.078 (1.98) | +.041 (1.04),unreviewed
MIL-STD-1560C.pdf,201,1,11,8 | -.234 (5.94) | -.139 (3.53) | 36 | +.078 (1.98) | -.049 (1.24),unreviewed
MIL-STD-1560C.pdf,201,1,12,9 | -.234 (5.94) | -.229 (5.82) | 37 | +.078 (1.98) | -.139 (3.53),unreviewed
MIL-STD-1560C.pdf,201,1,13,10 | -.172 (4.37) | +.279 (7.09) | 38 | +.078 (1.98) | -.229 (5.82),unreviewed
MIL-STD-1560C.pdf,201,1,14,11 | -.156 (3.96) | +.176 (4.47) | 39 | +.078 (1.98) | -.319 (8.10),unreviewed
MIL-STD-1560C.pdf,201,1,15,12 | -.156 (3.96) | +.086 (2.18) | 40 | +.172 (4.37) | +.279 (7.09),unreviewed
MIL-STD-1560C.pdf,201,1,16,13 | -.156 (3.96) | -.004 (0.10) | 41 | +.156 (3.96) | +.176 (4.47),unreviewed
MIL-STD-1560C.pdf,201,1,17,14 | -.156 (3.96) | -.094 (2.39) | 42 | +.156 (3.96) | +.086 (2.18),unreviewed
MIL-STD-1560C.pdf,201,1,18,15 | -.156 (3.96) | -.184 (4.67) | 43 | +.156 (3.96) | -.004 (0.10),unreviewed
MIL-STD-1560C.pdf,202,1,1,Contacts; (Insert arrangement 16-35) |  |  |  |  | ,unreviewed
MIL-STD-1560C.pdf,202,1,2,Contact; position ID | Location |  | Contact; position ID | Location | ,unreviewed
MIL-STD-1560C.pdf,202,1,3, | X-axis; (mm) | Y-axis; (mm) |  | X-axis; (mm) | Y-axis; (mm),unreviewed
MIL-STD-1560C.pdf,202,1,4,16 | -.156 (3.96) | -.274 (6.96) | 44 | +.156 (3.96) | -.094 (2.39),unreviewed
MIL-STD-1560C.pdf,202,1,5,17 | -.089 (2.26) | +.316 (8.03) | 45 | +.156 (3.96) | -.184 (4.67),unreviewed
MIL-STD-1560C.pdf,202,1,6,18 | -.078 (1.98) | +.221 (5.61) | 46 | +.156 (3.96) | -.274 (6.96),unreviewed
MIL-STD-1560C.pdf,202,1,7,19 | -.078 (1.98) | +.131 (3.33) | 47 | +.242 (6.15) | +.221 (5.61),unreviewed
MIL-STD-1560C.pdf,202,1,8,20 | -.078 (1.98) | +.041 (1.04) | 48 | +.234 (5.94) | +.131 (3.33),unreviewed
MIL-STD-1560C.pdf,202,1,9,21 | -.078 (1.98) | -.049 (1.24) | 49 | +.234 (5.94) | +.041 (1.04),unreviewed
MIL-STD-1560C.pdf,202,1,10,22 | -.078 (1.98) | -.139 (3.53) | 50 | +.234 (5.94) | -.049 (1.24),unreviewed
MIL-STD-1560C.pdf,202,1,11,23 | -.078 (1.98) | -.229 (5.82) | 51 | +.234 (5.94) | -.139 (3.53),unreviewed
MIL-STD-1560C.pdf,202,1,12,24 | -.078 (1.98) | -.319 (8.10) | 52 | +.234 (5.94) | -.229 (5.82),unreviewed
MIL-STD-1560C.pdf,202,1,13,25 | +.000 (0.00) | +.329 (8.36) | 53 | -.312 (7.92) | +.086 (2.18),unreviewed
MIL-STD-1560C.pdf,202,1,14,26 | +.000 (0.00) | +.176 (4.47) | 54 | +.312 (7.92) | -.004 (0.10),unreviewed
MIL-STD-1560C.pdf,202,1,15,27 | +.000 (0.00) | +.086 (2.18) | 55 | +.312 (7.92) | -.094 (2.39),unreviewed
MIL-STD-1560C.pdf,202,1,16,28 | +.000 (0.00) | -.004 (0.10) | --- | --- | ---,unreviewed
MIL-STD-1560C.pdf,202,2,1,Shell; size | Arrangement; no. | Number of; contacts | Size; contacts | Service; rating | Contact; location | Supersedes,unreviewed
MIL-STD-1560C.pdf,202,2,2,16 | -35 | 55 | 22D | M | All | MS27520-35,unreviewed
MIL-STD-1560C.pdf,203,1,1,Contacts; (Insert arrangement 16-42) |  |  |  |  | ,unreviewed
MIL-STD-1560C.pdf,203,1,2,Contact; position ID | Location |  | Contact; position ID | Location | ,unreviewed
MIL-STD-1560C.pdf,203,1,3, | X-axis; (mm) | Y-axis; (mm) |  | X-axis; (mm) | Y-axis; (mm),unreviewed
MIL-STD-1560C.pdf,203,1,4,1 | +.050 (1.27) | +.318 (8.08) | 22 | +.095 (2.41) | +.198 (5.03),unreviewed
MIL-STD-1560C.pdf,203,1,5,2 | +.145 (3.68) | +.286 (7.26) | 23 | +.178 (4.52) | +.142 (3.61),unreviewed
MIL-STD-1560C.pdf,203,1,6,3 | +.228 (5.79) | +.230 (5.84) | 24 | +.218 (5.54) | +.050 (1.27),unreviewed
MIL-STD-1560C.pdf,203,1,7,4 | +.287 (7.29) | +.149 (3.78) | 25 | +.218 (5.54) | -.050 (1.27),unreviewed
MIL-STD-1560C.pdf,203,1,8,5 | +.318 (8.08) | +.053 (1.35) | 26 | +.177 (4.50) | -.142 (3.61),unreviewed
MIL-STD-1560C.pdf,203,1,9,6 | +.319 (8.10) | -.047 (1.19) | 27 | +.095 (2.41) | -.202 (5.13),unreviewed
MIL-STD-1560C.pdf,203,1,10,7 | +.289 (7.34) | -.143 (3.63) | 28 | +.000 (0.00) | -.235 (5.97),unreviewed
MIL-STD-1560C.pdf,203,1,11,8 | +.232 (5.89) | -.226 (5.74) | 29 | -.095 (2.41) | -.202 (5.13),unreviewed
MIL-STD-1560C.pdf,203,1,12,9 | +.151 (3.84) | -.285 (7.24) | 30 | -.177 (4.50) | -.142 (3.61),unreviewed
MIL-STD-1560C.pdf,203,1,13,10 | +.056 (1.42) | -.318 (8.08) | 31 | -.218 (5.54) | -.050 (1.27),unreviewed
MIL-STD-1560C.pdf,203,1,14,11 | -.056 (1.42) | -.318 (8.08) | 32 | -.218 (5.54) | +.050 (1.27),unreviewed
MIL-STD-1560C.pdf,203,1,15,12 | -.151 (3.84) | -.285 (7.24) | 33 | -.178 (4.52) | +.142 (3.61),unreviewed
MIL-STD-1560C.pdf,203,1,16,13 | -.232 (5.89) | -.226 (5.74) | 34 | -.095 (2.41) | +.198 (5.03),unreviewed
MIL-STD-1560C.pdf,203,1,17,14 | -.289 (7.34) | -.143 (3.63) | 35 | +.000 (0.00) | +.131 (3.33),unreviewed
MIL-STD-1560C.pdf,203,1,18,15 | -.319 (8.10) | -.047 (1.19) | 36 | +.091 (2.31) | +.080 (2.03),unreviewed
MIL-STD-1560C.pdf,203,1,19,16 | -.318 (8.08) | +.053 (1.35) | 37 | +.121 (3.07) | -.017 (0.43),unreviewed
MIL-STD-1560C.pdf,203,1,20,17 | -.287 (7.29) | +.149 (3.78) | 38 | +.056 (1.42) | -.101 (2.57),unreviewed
MIL-STD-1560C.pdf,203,1,21,18 | -.228 (5.79) | +.230 (5.84) | 39 | -.056 (1.42) | -.101 (2.57),unreviewed
MIL-STD-1560C.pdf,204,1,1,Contacts; (Insert arrangement 16-42) |  |  |  |  | ,unreviewed
MIL-STD-1560C.pdf,204,1,2,Contact; position ID | Location |  | Contact; position ID | Location | ,unreviewed
MIL-STD-1560C.pdf,204,1,3, | X-axis; (mm) | Y-axis; (mm) |  | X-axis; (mm) | Y-axis; (mm),unreviewed
MIL-STD-1560C.pdf,204,1,4,19 | -.145 (3.68) | +.286 (7.26) | 40 | -.121 (3.07) | -.017 (0.43),unreviewed
MIL-STD-1560C.pdf,204,1,5,20 | -.050 (1.27) | +.318 (8.08) | 41 | -.091 (2.31) | +.080 (2.03),unreviewed
MIL-STD-1560C.pdf,204,1,6,21 | +.000 (0.00) | +.231 (5.87) | 42 | +.000 (0.00) | +.031 (0.79),unreviewed
MIL-STD-1560C.pdf,204,2,1,Shell; size | Arrangement; no. | Number of; contacts | Size; contacts | Service; rating | Contact; location | Supersedes,unreviewed
MIL-STD-1560C.pdf,204,2,2,16 | -42 | 42 | 22 | M | All | MS27347-42,unreviewed
MIL-STD-1560C.pdf,205,1,1,Contacts; (Insert arrangement 16-55) |  |  |  |  | ,unreviewed
MIL-STD-1560C.pdf,205,1,2,Contact; position ID | Location |  | Contact; position ID | Location | ,unreviewed
MIL-STD-1560C.pdf,205,1,3, | X-axis; (mm) | Y-axis; (mm) |  | X-axis; (mm) | Y-axis; (mm),unreviewed
MIL-STD-1560C.pdf,205,1,4,1 | -.312 (7.92) | +.086 (2.18) | 29 | +.000 (0.00) | -.094 (2.39),unreviewed
MIL-STD-1560C.pdf,205,1,5,2 | -.312 (7.92) | -.004 (0.10) | 30 | +.000 (0.00) | -.184 (4.67),unreviewed
MIL-STD-1560C.pdf,205,1,6,3 | -.312 (7.92) | -.094 (2.39) | 31 | +.000 (0.00) | -.274 (6.96),unreviewed
MIL-STD-1560C.pdf,205,1,7,4 | -.242 (6.15) | +.221 (5.61) | 32 | +.089 (2.26) | +.316 (8.03),unreviewed
MIL-STD-1560C.pdf,205,1,8,5 | -.234 (5.94) | +.131 (3.33) | 33 | +.078 (1.98) | +.221 (5.61),unreviewed
MIL-STD-1560C.pdf,205,1,9,6 | -.234 (5.94) | +.041 (1.04) | 34 | +.078 (1.98) | +.131 (3.33),unreviewed
MIL-STD-1560C.pdf,205,1,10,7 | -.234 (5.94) | -.049 (1.24) | 35 | +.078 (1.98) | +.041 (1.04),unreviewed
MIL-STD-1560C.pdf,205,1,11,8 | -.234 (5.94) | -.139 (3.53) | 36 | +.078 (1.98) | -.049 (1.24),unreviewed
MIL-STD-1560C.pdf,205,1,12,9 | -.234 (5.94) | -.229 (5.82) | 37 | +.078 (1.98) | -.139 (3.53),unreviewed
MIL-STD-1560C.pdf,205,1,13,10 | -.172 (4.37) | +.279 (7.09) | 38 | +.078 (1.98) | -.229 (5.82),unreviewed
MIL-STD-1560C.pdf,205,1,14,11 | -.156 (3.96) | +.176 (4.47) | 39 | +.078 (1.98) | -.319 (8.10),unreviewed
MIL-STD-1560C.pdf,206,1,1,Contacts; (Insert arrangement 16-55) |  |  |  |  | ,unreviewed
MIL-STD-1560C.pdf,206,1,2,Contact; position ID | Location |  | Contact; position ID | Location | ,unreviewed
MIL-STD-1560C.pdf,206,1,3, | X-axis; (mm) | Y-axis; (mm) |  | X-axis; (mm) | Y-axis; (mm),unreviewed
MIL-STD-1560C.pdf,206,1,4,12 | -.156 (3.96) | +.086 (2.18) | 40 | +.172 (4.37) | +.279 (7.09),unreviewed
MIL-STD-1560C.pdf,206,1,5,13 | -.156 (3.96) | -.004 (0.10) | 41 | +.156 (3.96) | +.176 (4.47),unreviewed
MIL-STD-1560C.pdf,206,1,6,14 | -.156 (3.96) | -.094 (2.39) | 42 | +.156 (3.96) | +.086 (2.18),unreviewed
MIL-STD-1560C.pdf,206,1,7,15 | -.156 (3.96) | -.184 (4.67) | 43 | +.156 (3.96) | -.004 (0.10),unreviewed
MIL-STD-1560C.pdf,206,1,8,16 | -.156 (3.96) | -.274 (6.96) | 44 | +.156 (3.96) | -.094 (2.39),unreviewed
MIL-STD-1560C.pdf,206,1,9,17 | -.089 (2.26) | +.316 (8.03) | 45 | +.156 (3.96) | -.184 (4.67),unreviewed
MIL-STD-1560C.pdf,206,1,10,18 | -.078 (1.98) | +.221 (5.61) | 46 | +.156 (3.96) | -.274 (6.96),unreviewed
MIL-STD-1560C.pdf,206,1,11,19 | -.078 (1.98) | +.131 (3.33) | 47 | +.242 (6.15) | +.221 (5.61),unreviewed
MIL-STD-1560C.pdf,206,1,12,20 | -.078 (1.98) | +.041 (1.04) | 48 | +.234 (5.94) | +.131 (3.33),unreviewed
MIL-STD-1560C.pdf,206,1,13,21 | -.078 (1.98) | -.049 (1.24) | 49 | +.234 (5.94) | +.041 (1.04),unreviewed
MIL-STD-1560C.pdf,206,1,14,22 | -.078 (1.98) | -.139 (3.53) | 50 | +.234 (5.94) | -.049 (1.24),unreviewed
MIL-STD-1560C.pdf,206,1,15,23 | -.078 (1.98) | -.229 (5.82) | 51 | +.234 (5.94) | -.139 (3.53),unreviewed
MIL-STD-1560C.pdf,206,1,16,24 | -.078 (1.98) | -.319 (8.10) | 52 | +.234 (5.94) | -.229 (5.82),unreviewed
MIL-STD-1560C.pdf,206,1,17,25 | +.000 (0.00) | +.329 (8.36) | 53 | +.312 (7.92) | +.086 (2.18),unreviewed
MIL-STD-1560C.pdf,206,1,18,26 | +.000 (0.00) | +.176 (4.47) | 54 | +.312 (7.92) | -.004 (0.10),unreviewed
MIL-STD-1560C.pdf,206,1,19,27 | +.000 (0.00) | +.086 (2.18) | 55 | +.312 (7.92) | -.094 (2.39),unreviewed
MIL-STD-1560C.pdf,206,1,20,28 | +.000 (0.00) | -.004 (0.10) | --- | --- | ---,unreviewed
MIL-STD-1560C.pdf,206,2,1,Shell; size | Arrangement; no. | Number of; contacts | Size; contacts | Service; rating | Contact; location | Supersedes,unreviewed
MIL-STD-1560C.pdf,206,2,2,16 | -55 | 55 | 22M | M | All | MS27347-55,unreviewed
MIL-STD-1560C.pdf,207,1,1,Contacts; (Insert arrangement 16-99) |  |  |  |  | ,unreviewed
MIL-STD-1560C.pdf,207,1,2,Contact; position ID | Location |  | Contact; position ID | Location | ,unreviewed
MIL-STD-1560C.pdf,207,1,3, | X-axis; (mm) | Y-axis; (mm) |  | X-axis; (mm) | Y-axis; (mm),unreviewed
MIL-STD-1560C.pdf,207,1,4,A | +.000 (0.00) | +.321 (8.15) | N | -.305 (7.75) | +.099 (2.51),unreviewed
MIL-STD-1560C.pdf,207,1,5,B | +.131 (3.33) | +.293 (7.44) | P | -.239 (6.07) | +.214 (5.44),unreviewed
MIL-STD-1560C.pdf,207,1,6,C | +.239 (6.07) | +.214 (5.44) | R | -.131 (3.33) | +.293 (7.44),unreviewed
MIL-STD-1560C.pdf,207,1,7,D | +.305 (7.75) | +.099 (2.51) | S | -.070 (1.78) | +.177 (4.50),unreviewed
MIL-STD-1560C.pdf,207,1,8,E | +.319 (8.10) | -.034 (0.86) | T | +.070 (1.78) | +.177 (4.50),unreviewed
MIL-STD-1560C.pdf,207,1,9,F | +.278 (7.06) | -.161 (4.09) | U | +.175 (4.45) | +.094 (2.39),unreviewed
MIL-STD-1560C.pdf,207,1,10,G | +.189 (4.80) | -.260 (6.60) | V | +.150 (3.81) | -.075 (1.91),unreviewed
MIL-STD-1560C.pdf,207,1,11,H | +.067 (1.70) | -.314 (7.98) | W | +.000 (0.00) | -.161 (4.09),unreviewed
MIL-STD-1560C.pdf,207,1,12,J | -.067 (1.70) | -.314 (7.98) | X | -.150 (3.81) | -.075 (1.91),unreviewed
MIL-STD-1560C.pdf,207,1,13,K | -.189 (4.80) | -.260 (6.60) | Y | -.175 (4.45) | +.094 (2.39),unreviewed
MIL-STD-1560C.pdf,207,1,14,L | -.278 (7.06) | -.161 (4.09) | Z | +.000 (0.00) | +.025 (0.64),unreviewed
MIL-STD-1560C.pdf,207,1,15,M | -.319 (8.10) | -.034 (0.86) | --- | --- | ---,unreviewed
MIL-STD-1560C.pdf,207,2,1,Shell; size | Arrangement; no. | Number of; contacts | Size; contacts | Service; rating | Contact; location | Supersedes,unreviewed
MIL-STD-1560C.pdf,207,2,2,"16 | -99 | 2 | 16 | I | W, Z | MS27347-99",unreviewed
MIL-STD-1560C.pdf,207,2,3, |  | 21 | 20 |  | All others | ,unreviewed
MIL-STD-1560C.pdf,208,1,1,Contacts; (Insert arrangement 18-11) |  |  |  |  | ,unreviewed
MIL-STD-1560C.pdf,208,1,2,Contact; position ID | Location |  | Contact; position ID | Location | ,unreviewed
MIL-STD-1560C.pdf,208,1,3, | X-axis; (mm) | Y-axis; (mm) |  | X-axis; (mm) | Y-axis; (mm),unreviewed
MIL-STD-1560C.pdf,208,1,4,A | +.105 (2.67) | +.260 (6.60) | G | -.275 (6.99) | -.053 (1.35),unreviewed
MIL-STD-1560C.pdf,208,1,5,B | +.250 (6.35) | +.132 (3.35) | H | -.250 (6.35) | +.132 (3.35),unreviewed
MIL-STD-1560C.pdf,208,1,6,C | +.275 (6.99) | -.053 (1.35) | J | -.105 (2.67) | +.260 (6.60),unreviewed
MIL-STD-1560C.pdf,208,1,7,D | +.179 (4.55) | -.215 (5.46) | K | +.000 (0.00) | +.105 (2.67),unreviewed
MIL-STD-1560C.pdf,208,1,8,E | +.000 (0.00) | -.281 (7.14) | L | +.000 (0.00) | -.092 (2.34),unreviewed
MIL-STD-1560C.pdf,208,1,9,F | -.179 (4.55) | -.215 (5.46) | --- | --- | ---,unreviewed
MIL-STD-1560C.pdf,208,2,1,Shell; size | Arrangement; no. | Number of; contacts | Size; contacts | Service; rating | Contact; location | Supersedes,unreviewed
MIL-STD-1560C.pdf,208,2,2,18 | -11 | 11 | 16 | II | All | MS27348-11,unreviewed
MIL-STD-1560C.pdf,209,1,1,Contacts; (Insert arrangement 18-28) |  |  |  |  | ,unreviewed
MIL-STD-1560C.pdf,209,1,2,Contact; position ID | Location |  | Contact; position ID | Location | ,unreviewed
MIL-STD-1560C.pdf,209,1,3, | X-axis; (mm) | Y-axis; (mm) |  | X-axis; (mm) | Y-axis; (mm),unreviewed
MIL-STD-1560C.pdf,209,1,4,A | +.066 (1.68) | +.353 (8.97) | R | -.286 (7.26) | +.217 (5.51),unreviewed
MIL-STD-1560C.pdf,209,1,5,B | +.189 (4.80) | +.305 (7.75) | S | -.189 (4.80) | +.305 (7.75),unreviewed
MIL-STD-1560C.pdf,209,1,6,C | +.286 (7.26) | +.217 (5.51) | T | -.066 (1.68) | +.353 (8.97),unreviewed
MIL-STD-1560C.pdf,209,1,7,D | +.345 (8.76) | +.098 (2.49) | U | +.000 (0.00) | +.230 (5.84),unreviewed
MIL-STD-1560C.pdf,209,1,8,E | +.357 (9.07) | -.033 (0.84) | V | +.124 (3.15) | +.193 (4.90),unreviewed
MIL-STD-1560C.pdf,209,1,9,F | +.321 (8.15) | -.160 (4.06) | W | +.209 (5.31) | +.095 (2.41),unreviewed
MIL-STD-1560C.pdf,209,1,10,G | +.242 (6.15) | -.265 (6.73) | X | +.228 (5.79) | -.033 (0.84),unreviewed
MIL-STD-1560C.pdf,209,1,11,H | +.130 (3.30) | -.335 (8.51) | Y | +.174 (4.42) | -.151 (3.84),unreviewed
MIL-STD-1560C.pdf,209,1,12,J | +.000 (0.00) | -.359 (9.12) | Z | +.000 (0.00) | -.191 (4.85),unreviewed
MIL-STD-1560C.pdf,209,1,13,K | -.130 (3.30) | -.335 (8.51) | a | -.174 (4.42) | -.151 (3.84),unreviewed
MIL-STD-1560C.pdf,209,1,14,L | -.242 (6.15) | -.265 (6.73) | b | -.228 (5.79) | -.033 (0.84),unreviewed
MIL-STD-1560C.pdf,210,1,1,Contacts; (Insert arrangement 18-28) |  |  |  |  | ,unreviewed
MIL-STD-1560C.pdf,210,1,2,Contact; position ID | Location |  | Contact; position ID | Location | ,unreviewed
MIL-STD-1560C.pdf,210,1,3, | X-axis; (mm) | Y-axis; (mm) |  | X-axis; (mm) | Y-axis; (mm),unreviewed
MIL-STD-1560C.pdf,210,1,4,M | -.321 (8.15) | -.160 (4.06) | c | -.209 (5.31) | +.095 (2.41),unreviewed
MIL-STD-1560C.pdf,210,1,5,N | -.357 (9.07) | -.033 (0.84) | d | -.124 (3.15) | +.193 (4.90),unreviewed
MIL-STD-1560C.pdf,210,1,6,P | -.345 (8.76) | +.098 (2.49) | e | +.000 (0.00) | +.062 (1.57),unreviewed
MIL-STD-1560C.pdf,210,2,1,Shell; size | Arrangement; no. | Number of; contacts | Size; contacts | Service; rating | Contact; location | Supersedes,unreviewed
MIL-STD-1560C.pdf,210,2,2,"18 | -28 | 2 | 16 | I | e, Z | MS27348-28",unreviewed
MIL-STD-1560C.pdf,210,2,3, |  | 26 | 20 |  | All others | ,unreviewed
MIL-STD-1560C.pdf,211,1,1,Contacts; (Insert arrangement 18-30) |  |  |  |  | ,unreviewed
MIL-STD-1560C.pdf,211,1,2,Contact; position ID | Location |  | Contact; position ID | Location | ,unreviewed
MIL-STD-1560C.pdf,211,1,3, | X-axis; (mm) | Y-axis; (mm) |  | X-axis; (mm) | Y-axis; (mm),unreviewed
MIL-STD-1560C.pdf,211,1,4,A | +.065 (1.65) | +.346 (8.79) | S | -.065 (1.65) | +.346 (8.79),unreviewed
MIL-STD-1560C.pdf,211,1,5,B | +.186 (4.72) | +.299 (7.59) | T | +.084 (2.13) | +.217 (5.51),unreviewed
MIL-STD-1560C.pdf,211,1,6,C | +.282 (7.16) | +.210 (5.33) | U | +.181 (4.60) | +.129 (3.28),unreviewed
MIL-STD-1560C.pdf,211,1,7,D | +.340 (8.64) | +.093 (2.36) | V | +.228 (5.79) | +.008 (0.20),unreviewed
MIL-STD-1560C.pdf,211,1,8,E | +.351 (8.92) | -.033 (0.84) | W | +.193 (4.90) | -.117 (2.97),unreviewed
MIL-STD-1560C.pdf,211,1,9,F | +.315 (8.00) | -.158 (4.01) | X | +.096 (2.44) | -.203 (5.16),unreviewed
MIL-STD-1560C.pdf,211,1,10,G | +.236 (5.99) | -.261 (6.63) | Y | +.000 (0.00) | -.290 (7.37),unreviewed
MIL-STD-1560C.pdf,211,1,11,H | +.124 (3.15) | -.330 (8.38) | Z | -.096 (2.44) | -.203 (5.16),unreviewed
MIL-STD-1560C.pdf,211,1,12,J | -.124 (3.15) | -.330 (8.38) | a | -.193 (4.90) | -.117 (2.97),unreviewed
MIL-STD-1560C.pdf,211,1,13,K | -.236 (5.99) | -.261 (6.63) | b | -.228 (5.79) | +.008 (0.20),unreviewed
MIL-STD-1560C.pdf,211,1,14,L | -.315 (8.00) | -.158 (4.01) | c | -.181 (4.60) | +.129 (3.28),unreviewed
MIL-STD-1560C.pdf,211,1,15,M | -.351 (8.92) | -.033 (0.84) | d | -.084 (2.13) | +.217 (5.51),unreviewed
MIL-STD-1560C.pdf,212,1,1,Contacts; (Insert arrangement 18-30) |  |  |  |  | ,unreviewed
MIL-STD-1560C.pdf,212,1,2,Contact; position ID | Location |  | Contact; position ID | Location | ,unreviewed
MIL-STD-1560C.pdf,212,1,3, | X-axis; (mm) | Y-axis; (mm) |  | X-axis; (mm) | Y-axis; (mm),unreviewed
MIL-STD-1560C.pdf,212,1,4,N | -.340 (8.64) | +.093 (2.36) | e | +.000 (0.00) | +.072 (1.83),unreviewed
MIL-STD-1560C.pdf,212,1,5,P | -.282 (7.16) | +.210 (5.33) | f | +.069 (1.75) | -.076 (1.93),unreviewed
MIL-STD-1560C.pdf,212,1,6,R | -.186 (4.72) | +.299 (7.59) | g | -.069 (1.75) | -.076 (1.93),unreviewed
MIL-STD-1560C.pdf,212,2,1,Shell; size | Arrangement; no. | Number of; contacts | Size; contacts | Service; rating | Contact; location | Supersedes,unreviewed
MIL-STD-1560C.pdf,212,2,2,18 | -30 | 1 | 16 | I | e | MS27348-30,unreviewed
MIL-STD-1560C.pdf,212,2,3, |  | 29 | 20 |  | All others | ,unreviewed
MIL-STD-1560C.pdf,213,1,1,Contacts; (Insert arrangement 18-32) |  |  |  |  | ,unreviewed
MIL-STD-1560C.pdf,213,1,2,Contact; position ID | Location |  | Contact; position ID | Location | ,unreviewed
MIL-STD-1560C.pdf,213,1,3, | X-axis; (mm) | Y-axis; (mm) |  | X-axis; (mm) | Y-axis; (mm),unreviewed
MIL-STD-1560C.pdf,213,1,4,A | +.066 (1.68) | +.353 (8.97) | T | -.066 (1.68) | +.353 (8.97),unreviewed
MIL-STD-1560C.pdf,213,1,5,B | +.189 (4.80) | +.305 (7.75) | U | +.000 (0.00) | +.230 (5.84),unreviewed
MIL-STD-1560C.pdf,213,1,6,C | +.286 (7.26) | +.217 (5.51) | V | +.124 (3.15) | +.193 (4.90),unreviewed
MIL-STD-1560C.pdf,213,1,7,D | +.345 (8.76) | +.098 (2.49) | W | +.209 (5.31) | +.095 (2.41),unreviewed
MIL-STD-1560C.pdf,213,1,8,E | +.357 (9.07) | -.033 (0.84) | X | +.228 (5.79) | -.033 (0.84),unreviewed
MIL-STD-1560C.pdf,213,1,9,F | +.321 (8.15) | -.160 (4.06) | Y | +.174 (4.42) | -.151 (3.84),unreviewed
MIL-STD-1560C.pdf,213,1,10,G | +.242 (6.15) | -.265 (6.73) | Z | +.065 (1.65) | -.221 (5.61),unreviewed
MIL-STD-1560C.pdf,213,1,11,H | +.130 (3.30) | -.335 (8.51) | a | -.065 (1.65) | -.221 (5.61),unreviewed
MIL-STD-1560C.pdf,213,1,12,J | +.000 (0.00) | -.359 (9.12) | b | -.174 (4.42) | -.151 (3.84),unreviewed
MIL-STD-1560C.pdf,213,1,13,K | -.130 (3.30) | -.335 (8.51) | c | -.228 (5.79) | -.033 (0.84),unreviewed
MIL-STD-1560C.pdf,213,1,14,L | -.242 (6.15) | -.265 (6.73) | d | -.209 (5.31) | +.095 (2.41),unreviewed
MIL-STD-1560C.pdf,213,1,15,M | -.321 (8.15) | -.160 (4.06) | e | -.124 (3.15) | +.193 (4.90),unreviewed
MIL-STD-1560C.pdf,213,1,16,N | -.357 (9.07) | -.033 (0.84) | f | +.000 (0.00) | +.096 (2.44),unreviewed
MIL-STD-1560C.pdf,214,1,1,Contacts; (Insert arrangement 18-32) |  |  |  |  | ,unreviewed
MIL-STD-1560C.pdf,214,1,2,Contact; position ID | Location |  | Contact; position ID | Location | ,unreviewed
MIL-STD-1560C.pdf,214,1,3, | X-axis; (mm) | Y-axis; (mm) |  | X-axis; (mm) | Y-axis; (mm),unreviewed
MIL-STD-1560C.pdf,214,1,4,P | -.345 (8.76) | +.098 (2.49) | g | +.096 (2.44) | +.000 (0.00),unreviewed
MIL-STD-1560C.pdf,214,1,5,R | -.286 (7.26) | +.217 (5.51) | h | +.000 (0.00) | -.096 (2.44),unreviewed
MIL-STD-1560C.pdf,214,1,6,S | -.189 (4.80) | +.305 (7.75) | j | -.096 (2.44) | +.000 (0.00),unreviewed
MIL-STD-1560C.pdf,214,2,1,Shell; size | Arrangement; no. | Number of; contacts | Size; contacts | Service; rating | Contact; location | Supersedes,unreviewed
MIL-STD-1560C.pdf,214,2,2,18 | -32 | 32 | 20 | I | All | MS27348-32,unreviewed
MIL-STD-1560C.pdf,215,1,1,Contacts; (Insert arrangement 18-35) |  |  |  |  | ,unreviewed
MIL-STD-1560C.pdf,215,1,2,Contact; position ID | Location |  | Contact; position ID | Location | ,unreviewed
MIL-STD-1560C.pdf,215,1,3, | X-axis; (mm) | Y-axis; (mm) |  | X-axis; (mm) | Y-axis; (mm),unreviewed
MIL-STD-1560C.pdf,215,1,4,1 | -.357 (9.07) | +.090 (2.29) | 34 | +.045 (1.14) | +.360 (9.14),unreviewed
MIL-STD-1560C.pdf,215,1,5,2 | -.357 (9.07) | +.000 (0.00) | 35 | +.045 (1.14) | +.270 (6.86),unreviewed
MIL-STD-1560C.pdf,215,1,6,3 | -.357 (9.07) | -.090 (2.29) | 36 | +.045 (1.14) | +.180 (4.57),unreviewed
MIL-STD-1560C.pdf,215,1,7,4 | -.279 (7.09) | +.225 (5.72) | 37 | +.045 (1.14) | +.090 (2.29),unreviewed
MIL-STD-1560C.pdf,215,1,8,5 | -.279 (7.09) | +.135 (3.43) | 38 | +.045 (1.14) | +.000 (0.00),unreviewed
MIL-STD-1560C.pdf,215,1,9,6 | -.279 (7.09) | +.045 (1.14) | 39 | +.045 (1.14) | -.090 (2.29),unreviewed
MIL-STD-1560C.pdf,215,1,10,7 | -.279 (7.09) | -.045 (1.14) | 40 | +.045 (1.14) | -.180 (4.57),unreviewed
MIL-STD-1560C.pdf,215,1,11,8 | -.279 (7.09) | -.135 (3.43) | 41 | +.045 (1.14) | -.270 (6.86),unreviewed
MIL-STD-1560C.pdf,215,1,12,9 | -.279 (7.09) | -.225 (5.72) | 42 | +.045 (1.14) | -.360 (9.14),unreviewed
MIL-STD-1560C.pdf,215,1,13,10 | -.201 (5.11) | +.270 (6.86) | 43 | +.123 (3.12) | +.315 (8.00),unreviewed
MIL-STD-1560C.pdf,215,1,14,11 | -.201 (5.11) | +.180 (4.57) | 44 | +.123 (3.12) | +.225 (5.72),unreviewed
MIL-STD-1560C.pdf,215,1,15,12 | -.201 (5.11) | +.090 (2.29) | 45 | +.123 (3.12) | +.135 (3.43),unreviewed
MIL-STD-1560C.pdf,215,1,16,13 | -.201 (5.11) | +.000 (0.00) | 46 | +.123 (3.12) | +.045 (1.14),unreviewed
MIL-STD-1560C.pdf,215,1,17,14 | -.201 (5.11) | -.090 (2.29) | 47 | +.123 (3.12) | -.045 (1.14),unreviewed
MIL-STD-1560C.pdf,215,1,18,15 | -.201 (5.11) | -.180 (4.57) | 48 | +.123 (3.12) | -.135 (3.43),unreviewed
MIL-STD-1560C.pdf,216,1,1,Contacts; (Insert arrangement 18-35) |  |  |  |  | ,unreviewed
MIL-STD-1560C.pdf,216,1,2,Contact; position ID | Location |  | Contact; position ID | Location | ,unreviewed
MIL-STD-1560C.pdf,216,1,3, | X-axis; (mm) | Y-axis; (mm) |  | X-axis; (mm) | Y-axis; (mm),unreviewed
MIL-STD-1560C.pdf,216,1,4,16 | -.201 (5.11) | -.270 (6.86) | 49 | +.123 (3.12) | -.225 (5.72),unreviewed
MIL-STD-1560C.pdf,216,1,5,17 | -.123 (3.12) | +.315 (8.00) | 50 | +.123 (3.12) | -.315 (8.00),unreviewed
MIL-STD-1560C.pdf,216,1,6,18 | -.123 (3.12) | +.225 (5.72) | 51 | +.201 (5.11) | +.270 (6.86),unreviewed
MIL-STD-1560C.pdf,216,1,7,19 | -.123 (3.12) | +.135 (3.43) | 52 | +.201 (5.11) | +.180 (4.57),unreviewed
MIL-STD-1560C.pdf,216,1,8,20 | -.123 (3.12) | +.045 (1.14) | 53 | +.201 (5.11) | +.090 (2.29),unreviewed
MIL-STD-1560C.pdf,216,1,9,21 | -.123 (3.12) | -.045 (1.14) | 54 | +.201 (5.11) | +.000 (0.00),unreviewed
MIL-STD-1560C.pdf,216,1,10,22 | -.123 (3.12) | -.135 (3.43) | 55 | +.201 (5.11) | -.090 (2.29),unreviewed
MIL-STD-1560C.pdf,216,1,11,23 | -.123 (3.12) | -.225 (5.72) | 56 | +.201 (5.11) | -.180 (4.57),unreviewed
MIL-STD-1560C.pdf,216,1,12,24 | -.123 (3.12) | -.315 (8.00) | 57 | +.201 (5.11) | -.270 (6.86),unreviewed
MIL-STD-1560C.pdf,216,1,13,25 | -.045 (1.14) | +.360 (9.14) | 58 | +.279 (7.09) | +.225 (5.72),unreviewed
MIL-STD-1560C.pdf,216,1,14,26 | -.045 (1.14) | +.270 (6.86) | 59 | +.279 (7.09) | +.135 (3.43),unreviewed
MIL-STD-1560C.pdf,216,1,15,27 | -.045 (1.14) | +.180 (4.57) | 60 | +.279 (7.09) | +.045 (1.14),unreviewed
MIL-STD-1560C.pdf,216,1,16,28 | -.045 (1.14) | +.090 (2.29) | 61 | +.279 (7.09) | -.045 (1.14),unreviewed
MIL-STD-1560C.pdf,216,1,17,29 | -.045 (1.14) | +.000 (0.00) | 62 | +.279 (7.09) | -.135 (3.43),unreviewed
MIL-STD-1560C.pdf,216,1,18,30 | -.045 (1.14) | -.090 (2.29) | 63 | +.279 (7.09) | -.225 (5.72),unreviewed
MIL-STD-1560C.pdf,216,1,19,31 | -.045 (1.14) | -.180 (4.57) | 64 | +.357 (9.07) | +.090 (2.29),unreviewed
MIL-STD-1560C.pdf,216,1,20,32 | -.045 (1.14) | -.270 (6.86) | 65 | +.357 (9.07) | +.000 (0.00),unreviewed
MIL-STD-1560C.pdf,216,1,21,33 | -.045 (1.14) | -.360 (9.14) | 66 | +.357 (9.07) | -.090 (2.29),unreviewed
MIL-STD-1560C.pdf,216,2,1,Shell; size | Arrangement; no. | Number of; contacts | Size; contacts | Service; rating | Contact; location | Supersedes,unreviewed
MIL-STD-1560C.pdf,216,2,2,18 | -35 | 66 | 22D | M | All | MS27521-35,unreviewed
MIL-STD-1560C.pdf,217,1,1,Contacts; (Insert arrangement 18-45) |  |  |  |  | ,unreviewed
MIL-STD-1560C.pdf,217,1,2,Contact; position ID | Location |  | Contact; position ID | Location | ,unreviewed
MIL-STD-1560C.pdf,217,1,3, | X-axis; (mm) | Y-axis; (mm) |  | X-axis; (mm) | Y-axis; (mm),unreviewed
MIL-STD-1560C.pdf,217,1,4,1 | -.357 (9.07) | +.081 (2.06) | 35 | +.088 (2.24) | +.360 (9.14),unreviewed
MIL-STD-1560C.pdf,217,1,5,2 | -.357 (9.07) | -.009 (0.23) | 36 | +.045 (1.14) | +.261 (6.63),unreviewed
MIL-STD-1560C.pdf,217,1,6,3 | -.357 (9.07) | -.099 (2.51) | 37 | +.045 (1.14) | +.171 (4.34),unreviewed
MIL-STD-1560C.pdf,217,1,7,4 | -.304 (7.72) | +.213 (5.41) | 38 | +.045 (1.14) | +.081 (2.06),unreviewed
MIL-STD-1560C.pdf,217,1,8,5 | -.279 (7.09) | +.126 (3.20) | 39 | +.045 (1.14) | -.009 (0.23),unreviewed
MIL-STD-1560C.pdf,217,1,9,6 | -.279 (7.09) | +.036 (0.91) | 40 | +.045 (1.14) | -.099 (2.51),unreviewed
MIL-STD-1560C.pdf,217,1,10,7 | -.279 (7.09) | -.054 (1.37) | 41 | +.045 (1.14) | -.189 (4.80),unreviewed
MIL-STD-1560C.pdf,217,1,11,8 | -.279 (7.09) | -.144 (3.66) | 42 | +.045 (1.14) | -.279 (7.09),unreviewed
MIL-STD-1560C.pdf,217,1,12,9 | -.279 (7.09) | -.234 (5.94) | 43 | +.045 (1.14) | -.369 (9.37),unreviewed
MIL-STD-1560C.pdf,217,1,13,10 | -.244 (6.20) | +.280 (7.11) | 44 | +.156 (3.96) | +.301 (7.65),unreviewed
MIL-STD-1560C.pdf,217,1,14,11 | -.201 (5.11) | +.171 (4.34) | 45 | +.123 (3.12) | +.216 (5.49),unreviewed
MIL-STD-1560C.pdf,217,1,15,12 | -.201 (5.11) | +.081 (2.06) | 46 | +.123 (3.12) | +.126 (3.20),unreviewed
MIL-STD-1560C.pdf,217,1,16,13 | -.201 (5.11) | -.009 (0.23) | 47 | +.123 (3.12) | +.036 (0.91),unreviewed
MIL-STD-1560C.pdf,217,1,17,14 | -.201 (5.11) | -.099 (2.51) | 48 | +.123 (3.12) | -.054 (1.37),unreviewed
MIL-STD-1560C.pdf,217,1,18,15 | -.201 (5.11) | -.189 (4.80) | 49 | +.123 (3.12) | -.144 (3.66),unreviewed
MIL-STD-1560C.pdf,217,1,19,16 | -.201 (5.11) | -.279 (7.09) | 50 | +.123 (3.12) | -.234 (5.94),unreviewed
MIL-STD-1560C.pdf,218,1,1,Contacts; (Insert arrangement 18-45) |  |  |  |  | ,unreviewed
MIL-STD-1560C.pdf,218,1,2,Contact; position ID | Location |  | Contact; position ID | Location | ,unreviewed
MIL-STD-1560C.pdf,218,1,3, | X-axis; (mm) | Y-axis; (mm) |  | X-axis; (mm) | Y-axis; (mm),unreviewed
MIL-STD-1560C.pdf,218,1,4,17 | -.156 (3.96) | +.301 (7.65) | 51 | +.123 (3.12) | -.324 (8.23),unreviewed
MIL-STD-1560C.pdf,218,1,5,18 | -.123 (3.12) | +.216 (5.49) | 52 | +.244 (6.20) | +.280 (7.11),unreviewed
MIL-STD-1560C.pdf,218,1,6,19 | -.123 (3.12) | +.126 (3.20) | 53 | +.201 (5.11) | +.171 (4.34),unreviewed
MIL-STD-1560C.pdf,218,1,7,20 | -.123 (3.12) | +.036 (0.91) | 54 | +.201 (5.11) | +.081 (2.06),unreviewed
MIL-STD-1560C.pdf,218,1,8,21 | -.123 (3.12) | -.054 (1.37) | 55 | +.201 (5.11) | -.009 (0.23),unreviewed
MIL-STD-1560C.pdf,218,1,9,22 | -.123 (3.12) | -.144 (3.66) | 56 | +.201 (5.11) | -.099 (2.51),unreviewed
MIL-STD-1560C.pdf,218,1,10,23 | -.123 (3.12) | -.234 (5.94) | 57 | +.201 (5.11) | -.189 (4.80),unreviewed
MIL-STD-1560C.pdf,218,1,11,24 | -.123 (3.12) | -.324 (8.23) | 58 | +.201 (5.11) | -.279 (7.09),unreviewed
MIL-STD-1560C.pdf,218,1,12,25 | -.088 (2.24) | +.360 (9.14) | 59 | +.304 (7.72) | +.213 (5.41),unreviewed
MIL-STD-1560C.pdf,218,1,13,26 | -.000 (0.00) | +.339 (8.61) | 60 | +.279 (7.09) | +.126 (3.20),unreviewed
MIL-STD-1560C.pdf,218,1,14,27 | -.045 (1.14) | +.261 (6.63) | 61 | +.279 (7.09) | +.036 (0.91),unreviewed
MIL-STD-1560C.pdf,218,1,15,28 | -.045 (1.14) | +.171 (4.34) | 62 | +.279 (7.09) | -.054 (1.37),unreviewed
MIL-STD-1560C.pdf,218,1,16,29 | -.045 (1.14) | +.081 (2.06) | 63 | +.279 (7.09) | -.144 (3.66),unreviewed
MIL-STD-1560C.pdf,218,1,17,30 | -.045 (1.14) | -.009 (0.23) | 64 | +.279 (7.09) | -.234 (5.94),unreviewed
MIL-STD-1560C.pdf,218,1,18,31 | -.045 (1.14) | -.099 (2.51) | 65 | +.357 (9.07) | +.081 (2.06),unreviewed
MIL-STD-1560C.pdf,218,1,19,32 | -.045 (1.14) | -.189 (4.80) | 66 | +.357 (9.07) | -.009 (0.23),unreviewed
MIL-STD-1560C.pdf,218,1,20,33 | -.045 (1.14) | -.279 (7.09) | 67 | +.357 (9.07) | -.099 (2.51),unreviewed
MIL-STD-1560C.pdf,218,1,21,34 | -.045 (1.14) | -.369 (9.37) | --- | --- | ---,unreviewed
MIL-STD-1560C.pdf,218,2,1,Shell; size | Arrangement; no. | Number of; contacts | Size; contacts | Service; rating | Contact; location | Supersedes,unreviewed
MIL-STD-1560C.pdf,218,2,2,18 | -45 | 67 | 22D | M | All | MS27521-45,unreviewed
MIL-STD-1560C.pdf,219,1,1,Contacts; (Insert arrangement 18-53) |  |  |  |  | ,unreviewed
MIL-STD-1560C.pdf,219,1,2,Contact; position ID | Location |  | Contact; position ID | Location | ,unreviewed
MIL-STD-1560C.pdf,219,1,3, | X-axis; (mm) | Y-axis; (mm) |  | X-axis; (mm) | Y-axis; (mm),unreviewed
MIL-STD-1560C.pdf,219,1,4,1 | +.050 (1.27) | +.364 (9.25) | 28 | +.266 (6.76) | +.018 (0.46),unreviewed
MIL-STD-1560C.pdf,219,1,5,2 | +.146 (3.71) | +.336 (8.53) | 29 | +.260 (6.60) | -.094 (2.39),unreviewed
MIL-STD-1560C.pdf,219,1,6,3 | +.232 (5.89) | +.284 (7.21) | 30 | +.184 (4.67) | -.195 (4.95),unreviewed
MIL-STD-1560C.pdf,219,1,7,4 | +.301 (7.65) | +.212 (5.38) | 31 | +.099 (2.51) | -.252 (6.40),unreviewed
MIL-STD-1560C.pdf,219,1,8,5 | +.347 (8.81) | +.123 (3.12) | 32 | +.000 (0.00) | -.268 (6.81),unreviewed
MIL-STD-1560C.pdf,219,1,9,6 | +.367 (9.32) | +.025 (0.64) | 33 | -.099 (2.51) | -.252 (6.40),unreviewed
MIL-STD-1560C.pdf,219,1,10,7 | +.360 (9.14) | -.075 (1.91) | 34 | -.184 (4.67) | -.195 (4.95),unreviewed
MIL-STD-1560C.pdf,219,1,11,8 | +.328 (8.33) | -.170 (4.32) | 35 | -.260 (6.60) | -.094 (2.39),unreviewed
MIL-STD-1560C.pdf,219,1,12,9 | +.269 (6.83) | -.251 (6.38) | 36 | -.266 (6.76) | +.018 (0.46),unreviewed
MIL-STD-1560C.pdf,219,1,13,10 | +.191 (4.85) | -.314 (7.98) | 37 | -.245 (6.22) | +.116 (2.95),unreviewed
MIL-STD-1560C.pdf,219,1,14,11 | +.099 (2.51) | -.354 (8.99) | 38 | -.183 (4.65) | +.195 (4.95),unreviewed
MIL-STD-1560C.pdf,219,1,15,12 | +.000 (0.00) | -.368 (9.35) | 39 | -.096 (2.44) | +.248 (6.30),unreviewed
MIL-STD-1560C.pdf,219,1,16,13 | -.099 (2.51) | -.354 (8.99) | 40 | +.000 (0.00) | +.176 (4.47),unreviewed
MIL-STD-1560C.pdf,219,1,17,14 | -.191 (4.85) | -.314 (7.98) | 41 | +.096 (2.44) | +.145 (3.68),unreviewed
MIL-STD-1560C.pdf,219,1,18,15 | -.269 (6.83) | -.251 (6.38) | 42 | +.158 (4.01) | +.068 (1.73),unreviewed
MIL-STD-1560C.pdf,219,1,19,16 | -.328 (8.33) | -.170 (4.32) | 43 | +.178 (4.52) | -.032 (0.81),unreviewed
MIL-STD-1560C.pdf,220,1,1,Contacts; (Insert arrangement 18-53) |  |  |  |  | ,unreviewed
MIL-STD-1560C.pdf,220,1,2,Contact; position ID | Location |  | Contact; position ID | Location | ,unreviewed
MIL-STD-1560C.pdf,220,1,3, | X-axis; (mm) | Y-axis; (mm) |  | X-axis; (mm) | Y-axis; (mm),unreviewed
MIL-STD-1560C.pdf,220,1,4,17 | -.360 (9.14) | -.075 (1.91) | 44 | +.120 (3.05) | -.114 (2.90),unreviewed
MIL-STD-1560C.pdf,220,1,5,18 | -.367 (9.32) | +.025 (0.64) | 45 | +.000 (0.00) | -.168 (4.27),unreviewed
MIL-STD-1560C.pdf,220,1,6,19 | -.347 (8.81) | +.123 (3.12) | 46 | -.120 (3.05) | -.114 (2.90),unreviewed
MIL-STD-1560C.pdf,220,1,7,20 | -.301 (7.65) | +.212 (5.38) | 47 | -.178 (4.52) | -.032 (0.81),unreviewed
MIL-STD-1560C.pdf,220,1,8,21 | -.232 (5.89) | +.284 (7.21) | 48 | -.158 (4.01) | +.068 (1.73),unreviewed
MIL-STD-1560C.pdf,220,1,9,22 | -.146 (3.71) | +.336 (8.53) | 49 | -.096 (2.44) | +.145 (3.68),unreviewed
MIL-STD-1560C.pdf,220,1,10,23 | -.050 (1.27) | +.364 (9.25) | 50 | +.000 (0.00) | +.076 (1.93),unreviewed
MIL-STD-1560C.pdf,220,1,11,24 | +.000 (0.00) | +.276 (7.01) | 51 | +.080 (2.03) | -.002 (0.05),unreviewed
MIL-STD-1560C.pdf,220,1,12,25 | +.096 (2.44) | +.248 (6.30) | 52 | +.000 (0.00) | -.068 (1.73),unreviewed
MIL-STD-1560C.pdf,220,1,13,26 | +.183 (4.65) | +.195 (4.95) | 53 | -.080 (2.03) | -.002 (0.05),unreviewed
MIL-STD-1560C.pdf,220,1,14,27 | +.245 (6.22) | +.116 (2.95) | --- | --- | ---,unreviewed
MIL-STD-1560C.pdf,220,2,1,Shell; size | Arrangement; no. | Number of; contacts | Size; contacts | Service; rating | Contact; location | Supersedes,unreviewed
MIL-STD-1560C.pdf,220,2,2,18 | -53 | 53 | 22 | M | All | MS27348-53,unreviewed
MIL-STD-1560C.pdf,221,1,1,Contacts; (Insert arrangement 18-66) |  |  |  |  | ,unreviewed
MIL-STD-1560C.pdf,221,1,2,Contact; position ID | Location |  | Contact; position ID | Location | ,unreviewed
MIL-STD-1560C.pdf,221,1,3, | X-axis; (mm) | Y-axis; (mm) |  | X-axis; (mm) | Y-axis; (mm),unreviewed
MIL-STD-1560C.pdf,221,1,4,1 | -.357 (9.07) | +.090 (2.29) | 34 | +.045 (1.14) | +.360 (9.14),unreviewed
MIL-STD-1560C.pdf,221,1,5,2 | -.357 (9.07) | +.000 (0.00) | 35 | +.045 (1.14) | +.270 (6.86),unreviewed
MIL-STD-1560C.pdf,221,1,6,3 | -.357 (9.07) | -.090 (2.29) | 36 | +.045 (1.14) | +.180 (4.57),unreviewed
MIL-STD-1560C.pdf,221,1,7,4 | -.279 (7.09) | +.225 (5.72) | 37 | +.045 (1.14) | +.090 (2.29),unreviewed
MIL-STD-1560C.pdf,221,1,8,5 | -.279 (7.09) | +.135 (3.43) | 38 | +.045 (1.14) | +.000 (0.00),unreviewed
MIL-STD-1560C.pdf,221,1,9,6 | -.279 (7.09) | +.045 (1.14) | 39 | +.045 (1.14) | -.090 (2.29),unreviewed
MIL-STD-1560C.pdf,221,1,10,7 | -.279 (7.09) | -.045 (1.14) | 40 | +.045 (1.14) | -.180 (4.57),unreviewed
MIL-STD-1560C.pdf,221,1,11,8 | -.279 (7.09) | -.135 (3.43) | 41 | +.045 (1.14) | -.270 (6.86),unreviewed
MIL-STD-1560C.pdf,221,1,12,9 | -.279 (7.09) | -.225 (5.72) | 42 | +.045 (1.14) | -.360 (9.14),unreviewed
MIL-STD-1560C.pdf,221,1,13,10 | -.201 (5.11) | +.270 (6.86) | 43 | +.123 (3.12) | +.315 (8.00),unreviewed
MIL-STD-1560C.pdf,221,1,14,11 | -.201 (5.11) | +.180 (4.57) | 44 | +.123 (3.12) | +.225 (5.72),unreviewed
MIL-STD-1560C.pdf,221,1,15,12 | -.201 (5.11) | +.090 (2.29) | 45 | +.123 (3.12) | +.135 (3.43),unreviewed
MIL-STD-1560C.pdf,221,1,16,13 | -.201 (5.11) | +.000 (0.00) | 46 | +.123 (3.12) | +.045 (1.14),unreviewed
MIL-STD-1560C.pdf,221,1,17,14 | -.201 (5.11) | -.090 (2.29) | 47 | +.123 (3.12) | -.045 (1.14),unreviewed
MIL-STD-1560C.pdf,221,1,18,15 | -.201 (5.11) | -.180 (4.57) | 48 | +.123 (3.12) | -.135 (3.43),unreviewed
MIL-STD-1560C.pdf,221,1,19,16 | -.201 (5.11) | -.270 (6.86) | 49 | +.123 (3.12) | -.225 (5.72),unreviewed
MIL-STD-1560C.pdf,222,1,1,Contacts; (Insert arrangement 18-66) |  |  |  |  | ,unreviewed
MIL-STD-1560C.pdf,222,1,2,Contact; position ID | Location |  | Contact; position ID | Location | ,unreviewed
MIL-STD-1560C.pdf,222,1,3, | X-axis; (mm) | Y-axis; (mm) |  | X-axis; (mm) | Y-axis; (mm),unreviewed
MIL-STD-1560C.pdf,222,1,4,17 | -.123 (3.12) | +.315 (8.00) | 50 | +.123 (3.12) | -.315 (8.00),unreviewed
MIL-STD-1560C.pdf,222,1,5,18 | -.123 (3.12) | +.225 (5.72) | 51 | +.201 (5.11) | +.270 (6.86),unreviewed
MIL-STD-1560C.pdf,222,1,6,19 | -.123 (3.12) | +.135 (3.43) | 52 | +.201 (5.11) | +.180 (4.57),unreviewed
MIL-STD-1560C.pdf,222,1,7,20 | -.123 (3.12) | +.045 (1.14) | 53 | +.201 (5.11) | +.090 (2.29),unreviewed
MIL-STD-1560C.pdf,222,1,8,21 | -.123 (3.12) | -.045 (1.14) | 54 | +.201 (5.11) | +.000 (0.00),unreviewed
MIL-STD-1560C.pdf,222,1,9,22 | -.123 (3.12) | -.135 (3.43) | 55 | +.201 (5.11) | -.090 (2.29),unreviewed
MIL-STD-1560C.pdf,222,1,10,23 | -.123 (3.12) | -.225 (5.72) | 56 | +.201 (5.11) | -.180 (4.57),unreviewed
MIL-STD-1560C.pdf,222,1,11,24 | -.123 (3.12) | -.315 (8.00) | 57 | +.201 (5.11) | -.270 (6.86),unreviewed
MIL-STD-1560C.pdf,222,1,12,25 | -.045 (1.14) | +.360 (9.14) | 58 | +.279 (7.09) | +.225 (5.72),unreviewed
MIL-STD-1560C.pdf,222,1,13,26 | -.045 (1.14) | +.270 (6.86) | 59 | +.279 (7.09) | +.135 (3.43),unreviewed
MIL-STD-1560C.pdf,222,1,14,27 | -.045 (1.14) | +.180 (4.57) | 60 | +.279 (7.09) | +.045 (1.14),unreviewed
MIL-STD-1560C.pdf,222,1,15,28 | -.045 (1.14) | +.090 (2.29) | 61 | +.279 (7.09) | -.045 (1.14),unreviewed
MIL-STD-1560C.pdf,222,1,16,29 | -.045 (1.14) | +.000 (0.00) | 62 | +.279 (7.09) | -.135 (3.43),unreviewed
MIL-STD-1560C.pdf,222,1,17,30 | -.045 (1.14) | -.090 (2.29) | 63 | +.279 (7.09) | -.225 (5.72),unreviewed
MIL-STD-1560C.pdf,222,1,18,31 | -.045 (1.14) | -.180 (4.57) | 64 | +.357 (9.07) | +.090 (2.29),unreviewed
MIL-STD-1560C.pdf,222,1,19,32 | -.045 (1.14) | -.270 (6.86) | 65 | +.357 (9.07) | +.000 (0.00),unreviewed
MIL-STD-1560C.pdf,222,1,20,33 | -.045 (1.14) | -.360 (9.14) | 66 | +.357 (9.07) | -.090 (2.29),unreviewed
MIL-STD-1560C.pdf,222,2,1,Shell; size | Arrangement; no. | Number of; contacts | Size; contacts | Service; rating | Contact; location | Supersedes,unreviewed
MIL-STD-1560C.pdf,222,2,2,18 | -66 | 66 | 22M | M | All | MS27348-66,unreviewed
MIL-STD-1560C.pdf,223,1,1,Contacts; (Insert arrangement 18-67) |  |  |  |  | ,unreviewed
MIL-STD-1560C.pdf,223,1,2,Contact; position ID | Location |  | Contact; position ID | Location | ,unreviewed
MIL-STD-1560C.pdf,223,1,3, | X-axis; (mm) | Y-axis; (mm) |  | X-axis; (mm) | Y-axis; (mm),unreviewed
MIL-STD-1560C.pdf,223,1,4,1 | -.357 (9.07) | +.081 (2.06) | 35 | +.088 (2.24) | +.360 (9.14),unreviewed
MIL-STD-1560C.pdf,223,1,5,2 | -.357 (9.07) | -.009 (0.23) | 36 | +.045 (1.14) | +.261 (6.63),unreviewed
MIL-STD-1560C.pdf,223,1,6,3 | -.357 (9.07) | -.099 (2.51) | 37 | +.045 (1.14) | +.171 (4.34),unreviewed
MIL-STD-1560C.pdf,223,1,7,4 | -.304 (7.72) | +.213 (5.41) | 38 | +.045 (1.14) | +.081 (2.06),unreviewed
MIL-STD-1560C.pdf,223,1,8,5 | -.279 (7.09) | +.126 (3.20) | 39 | +.045 (1.14) | -.009 (0.23),unreviewed
MIL-STD-1560C.pdf,223,1,9,6 | -.279 (7.09) | +.036 (0.91) | 40 | +.045 (1.14) | -.099 (2.51),unreviewed
MIL-STD-1560C.pdf,223,1,10,7 | -.279 (7.09) | -.054 (1.37) | 41 | +.045 (1.14) | -.189 (4.80),unreviewed
MIL-STD-1560C.pdf,223,1,11,8 | -.279 (7.09) | -.144 (3.66) | 42 | +.045 (1.14) | -.279 (7.09),unreviewed
MIL-STD-1560C.pdf,223,1,12,9 | -.279 (7.09) | -.234 (5.94) | 43 | +.045 (1.14) | -.369 (9.37),unreviewed
MIL-STD-1560C.pdf,223,1,13,10 | -.244 (6.20) | +.280 (7.11) | 44 | +.156 (3.96) | +.301 (7.65),unreviewed
MIL-STD-1560C.pdf,223,1,14,11 | -.201 (5.11) | +.171 (4.34) | 45 | +.123 (3.12) | +.216 (5.49),unreviewed
MIL-STD-1560C.pdf,223,1,15,12 | -.201 (5.11) | +.081 (2.06) | 46 | +.123 (3.12) | +.126 (3.20),unreviewed
MIL-STD-1560C.pdf,223,1,16,13 | -.201 (5.11) | -.009 (0.23) | 47 | +.123 (3.12) | +.036 (0.91),unreviewed
MIL-STD-1560C.pdf,223,1,17,14 | -.201 (5.11) | -.099 (2.51) | 48 | +.123 (3.12) | -.054 (1.37),unreviewed
MIL-STD-1560C.pdf,223,1,18,15 | -.201 (5.11) | -.189 (4.80) | 49 | +.123 (3.12) | -.144 (3.66),unreviewed
MIL-STD-1560C.pdf,224,1,1,Contacts; (Insert arrangement 18-67) |  |  |  |  | ,unreviewed
MIL-STD-1560C.pdf,224,1,2,Contact; position ID | Location |  | Contact; position ID | Location | ,unreviewed
MIL-STD-1560C.pdf,224,1,3, | X-axis; (mm) | Y-axis; (mm) |  | X-axis; (mm) | Y-axis; (mm),unreviewed
MIL-STD-1560C.pdf,224,1,4,16 | -.201 (5.11) | -.279 (7.09) | 50 | +.123 (3.12) | -.234 (5.94),unreviewed
MIL-STD-1560C.pdf,224,1,5,17 | -.156 (3.96) | +.301 (7.65) | 51 | +.123 (3.12) | -.324 (8.23),unreviewed
MIL-STD-1560C.pdf,224,1,6,18 | -.123 (3.12) | +.216 (5.49) | 52 | +.244 (6.20) | +.280 (7.11),unreviewed
MIL-STD-1560C.pdf,224,1,7,19 | -.123 (3.12) | +.126 (3.20) | 53 | +.201 (5.11) | +.171 (4.34),unreviewed
MIL-STD-1560C.pdf,224,1,8,20 | -.123 (3.12) | +.036 (0.91) | 54 | +.201 (5.11) | +.081 (2.06),unreviewed
MIL-STD-1560C.pdf,224,1,9,21 | -.123 (3.12) | -.054 (1.37) | 55 | +.201 (5.11) | -.009 (0.23),unreviewed
MIL-STD-1560C.pdf,224,1,10,22 | -.123 (3.12) | -.144 (3.66) | 56 | +.201 (5.11) | -.099 (2.51),unreviewed
MIL-STD-1560C.pdf,224,1,11,23 | -.123 (3.12) | -.234 (5.94) | 57 | +.201 (5.11) | -.189 (4.80),unreviewed
MIL-STD-1560C.pdf,224,1,12,24 | -.123 (3.12) | -.324 (8.23) | 58 | +.201 (5.11) | -.279 (7.09),unreviewed
MIL-STD-1560C.pdf,224,1,13,25 | -.088 (2.24) | +.360 (9.14) | 59 | +.304 (7.72) | +.213 (5.41),unreviewed
MIL-STD-1560C.pdf,224,1,14,26 | -.000 (0.00) | +.339 (8.61) | 60 | +.279 (7.09) | +.126 (3.20),unreviewed
MIL-STD-1560C.pdf,224,1,15,27 | -.045 (1.14) | +.261 (6.63) | 61 | +.279 (7.09) | +.036 (0.91),unreviewed
MIL-STD-1560C.pdf,224,1,16,28 | -.045 (1.14) | +.171 (4.34) | 62 | +.279 (7.09) | -.054 (1.37),unreviewed
MIL-STD-1560C.pdf,224,1,17,29 | -.045 (1.14) | +.081 (2.06) | 63 | +.279 (7.09) | -.144 (3.66),unreviewed
MIL-STD-1560C.pdf,224,1,18,30 | -.045 (1.14) | -.009 (0.23) | 64 | +.279 (7.09) | -.234 (5.94),unreviewed
MIL-STD-1560C.pdf,224,1,19,31 | -.045 (1.14) | -.099 (2.51) | 65 | +.357 (9.07) | +.081 (2.06),unreviewed
MIL-STD-1560C.pdf,224,1,20,32 | -.045 (1.14) | -.189 (4.80) | 66 | +.357 (9.07) | -.009 (0.23),unreviewed
MIL-STD-1560C.pdf,224,1,21,33 | -.045 (1.14) | -.279 (7.09) | 67 | +.357 (9.07) | -.099 (2.51),unreviewed
MIL-STD-1560C.pdf,224,1,22,34 | -.045 (1.14) | -.369 (9.37) | --- | --- | ---,unreviewed
MIL-STD-1560C.pdf,224,2,1,Shell; size | Arrangement; no. | Number of; contacts | Size; contacts | Service; rating | Contact; location | Supersedes,unreviewed
MIL-STD-1560C.pdf,224,2,2,18 | -67 | 67 | 22M | M | All | MS27348-67,unreviewed
MIL-STD-1560C.pdf,225,1,1,Contacts; (Insert arrangement 18-96) |  |  |  |  | ,unreviewed
MIL-STD-1560C.pdf,225,1,2,Contact; position ID | Location |  | Contact; position ID | Location | ,unreviewed
MIL-STD-1560C.pdf,225,1,3, | X-axis; (mm) | Y-axis; (mm) |  | X-axis; (mm) | Y-axis; (mm),unreviewed
MIL-STD-1560C.pdf,225,1,4,A | +.000 (0.00) | +.301 (7.65) | F | -.213 (5.41) | -.213 (5.41),unreviewed
MIL-STD-1560C.pdf,225,1,5,B | +.213 (5.41) | +.213 (5.41) | G | -.301 (7.65) | +.000 (0.00),unreviewed
MIL-STD-1560C.pdf,225,1,6,C | +.301 (7.65) | +.000 (0.00) | H | -.213 (5.41) | +.213 (5.41),unreviewed
MIL-STD-1560C.pdf,225,1,7,D | +.213 (5.41) | -.213 (5.41) | J | +.000 (0.00) | +.000 (0.00),unreviewed
MIL-STD-1560C.pdf,225,1,8,E | +.000 (0.00) | -.301 (7.65) | --- | --- | ---,unreviewed
MIL-STD-1560C.pdf,225,2,1,Shell; size | Arrangement; no. | Number of; contacts | Size; contacts | Service; rating | Contact; location,unreviewed
MIL-STD-1560C.pdf,225,2,2,18 | -96 | 9 | 12 | I | All,unreviewed
MIL-STD-1560C.pdf,226,1,1,Contacts; (Insert arrangement 20-1) |  |  |  |  | ,unreviewed
MIL-STD-1560C.pdf,226,1,2,Contact; position ID | Location |  | Contact; position ID | Location | ,unreviewed
MIL-STD-1560C.pdf,226,1,3, | X-axis; (mm) | Y-axis; (mm) |  | X-axis; (mm) | Y-axis; (mm),unreviewed
MIL-STD-1560C.pdf,226,1,4,1 | +.053 (1.35) | +.426 (10.82) | 41 | -.098 (2.49) | -.322 (8.18),unreviewed
MIL-STD-1560C.pdf,226,1,5,2 | +.146 (3.71) | +.404 (10.26) | 42 | -.184 (4.67) | -.280 (7.11),unreviewed
MIL-STD-1560C.pdf,226,1,6,3 | +.232 (5.89) | +.362 (9.19) | 43 | -.258 (6.55) | -.220 (5.59),unreviewed
MIL-STD-1560C.pdf,226,1,7,4 | +.306 (7.77) | +.302 (7.67) | 44 | -.311 (7.90) | -.141 (3.58),unreviewed
MIL-STD-1560C.pdf,226,1,8,5 | +.365 (9.27) | +.227 (5.77) | 45 | -.332 (8.43) | -.048 (1.22),unreviewed
MIL-STD-1560C.pdf,226,1,9,6 | +.406 (10.31) | +.141 (3.58) | 46 | -.332 (8.43) | +.048 (1.22),unreviewed
MIL-STD-1560C.pdf,226,1,10,7 | +.427 (10.85) | +.048 (1.22) | 47 | -.311 (7.90) | +.141 (3.58),unreviewed
MIL-STD-1560C.pdf,226,1,11,8 | +.427 (10.85) | -.048 (1.22) | 48 | -.258 (6.55) | +.220 (5.59),unreviewed
MIL-STD-1560C.pdf,226,1,12,9 | +.406 (10.31) | -.141 (3.58) | 49 | -.184 (4.67) | +.280 (7.11),unreviewed
MIL-STD-1560C.pdf,226,1,13,10 | +.365 (9.27) | -.227 (5.77) | 50 | -.098 (2.49) | +.322 (8.18),unreviewed
MIL-STD-1560C.pdf,226,1,14,11 | +.306 (7.77) | -.302 (7.67) | 51 | -.048 (1.22) | +.241 (6.12),unreviewed
MIL-STD-1560C.pdf,226,1,15,12 | +.232 (5.89) | -.362 (9.19) | 52 | +.048 (1.22) | +.241 (6.12),unreviewed
MIL-STD-1560C.pdf,226,1,16,13 | +.146 (3.71) | -.404 (10.26) | 53 | +.134 (3.40) | +.199 (5.05),unreviewed
MIL-STD-1560C.pdf,226,1,17,14 | +.053 (1.35) | -.426 (10.82) | 54 | +.208 (5.28) | +.139 (3.53),unreviewed
MIL-STD-1560C.pdf,226,1,18,15 | -.053 (1.35) | -.426 (10.82) | 55 | +.237 (6.02) | +.048 (1.22),unreviewed
MIL-STD-1560C.pdf,227,1,1,Contacts; (Insert arrangement 20-1) |  |  |  |  | ,unreviewed
MIL-STD-1560C.pdf,227,1,2,Contact; position ID | Location |  | Contact; position ID | Location | ,unreviewed
MIL-STD-1560C.pdf,227,1,3, | X-axis; (mm) | Y-axis; (mm) |  | X-axis; (mm) | Y-axis; (mm),unreviewed
MIL-STD-1560C.pdf,227,1,4,16 | -.146 (3.71) | -.404 (10.26) | 56 | +.237 (6.02) | -.048 (1.22),unreviewed
MIL-STD-1560C.pdf,227,1,5,17 | -.232 (5.89) | -.362 (9.19) | 57 | +.208 (5.28) | -.139 (3.53),unreviewed
MIL-STD-1560C.pdf,227,1,6,18 | -.306 (7.77) | -.302 (7.67) | 58 | +.134 (3.40) | -.199 (5.05),unreviewed
MIL-STD-1560C.pdf,227,1,7,19 | -.365 (9.27) | -.227 (5.77) | 59 | +.048 (1.22) | -.241 (6.12),unreviewed
MIL-STD-1560C.pdf,227,1,8,20 | -.406 (10.31) | -.141 (3.58) | 60 | -.048 (1.22) | -.241 (6.12),unreviewed
MIL-STD-1560C.pdf,227,1,9,21 | -.427 (10.85) | -.048 (1.22) | 61 | -.134 (3.40) | -.199 (5.05),unreviewed
MIL-STD-1560C.pdf,227,1,10,22 | -.427 (10.85) | +.048 (1.22) | 62 | -.208 (5.28) | -.139 (3.53),unreviewed
MIL-STD-1560C.pdf,227,1,11,23 | -.406 (10.31) | +.141 (3.58) | 63 | -.237 (6.02) | -.048 (1.22),unreviewed
MIL-STD-1560C.pdf,227,1,12,24 | -.365 (9.27) | +.227 (5.77) | 64 | -.237 (6.02) | +.048 (1.22),unreviewed
MIL-STD-1560C.pdf,227,1,13,25 | -.306 (7.77) | +.302 (7.67) | 65 | -.208 (5.28) | +.139 (3.53),unreviewed
MIL-STD-1560C.pdf,227,1,14,26 | -.232 (5.89) | +.362 (9.19) | 66 | -.134 (3.40) | +.199 (5.05),unreviewed
MIL-STD-1560C.pdf,227,1,15,27 | -.146 (3.71) | +.404 (10.26) | 67 | -.048 (1.22) | +.146 (3.71),unreviewed
MIL-STD-1560C.pdf,227,1,16,28 | -.053 (1.35) | +.426 (10.82) | 68 | +.048 (1.22) | +.146 (3.71),unreviewed
MIL-STD-1560C.pdf,227,1,17,29 | +.000 (0.00) | +.323 (8.20) | 69 | +.125 (3.18) | +.090 (2.29),unreviewed
MIL-STD-1560C.pdf,227,1,18,30 | +.098 (2.49) | +.322 (8.18) | 70 | +.155 (3.94) | +.000 (0.00),unreviewed
MIL-STD-1560C.pdf,227,1,19,31 | +.184 (4.67) | +.280 (7.11) | 71 | +.125 (3.18) | -.090 (2.29),unreviewed
MIL-STD-1560C.pdf,227,1,20,32 | +.258 (6.55) | +.220 (5.59) | 72 | +.048 (1.22) | -.146 (3.71),unreviewed
MIL-STD-1560C.pdf,227,1,21,33 | +.311 (7.90) | +.141 (3.58) | 73 | -.048 (1.22) | -.146 (3.71),unreviewed
MIL-STD-1560C.pdf,227,1,22,34 | +.332 (8.43) | +.048 (1.22) | 74 | -.125 (3.18) | -.090 (2.29),unreviewed
MIL-STD-1560C.pdf,227,1,23,35 | +.332 (8.43) | -.048 (1.22) | 75 | -.155 (3.94) | +.000 (0.00),unreviewed
MIL-STD-1560C.pdf,227,1,24,36 | +.311 (7.90) | -.141 (3.58) | 76 | -.125 (3.18) | +.090 (2.29),unreviewed
MIL-STD-1560C.pdf,227,1,25,37 | +.258 (6.55) | -.220 (5.59) | 77 | +.000 (0.00) | +.053 (1.35),unreviewed
MIL-STD-1560C.pdf,227,1,26,38 | +.184 (4.67) | -.280 (7.11) | 78 | +.048 (1.22) | -.029 (0.74),unreviewed
MIL-STD-1560C.pdf,227,1,27,39 | +.098 (2.49) | -.322 (8.18) | 79 | -.048 (1.22) | -.029 (0.74),unreviewed
MIL-STD-1560C.pdf,227,1,28,40 | +.000 (0.00) | -.347 (8.81) | --- | --- | ---,unreviewed
MIL-STD-1560C.pdf,227,2,1,Shell; size | Arrangement; no. | Number of; contacts | Size; contacts | Service; rating | Contact; location | Supersedes,unreviewed
MIL-STD-1560C.pdf,227,2,2,20 | -1 | 79 | 22M | M | All | MS27349-1,unreviewed
MIL-STD-1560C.pdf,228,1,1,Contacts; (Insert arrangement 20-2) |  |  |  |  | ,unreviewed
MIL-STD-1560C.pdf,228,1,2,Contact; position ID | Location |  | Contact; position ID | Location | ,unreviewed
MIL-STD-1560C.pdf,228,1,3, | X-axis; (mm) | Y-axis; (mm) |  | X-axis; (mm) | Y-axis; (mm),unreviewed
MIL-STD-1560C.pdf,228,1,4,1 | +.052 (1.32) | +.424 (10.77) | 34 | +.165 (4.19) | -.273 (6.93),unreviewed
MIL-STD-1560C.pdf,228,1,5,2 | +.154 (3.91) | +.399 (10.13) | 35 | +.053 (1.35) | -.331 (8.41),unreviewed
MIL-STD-1560C.pdf,228,1,6,3 | +.246 (6.25) | +.348 (8.84) | 36 | -.053 (1.35) | -.331 (8.41),unreviewed
MIL-STD-1560C.pdf,228,1,7,4 | +.326 (8.28) | +.280 (7.11) | 37 | -.165 (4.19) | -.273 (6.93),unreviewed
MIL-STD-1560C.pdf,228,1,8,5 | +.382 (9.70) | +.191 (4.85) | 38 | -.252 (6.40) | -.210 (5.33),unreviewed
MIL-STD-1560C.pdf,228,1,9,6 | +.417 (10.59) | +.092 (2.34) | 39 | -.305 (7.75) | -.119 (3.02),unreviewed
MIL-STD-1560C.pdf,228,1,10,7 | +.425 (10.80) | -.013 (.33) | 40 | -.320 (8.13) | -.015 (0.38),unreviewed
MIL-STD-1560C.pdf,228,1,11,8 | +.410 (10.41) | -.117 (2.97) | 41 | -.312 (7.92) | +.090 (2.29),unreviewed
MIL-STD-1560C.pdf,228,1,12,9 | +.370 (9.40) | -.214 (5.44) | 42 | -.274 (6.96) | +.188 (4.78),unreviewed
MIL-STD-1560C.pdf,228,1,13,10 | +.308 (7.82) | -.299 (7.59) | 43 | -.194 (4.93) | +.256 (6.50),unreviewed
MIL-STD-1560C.pdf,228,1,14,11 | +.224 (5.69) | -.362 (9.19) | 44 | -.102 (2.59) | +.307 (7.80),unreviewed
MIL-STD-1560C.pdf,228,1,15,12 | +.128 (3.25) | -.405 (10.29) | 45 | +.000 (0.00) | +.227 (5.77),unreviewed
MIL-STD-1560C.pdf,228,1,16,13 | +.000 (0.00) | -.422 (10.72) | 46 | +.102 (2.59) | +.202 (5.13),unreviewed
MIL-STD-1560C.pdf,228,1,17,14 | -.128 (3.25) | -.405 (10.29) | 47 | +.183 (4.65) | +.135 (3.43),unreviewed
MIL-STD-1560C.pdf,228,1,18,15 | -.224 (5.69) | -.362 (9.19) | 48 | +.220 (5.59) | +.037 (0.94),unreviewed
MIL-STD-1560C.pdf,228,1,19,16 | -.308 (7.82) | -.299 (7.59) | 49 | +.213 (5.41) | -.068 (1.73),unreviewed
MIL-STD-1560C.pdf,228,1,20,17 | -.370 (9.40) | -.214 (5.44) | 50 | +.158 (4.01) | -.158 (4.01),unreviewed
MIL-STD-1560C.pdf,228,1,21,18 | -.410 (10.41) | -.117 (2.97) | 51 | +.072 (1.83) | -.224 (5.69),unreviewed
MIL-STD-1560C.pdf,228,1,22,19 | -.425 (10.80) | -.013 (0.33) | 52 | -.072 (1.83) | -.224 (5.69),unreviewed
MIL-STD-1560C.pdf,229,1,1,Contacts; (Insert arrangement 20-2) |  |  |  |  | ,unreviewed
MIL-STD-1560C.pdf,229,1,2,Contact; position ID | Location |  | Contact; position ID | Location | ,unreviewed
MIL-STD-1560C.pdf,229,1,3, | X-axis; (mm) | Y-axis; (mm) |  | X-axis; (mm) | Y-axis; (mm),unreviewed
MIL-STD-1560C.pdf,229,1,4,20 | -.417 (10.59) | +.092 (2.34) | 53 | -.158 (4.01) | -.158 (4.01),unreviewed
MIL-STD-1560C.pdf,229,1,5,21 | -.382 (9.70) | +.191 (4.85) | 54 | -.213 (5.41) | -.068 (1.73),unreviewed
MIL-STD-1560C.pdf,229,1,6,22 | -.326 (8.28) | +.280 (7.11) | 55 | -.220 (5.59) | +.037 (0.94),unreviewed
MIL-STD-1560C.pdf,229,1,7,23 | -.246 (6.25) | +.348 (8.84) | 56 | -.183 (4.65) | +.135 (3.43),unreviewed
MIL-STD-1560C.pdf,229,1,8,24 | -.154 (3.91) | +.399 (10.13) | 57 | -.102 (2.59) | +.202 (5.13),unreviewed
MIL-STD-1560C.pdf,229,1,9,25 | -.052 (1.32) | +.424 (10.77) | 58 | +.000 (0.00) | +.122 (3.10),unreviewed
MIL-STD-1560C.pdf,229,1,10,26 | +.000 (0.00) | +.332 (8.43) | 59 | +.095 (2.41) | +.075 (1.91),unreviewed
MIL-STD-1560C.pdf,229,1,11,27 | +.102 (2.59) | +.307 (7.80) | 60 | +.115 (2.92) | -.029 (0.74),unreviewed
MIL-STD-1560C.pdf,229,1,12,28 | +.194 (4.93) | +.256 (6.50) | 61 | +.056 (1.42) | -.120 (3.05),unreviewed
MIL-STD-1560C.pdf,229,1,13,29 | +.274 (6.96) | +.188 (4.78) | 62 | -.056 (1.42) | -.120 (3.05),unreviewed
MIL-STD-1560C.pdf,229,1,14,30 | +.312 (7.92) | +.090 (2.29) | 63 | -.115 (2.92) | -.029 (0.74),unreviewed
MIL-STD-1560C.pdf,229,1,15,31 | +.320 (8.13) | -.015 (0.38) | 64 | -.095 (2.41) | +.075 (1.91),unreviewed
MIL-STD-1560C.pdf,229,1,16,32 | +.305 (7.75) | -.119 (3.02) | 65 | +.000 (0.00) | -.029 (0.74),unreviewed
MIL-STD-1560C.pdf,229,1,17,33 | +.252 (6.40) | -.210 (5.33) | --- | --- | ---,unreviewed
MIL-STD-1560C.pdf,229,2,1,Shell; size | Arrangement; no. | Number of; contacts | Size; contacts | Service; rating | Contact; location | Supersedes,unreviewed
MIL-STD-1560C.pdf,229,2,2,20 | -2 | 65 | 22 | M | All | MS27349-2,unreviewed
MIL-STD-1560C.pdf,230,1,1,Contacts; (Insert arrangement 20-16) |  |  |  |  | ,unreviewed
MIL-STD-1560C.pdf,230,1,2,Contact; position ID | Location |  | Contact; position ID | Location | ,unreviewed
MIL-STD-1560C.pdf,230,1,3, | X-axis; (mm) | Y-axis; (mm) |  | X-axis; (mm) | Y-axis; (mm),unreviewed
MIL-STD-1560C.pdf,230,1,4,A | +.118 (3.00) | +.322 (8.18) | J | -.341 (8.66) | +.036 (0.91),unreviewed
MIL-STD-1560C.pdf,230,1,5,B | +.271 (6.88) | +.211 (5.36) | K | -.271 (6.88) | +.211 (5.36),unreviewed
MIL-STD-1560C.pdf,230,1,6,C | +.341 (8.66) | +.036 (0.91) | L | -.118 (3.00) | +.322 (8.18),unreviewed
MIL-STD-1560C.pdf,230,1,7,D | +.308 (7.82) | -.150 (3.81) | M | +.000 (0.00) | +.175 (4.45),unreviewed
MIL-STD-1560C.pdf,230,1,8,E | +.182 (4.62) | -.290 (7.37) | N | +.154 (3.91) | +.062 (1.57),unreviewed
MIL-STD-1560C.pdf,230,1,9,F | +.000 (0.00) | -.343 (8.71) | P | +.094 (2.39) | -.122 (3.10),unreviewed
MIL-STD-1560C.pdf,230,1,10,G | -.182 (4.62) | -.290 (7.37) | R | -.094 (2.39) | -.122 (3.10),unreviewed
MIL-STD-1560C.pdf,230,1,11,H | -.308 (7.82) | -.150 (3.81) | S | -.154 (3.91) | +.062 (1.57),unreviewed
MIL-STD-1560C.pdf,230,2,1,Shell; size | Arrangement; no. | Number of; contacts | Size; contacts | Service; rating | Contact; location | Supersedes,unreviewed
MIL-STD-1560C.pdf,230,2,2,20 | -16 | 16 | 16 | II | All | MS27349-16,unreviewed
MIL-STD-1560C.pdf,231,1,1,Contacts; (Insert arrangement 20-24) |  |  |  |  | ,unreviewed
MIL-STD-1560C.pdf,231,1,2,Contact; position ID | Location |  | Contact; position ID | Location | ,unreviewed
MIL-STD-1560C.pdf,231,1,3, | X-axis; (mm) | Y-axis; (mm) |  | X-axis; (mm) | Y-axis; (mm),unreviewed
MIL-STD-1560C.pdf,231,1,4,A | +.175 (4.45) | +.375 (9.53) | N | +.150 (3.81) | +.200 (5.08),unreviewed
MIL-STD-1560C.pdf,231,1,5,B | +.350 (8.89) | +.200 (5.08) | P | +.250 (6.35) | +.000 (0.00),unreviewed
MIL-STD-1560C.pdf,231,1,6,C | +.400 (10.16) | +.000 (0.00) | R | +.200 (5.08) | -.150 (3.81),unreviewed
MIL-STD-1560C.pdf,231,1,7,D | +.350 (8.89) | -.200 (5.08) | S | +.075 (1.91) | -.250 (6.35),unreviewed
MIL-STD-1560C.pdf,231,1,8,E | +.200 (5.08) | -.350 (8.89) | T | -.075 (1.91) | -.250 (6.35),unreviewed
MIL-STD-1560C.pdf,231,1,9,F | +.000 (0.00) | -.400 (10.16) | U | -.200 (5.08) | -.150 (3.81),unreviewed
MIL-STD-1560C.pdf,231,1,10,G | -.200 (5.08) | -.350 (8.89) | V | -.250 (6.35) | +.000 (0.00),unreviewed
MIL-STD-1560C.pdf,231,1,11,H | -.350 (8.89) | -.200 (5.08) | W | -.150 (3.81) | +.200 (5.08),unreviewed
MIL-STD-1560C.pdf,231,1,12,J | -.400 (10.16) | +.000 (0.00) | X | +.000 (0.00) | +.150 (3.81),unreviewed
MIL-STD-1560C.pdf,231,1,13,K | -.350 (8.89) | +.200 (5.08) | Y | +.100 (2.54) | +.025 (0.64),unreviewed
MIL-STD-1560C.pdf,231,1,14,L | -.175 (4.45) | +.375 (9.53) | Z | +.000 (0.00) | -.100 (2.54),unreviewed
MIL-STD-1560C.pdf,231,1,15,M | +.000 (0.00) | +.300 (7.62) | a | -.100 (2.54) | +.025 (.64),unreviewed
MIL-STD-1560C.pdf,231,2,1,Shell; size | Arrangement; no. | Number of; contacts | Size; contacts | Service; rating | Contact; location | Supersedes,unreviewed
MIL-STD-1560C.pdf,231,2,2,20 | -24 | 24 | 20 | I | All | MS27349-24,unreviewed
MIL-STD-1560C.pdf,232,1,1,Contacts; (Insert arrangement 20-25) |  |  |  |  | ,unreviewed
MIL-STD-1560C.pdf,232,1,2,Contact; position ID | Location |  | Contact; position ID | Location | ,unreviewed
MIL-STD-1560C.pdf,232,1,3, | X-axis; (mm) | Y-axis; (mm) |  | X-axis; (mm) | Y-axis; (mm),unreviewed
MIL-STD-1560C.pdf,232,1,4,A | +.000 (0.00) | +.400 (10.16) | P | -.225 (5.72) | +.225 (5.72),unreviewed
MIL-STD-1560C.pdf,232,1,5,B | +.150 (3.81) | +.375 (9.53) | R | -.150 (3.81) | +.375 (9.53),unreviewed
MIL-STD-1560C.pdf,232,1,6,C | +.225 (5.72) | +.225 (5.72) | S | +.075 (1.91) | +.225 (5.72),unreviewed
MIL-STD-1560C.pdf,232,1,7,D | +.375 (9.53) | +.175 (4.45) | T | +.250 (6.35) | +.075 (1.91),unreviewed
MIL-STD-1560C.pdf,232,1,8,E | +.400 (10.16) | +.025 (0.64) | U | +.150 (3.81) | -.200 (5.08),unreviewed
MIL-STD-1560C.pdf,232,1,9,F | +.375 (9.53) | -.125 (3.18) | V | -.150 (3.81) | -.200 (5.08),unreviewed
MIL-STD-1560C.pdf,232,1,10,G | +.275 (6.99) | -.300 (7.62) | W | -.250 (6.35) | +.075 (1.91),unreviewed
MIL-STD-1560C.pdf,232,1,11,H | +.100 (2.54) | -.400 (10.16) | X | -.075 (1.91) | +.225 (5.72),unreviewed
MIL-STD-1560C.pdf,232,1,12,J | -.100 (2.54) | -.400 (10.16) | Y | +.000 (0.00) | +.075 (1.91),unreviewed
MIL-STD-1560C.pdf,232,1,13,K | -.275 (6.99) | -.300 (7.62) | Z | +.125 (3.18) | -.025 (0.64),unreviewed
MIL-STD-1560C.pdf,232,1,14,L | -.375 (9.53) | -.125 (3.18) | a | +.000 (0.00) | -.125 (3.18),unreviewed
MIL-STD-1560C.pdf,232,1,15,M | -.400 (10.16) | +.025 (0.64) | b | -.125 (3.18) | -.025 (0.64),unreviewed
MIL-STD-1560C.pdf,232,1,16,N | -.375 (9.53) | +.175 (4.45) | --- | --- | ---,unreviewed
MIL-STD-1560C.pdf,232,2,1,Shell; size | Arrangement; no. | Number of; contacts | Size; contacts | Service; rating | Contact; location | Supersedes,unreviewed
MIL-STD-1560C.pdf,232,2,2,20 | -25 | 25 | 20 | I | All | MS27349-25,unreviewed
MIL-STD-1560C.pdf,233,1,1,Contacts; (Insert arrangement 20-27) |  |  |  |  | ,unreviewed
MIL-STD-1560C.pdf,233,1,2,Contact; position ID | Location |  | Contact; position ID | Location | ,unreviewed
MIL-STD-1560C.pdf,233,1,3, | X-axis; (mm) | Y-axis; (mm) |  | X-axis; (mm) | Y-axis; (mm),unreviewed
MIL-STD-1560C.pdf,233,1,4,A | +.000 (0.00) | +.400 (10.16) | R | -.150 (3.81) | +.375 (9.53),unreviewed
MIL-STD-1560C.pdf,233,1,5,B | +.150 (3.81) | +.375 (9.53) | S | +.125 (3.18) | +.225 (5.72),unreviewed
MIL-STD-1560C.pdf,233,1,6,C | +.275 (6.99) | +.275 (6.99) | T | +.225 (5.72) | +.100 (2.54),unreviewed
MIL-STD-1560C.pdf,233,1,7,D | +.375 (9.53) | +.150 (3.81) | U | +.250 (6.35) | -.050 (1.27),unreviewed
MIL-STD-1560C.pdf,233,1,8,E | +.400 (10.16) | +.000 (0.00) | V | +.150 (3.81) | -.200 (5.08),unreviewed
MIL-STD-1560C.pdf,233,1,9,F | +.375 (9.53) | -.150 (3.81) | W | +.000 (0.00) | -.250 (6.35),unreviewed
MIL-STD-1560C.pdf,233,1,10,G | +.275 (6.99) | -.300 (7.62) | X | -.150 (3.81) | -.200 (5.08),unreviewed
MIL-STD-1560C.pdf,233,1,11,H | +.100 (2.54) | -.400 (10.16) | Y | -.250 (6.35) | -.050 (1.27),unreviewed
MIL-STD-1560C.pdf,233,1,12,J | -.100 (2.54) | -.400 (10.16) | Z | -.225 (5.72) | +.100 (2.54),unreviewed
MIL-STD-1560C.pdf,233,1,13,K | -.275 (6.99) | -.300 (7.62) | a | -.125 (3.18) | +.225 (5.72),unreviewed
MIL-STD-1560C.pdf,233,1,14,L | -.375 (9.53) | -.150 (3.81) | b | +.000 (0.00) | +.100 (2.54),unreviewed
MIL-STD-1560C.pdf,233,1,15,M | -.400 (10.16) | +.000 (0.00) | c | +.100 (2.54) | -.025 (0.64),unreviewed
MIL-STD-1560C.pdf,233,1,16,N | -.375 (9.53) | +.150 (3.81) | d | -.100 (2.54) | -.025 (0.64),unreviewed
MIL-STD-1560C.pdf,233,1,17,P | -.275 (6.99) | +.275 (6.99) | --- | --- | ---,unreviewed
MIL-STD-1560C.pdf,233,2,1,Shell; size | Arrangement; no. | Number of; contacts | Size; contacts | Service; rating | Contact; location | Supersedes,unreviewed
MIL-STD-1560C.pdf,233,2,2,20 | -27 | 27 | 20 | I | All | MS27349-27,unreviewed
MIL-STD-1560C.pdf,234,1,1,Contacts; (Insert arrangement 20-35) |  |  |  |  | ,unreviewed
MIL-STD-1560C.pdf,234,1,2,Contact; position ID | Location |  | Contact; position ID | Location | ,unreviewed
MIL-STD-1560C.pdf,234,1,3, | X-axis; (mm) | Y-axis; (mm) |  | X-axis; (mm) | Y-axis; (mm),unreviewed
MIL-STD-1560C.pdf,234,1,4,1 | +.053 (1.35) | +.426 (10.82) | 41 | -.098 (2.49) | -.322 (8.18),unreviewed
MIL-STD-1560C.pdf,234,1,5,2 | +.146 (3.71) | +.404 (10.26) | 42 | -.184 (4.67) | -.280 (7.11),unreviewed
MIL-STD-1560C.pdf,234,1,6,3 | +.232 (5.89) | +.362 (9.19) | 43 | -.258 (6.55) | -.220 (5.59),unreviewed
MIL-STD-1560C.pdf,234,1,7,4 | +.306 (7.77) | +.302 (7.67) | 44 | -.311 (7.90) | -.141 (3.58),unreviewed
MIL-STD-1560C.pdf,234,1,8,5 | +.365 (9.27) | +.227 (5.77) | 45 | -.332 (8.43) | -.048 (1.22),unreviewed
MIL-STD-1560C.pdf,234,1,9,6 | +.406 (10.31) | +.141 (3.58) | 46 | -.332 (8.43) | +.048 (1.22),unreviewed
MIL-STD-1560C.pdf,234,1,10,7 | +.427 (10.85) | +.048 (1.22) | 47 | -.311 (7.90) | +.141 (3.58),unreviewed
MIL-STD-1560C.pdf,234,1,11,8 | +.427 (10.85) | -.048 (1.22) | 48 | -.258 (6.55) | +.220 (5.59),unreviewed
MIL-STD-1560C.pdf,234,1,12,9 | +.406 (10.31) | -.141 (3.58) | 49 | -.184 (4.67) | +.280 (7.11),unreviewed
MIL-STD-1560C.pdf,234,1,13,10 | +.365 (9.27) | -.227 (5.77) | 50 | -.098 (2.49) | +.322 (8.18),unreviewed
MIL-STD-1560C.pdf,234,1,14,11 | +.306 (7.77) | -.302 (7.67) | 51 | -.048 (1.22) | +.241 (6.12),unreviewed
MIL-STD-1560C.pdf,234,1,15,12 | +.232 (5.89) | -.362 (9.19) | 52 | +.048 (1.22) | +.241 (6.12),unreviewed
MIL-STD-1560C.pdf,234,1,16,13 | +.146 (3.71) | -.404 (10.26) | 53 | +.134 (3.40) | +.199 (5.05),unreviewed
MIL-STD-1560C.pdf,234,1,17,14 | +.053 (1.35) | -.426 (10.82) | 54 | +.208 (5.28) | +.139 (3.53),unreviewed
MIL-STD-1560C.pdf,234,1,18,15 | -.053 (1.35) | -.426 (10.82) | 55 | +.237 (6.02) | +.048 (1.22),unreviewed
MIL-STD-1560C.pdf,234,1,19,16 | -.146 (3.71) | -.404 (10.26) | 56 | +.237 (6.02) | -.048 (1.22),unreviewed
MIL-STD-1560C.pdf,235,1,1,Contacts; (Insert arrangement 20-35) |  |  |  |  | ,unreviewed
MIL-STD-1560C.pdf,235,1,2,Contact; position ID | Location |  | Contact; position ID | Location | ,unreviewed
MIL-STD-1560C.pdf,235,1,3, | X-axis; (mm) | Y-axis; (mm) |  | X-axis; (mm) | Y-axis; (mm),unreviewed
MIL-STD-1560C.pdf,235,1,4,17 | -.232 (5.89) | -.362 (9.19) | 57 | +.208 (5.28) | -.139 (3.53),unreviewed
MIL-STD-1560C.pdf,235,1,5,18 | -.306 (7.77) | -.302 (7.67) | 58 | +.134 (3.40) | -.199 (5.05),unreviewed
MIL-STD-1560C.pdf,235,1,6,19 | -.365 (9.27) | -.227 (5.77) | 59 | +.048 (1.22) | -.241 (6.12),unreviewed
MIL-STD-1560C.pdf,235,1,7,20 | -.406 (10.31) | -.141 (3.58) | 60 | -.048 (1.22) | -.241 (6.12),unreviewed
MIL-STD-1560C.pdf,235,1,8,21 | -.427 (10.85) | -.048 (1.22) | 61 | -.134 (3.40) | -.199 (5.05),unreviewed
MIL-STD-1560C.pdf,235,1,9,22 | -.427 (10.85) | +.048 (1.22) | 62 | -.208 (5.28) | -.139 (3.53),unreviewed
MIL-STD-1560C.pdf,235,1,10,23 | -.406 (10.31) | +.141 (3.58) | 63 | -.237 (6.02) | -.048 (1.22),unreviewed
MIL-STD-1560C.pdf,235,1,11,24 | -.365 (9.27) | +.227 (5.77) | 64 | -.237 (6.02) | +.048 (1.22),unreviewed
MIL-STD-1560C.pdf,235,1,12,25 | -.306 (7.77) | +.302 (7.67) | 65 | -.208 (5.28) | +.139 (3.53),unreviewed
MIL-STD-1560C.pdf,235,1,13,26 | -.232 (5.89) | +.362 (9.19) | 66 | -.134 (3.40) | +.199 (5.05),unreviewed
MIL-STD-1560C.pdf,235,1,14,27 | -.146 (3.71) | +.404 (10.26) | 67 | -.048 (1.22) | +.146 (3.71),unreviewed
MIL-STD-1560C.pdf,235,1,15,28 | -.053 (1.35) | +.426 (10.82) | 68 | +.048 (1.22) | +.146 (3.71),unreviewed
MIL-STD-1560C.pdf,235,1,16,29 | +.000 (0.00) | +.323 (8.20) | 69 | +.125 (3.18) | +.090 (2.29),unreviewed
MIL-STD-1560C.pdf,235,1,17,30 | +.098 (2.49) | +.322 (8.18) | 70 | +.155 (3.94) | +.000 (0.00),unreviewed
MIL-STD-1560C.pdf,235,1,18,31 | +.184 (4.67) | +.280 (7.11) | 71 | +.125 (3.18) | -.090 (2.29),unreviewed
MIL-STD-1560C.pdf,235,1,19,32 | +.258 (6.55) | +.220 (5.59) | 72 | +.048 (1.22) | -.146 (3.71),unreviewed
MIL-STD-1560C.pdf,235,1,20,33 | +.311 (7.90) | +.141 (3.58) | 73 | -.048 (1.22) | -.146 (3.71),unreviewed
MIL-STD-1560C.pdf,235,1,21,34 | +.332 (8.43) | +.048 (1.22) | 74 | -.125 (3.18) | -.090 (2.29),unreviewed
MIL-STD-1560C.pdf,235,1,22,35 | +.332 (8.43) | -.048 (1.22) | 75 | -.155 (3.94) | +.000 (0.00),unreviewed
MIL-STD-1560C.pdf,235,1,23,36 | +.311 (7.90) | -.141 (3.58) | 76 | -.125 (3.18) | +.090 (2.29),unreviewed
MIL-STD-1560C.pdf,235,1,24,37 | +.258 (6.55) | -.220 (5.59) | 77 | +.000 (0.00) | +.053 (1.35),unreviewed
MIL-STD-1560C.pdf,235,1,25,38 | +.184 (4.67) | -.280 (7.11) | 78 | +.048 (1.22) | -.029 (0.74),unreviewed
MIL-STD-1560C.pdf,235,1,26,39 | +.098 (2.49) | -.322 (8.18) | 79 | -.048 (1.22) | -.029 (0.74),unreviewed
MIL-STD-1560C.pdf,235,1,27,40 | +.000 (0.00) | -.347 (8.81) | --- | --- | ---,unreviewed
MIL-STD-1560C.pdf,235,2,1,Shell; size | Arrangement; no. | Number of; contacts | Size; contacts | Service; rating | Contact; location | Supersedes,unreviewed
MIL-STD-1560C.pdf,235,2,2,20 | -35 | 79 | 22D | M | All | MS27522-35,unreviewed
MIL-STD-1560C.pdf,236,1,1,Contacts; (Insert arrangement 20-39) |  |  |  |  | ,unreviewed
MIL-STD-1560C.pdf,236,1,2,Contact; position ID | Location |  | Contact; position ID | Location | ,unreviewed
MIL-STD-1560C.pdf,236,1,3, | X-axis; (mm) | Y-axis; (mm) |  | X-axis; (mm) | Y-axis; (mm),unreviewed
MIL-STD-1560C.pdf,236,1,4,A | +.065 (1.65) | +.411 (10.44) | X | +.000 (0.00) | +.295 (7.49),unreviewed
MIL-STD-1560C.pdf,236,1,5,B | +.189 (4.80) | +.371 (9.42) | Y | +.126 (3.20) | +.256 (6.50),unreviewed
MIL-STD-1560C.pdf,236,1,6,C | +.294 (7.47) | +.295 (7.49) | Z | +.232 (5.89) | +.179 (4.55),unreviewed
MIL-STD-1560C.pdf,236,1,7,D | +.371 (9.42) | +.189 (4.80) | a | +.280 (7.11) | +.057 (1.45),unreviewed
MIL-STD-1560C.pdf,236,1,8,E | +.411 (10.44) | +.065 (1.65) | b | +.280 (7.11) | -.074 (1.88),unreviewed
MIL-STD-1560C.pdf,236,1,9,F | +.411 (10.44) | -.065 (1.65) | c | +.217 (5.51) | -.189 (4.80),unreviewed
MIL-STD-1560C.pdf,236,1,10,G | +.371 (9.42) | -.189 (4.80) | d | +.112 (2.84) | -.265 (6.73),unreviewed
MIL-STD-1560C.pdf,236,1,11,H | +.294 (7.47) | -.294 (7.47) | e | -.112 (2.84) | -.265 (6.73),unreviewed
MIL-STD-1560C.pdf,236,1,12,J | +.189 (4.80) | -.371 (9.42) | f | -.217 (5.51) | -.189 (4.80),unreviewed
MIL-STD-1560C.pdf,236,1,13,K | +.065 (1.65) | -.411 (10.44) | g | -.280 (7.11) | -.074 (1.88),unreviewed
MIL-STD-1560C.pdf,236,1,14,L | -.065 (1.65) | -.411 (10.44) | h | -.280 (7.11) | +.057 (1.45),unreviewed
MIL-STD-1560C.pdf,236,1,15,M | -.189 (4.80) | -.371 (9.42) | i | -.232 (5.89) | +.179 (4.55),unreviewed
MIL-STD-1560C.pdf,236,1,16,N | -.294 (7.47) | -.294 (7.47) | j | -.126 (3.20) | +.256 (6.50),unreviewed
MIL-STD-1560C.pdf,236,1,17,P | -.371 (9.42) | -.189 (4.80) | k | +.000 (0.00) | +.164 (4.17),unreviewed
MIL-STD-1560C.pdf,236,1,18,R | -.411 (10.44) | -.065 (1.65) | m | +.114 (2.90) | +.048 (1.22),unreviewed
MIL-STD-1560C.pdf,237,1,1,Contacts; (Insert arrangement 20-39) |  |  |  |  | ,unreviewed
MIL-STD-1560C.pdf,237,1,2,Contact; position ID | Location |  | Contact; position ID | Location | ,unreviewed
MIL-STD-1560C.pdf,237,1,3, | X-axis; (mm) | Y-axis; (mm) |  | X-axis; (mm) | Y-axis; (mm),unreviewed
MIL-STD-1560C.pdf,237,1,4,S | -.411 (10.44) | +.065 (1.65) | n | +.106 (2.69) | -.107 (2.72),unreviewed
MIL-STD-1560C.pdf,237,1,5,T | -.371 (9.42) | +.189 (4.80) | p | +.000 (0.00) | -.189 (4.80),unreviewed
MIL-STD-1560C.pdf,237,1,6,U | -.294 (7.47) | +.295 (7.49) | q | -.106 (2.69) | -.107 (2.72),unreviewed
MIL-STD-1560C.pdf,237,1,7,V | -.189 (4.80) | +.371 (9.42) | r | -.114 (2.90) | +.048 (1.22),unreviewed
MIL-STD-1560C.pdf,237,1,8,W | -.065 (1.65) | +.411 (10.44) | --- | --- | ---,unreviewed
MIL-STD-1560C.pdf,237,2,1,Shell; size | Arrangement; no. | Number of; contacts | Size; contacts | Service; rating | Contact; location | Supersedes,unreviewed
MIL-STD-1560C.pdf,237,2,2,"20 | -39 | 2 | 16 | I | m, r | MS27349-39",unreviewed
MIL-STD-1560C.pdf,237,2,3, |  | 37 | 20 |  | All others | ,unreviewed
MIL-STD-1560C.pdf,238,1,1, | ,unreviewed
MIL-STD-1560C.pdf,238,1,2, | ,unreviewed
MIL-STD-1560C.pdf,238,1,3,Inches; .300; .567; .835 | mm; 7.62; 14.40; 21.21,unreviewed
MIL-STD-1560C.pdf,238,2,1,Insert arrangement (20-41) |  |  |  |  |  | ,unreviewed
MIL-STD-1560C.pdf,238,2,2,Shell; size | Arrangement; no. | Number of; contacts | Size; contacts | Service; rating | Contact; location | Supersedes,unreviewed
MIL-STD-1560C.pdf,238,2,3,20 | -41 | 41 | 20 | I | All | MS27349-41,unreviewed
MIL-STD-1560C.pdf,239,1,1,Contacts; (Insert arrangement 22-1) |  |  |  |  | ,unreviewed
MIL-STD-1560C.pdf,239,1,2,Contact; position ID | Location |  | Contact; position ID | Location | ,unreviewed
MIL-STD-1560C.pdf,239,1,3, | X-axis; (mm) | Y-axis; (mm) |  | X-axis; (mm) | Y-axis; (mm),unreviewed
MIL-STD-1560C.pdf,239,1,4,1 | -.428 (10.87) | +.241 (6.12) | 51 | +.000 (0.00) | -.047 (1.19),unreviewed
MIL-STD-1560C.pdf,239,1,5,2 | -.467 (11.86) | +.154 (3.91) | 52 | +.000 (0.00) | -.142 (3.61),unreviewed
MIL-STD-1560C.pdf,239,1,6,3 | -.488 (12.40) | +.061 (1.55) | 53 | +.000 (0.00) | -.237 (6.02),unreviewed
MIL-STD-1560C.pdf,239,1,7,4 | -.415 (10.54) | +.000 (0.00) | 54 | +.000 (0.00) | -.332 (8.43),unreviewed
MIL-STD-1560C.pdf,239,1,8,5 | -.488 (12.40) | -.061 (1.55) | 55 | +.000 (0.00) | -.427 (10.85),unreviewed
MIL-STD-1560C.pdf,239,1,9,6 | -.428 (10.87) | -.142 (3.61) | 56 | +.083 (2.11) | +.475 (12.07),unreviewed
MIL-STD-1560C.pdf,239,1,10,7 | -.428 (10.87) | -.237 (6.02) | 57 | +.083 (2.11) | +.380 (9.65),unreviewed
MIL-STD-1560C.pdf,239,1,11,8 | -.332 (8.43) | +.333 (8.46) | 58 | +.083 (2.11) | +.285 (7.24),unreviewed
MIL-STD-1560C.pdf,239,1,12,9 | -.332 (8.43) | +.238 (6.05) | 59 | +.083 (2.11) | +.190 (4.83),unreviewed
MIL-STD-1560C.pdf,239,1,13,10 | -.332 (8.43) | +.143 (3.63) | 60 | +.083 (2.11) | +.095 (2.41),unreviewed
MIL-STD-1560C.pdf,239,1,14,11 | -.332 (8.43) | +.048 (1.22) | 61 | +.083 (2.11) | +.000 (0.00),unreviewed
MIL-STD-1560C.pdf,239,1,15,12 | -.332 (8.43) | -.047 (1.19) | 62 | +.083 (2.11) | -.095 (2.41),unreviewed
MIL-STD-1560C.pdf,239,1,16,13 | -.332 (8.43) | -.142 (3.61) | 63 | +.083 (2.11) | -.190 (4.83),unreviewed
MIL-STD-1560C.pdf,239,1,17,14 | -.332 (8.43) | -.237 (6.02) | 64 | +.083 (2.11) | -.285 (7.24),unreviewed
MIL-STD-1560C.pdf,239,1,18,15 | -.332 (8.43) | -.332 (8.43) | 65 | +.083 (2.11) | -.380 (9.65),unreviewed
MIL-STD-1560C.pdf,239,1,19,16 | -.249 (6.32) | +.380 (9.65) | 66 | +.083 (2.11) | -.475 (12.07),unreviewed
MIL-STD-1560C.pdf,239,1,20,17 | -.249 (6.32) | +.285 (7.24) | 67 | +.166 (4.22) | +.428 (10.87),unreviewed
MIL-STD-1560C.pdf,240,1,1,Contacts; (Insert arrangement 22-1) |  |  |  |  | ,unreviewed
MIL-STD-1560C.pdf,240,1,2,Contact; position ID | Location |  | Contact; position ID | Location | ,unreviewed
MIL-STD-1560C.pdf,240,1,3, | X-axis; (mm) | Y-axis; (mm) |  | X-axis; (mm) | Y-axis; (mm),unreviewed
MIL-STD-1560C.pdf,240,1,4,18 | -.249 (6.32) | +.190 (4.83) | 68 | +.166 (4.22) | +.333 (8.46),unreviewed
MIL-STD-1560C.pdf,240,1,5,19 | -.249 (6.32) | +.095 (2.41) | 69 | +.166 (4.22) | +.238 (6.05),unreviewed
MIL-STD-1560C.pdf,240,1,6,20 | -.249 (6.32) | +.000 (0.00) | 70 | +.166 (4.22) | +.143 (3.63),unreviewed
MIL-STD-1560C.pdf,240,1,7,21 | -.249 (6.32) | -.095 (2.41) | 71 | +.166 (4.22) | +.048 (1.22),unreviewed
MIL-STD-1560C.pdf,240,1,8,22 | -.249 (6.32) | -.190 (4.83) | 72 | +.166 (4.22) | -.047 (1.19),unreviewed
MIL-STD-1560C.pdf,240,1,9,23 | -.249 (6.32) | -.285 (7.24) | 73 | +.166 (4.22) | -.142 (3.61),unreviewed
MIL-STD-1560C.pdf,240,1,10,24 | -.249 (6.32) | -.380 (9.65) | 74 | +.166 (4.22) | -.237 (6.02),unreviewed
MIL-STD-1560C.pdf,240,1,11,25 | -.166 (4.22) | +.428 (10.87) | 75 | +.166 (4.22) | -.332 (8.43),unreviewed
MIL-STD-1560C.pdf,240,1,12,26 | -.166 (4.22) | +.333 (8.46) | 76 | +.166 (4.22) | -.427 (10.85),unreviewed
MIL-STD-1560C.pdf,240,1,13,27 | -.166 (4.22) | +.238 (6.05) | 77 | +.249 (6.32) | +.380 (9.65),unreviewed
MIL-STD-1560C.pdf,240,1,14,28 | -.166 (4.22) | +.143 (3.63) | 78 | +.249 (6.32) | +.285 (7.24),unreviewed
MIL-STD-1560C.pdf,240,1,15,29 | -.166 (4.22) | +.048 (1.22) | 79 | +.249 (6.32) | +.190 (4.83),unreviewed
MIL-STD-1560C.pdf,240,1,16,30 | -.166 (4.22) | -.047 (1.19) | 80 | +.249 (6.32) | +.095 (2.41),unreviewed
MIL-STD-1560C.pdf,240,1,17,31 | -.166 (4.22) | -.142 (3.61) | 81 | +.249 (6.32) | +.000 (0.00),unreviewed
MIL-STD-1560C.pdf,240,1,18,32 | -.166 (4.22) | -.237 (6.02) | 82 | +.249 (6.32) | -.095 (2.41),unreviewed
MIL-STD-1560C.pdf,240,1,19,33 | -.166 (4.22) | -.332 (8.43) | 83 | +.249 (6.32) | -.190 (4.83),unreviewed
MIL-STD-1560C.pdf,240,1,20,34 | -.166 (4.22) | -.427 (10.85) | 84 | +.249 (6.32) | -.285 (7.24),unreviewed
MIL-STD-1560C.pdf,240,1,21,35 | -.083 (2.11) | +.475 (12.07) | 85 | +.249 (6.32) | -.380 (9.65),unreviewed
MIL-STD-1560C.pdf,240,1,22,36 | -.083 (2.11) | +.380 (9.65) | 86 | +.332 (8.43) | +.333 (8.46),unreviewed
MIL-STD-1560C.pdf,240,1,23,37 | -.083 (2.11) | +.285 (7.24) | 87 | +.332 (8.43) | +.238 (6.05),unreviewed
MIL-STD-1560C.pdf,240,1,24,38 | -.083 (2.11) | +.190 (4.83) | 88 | +.332 (8.43) | +.143 (3.63),unreviewed
MIL-STD-1560C.pdf,240,1,25,39 | -.083 (2.11) | +.095 (2.41) | 89 | +.332 (8.43) | +.048 (1.22),unreviewed
MIL-STD-1560C.pdf,240,1,26,40 | -.083 (2.11) | +.000 (0.00) | 90 | +.332 (8.43) | -.047 (1.19),unreviewed
MIL-STD-1560C.pdf,240,1,27,41 | -.083 (2.11) | -.095 (2.41) | 91 | +.332 (8.43) | -.142 (3.61),unreviewed
MIL-STD-1560C.pdf,240,1,28,42 | -.083 (2.11) | -.190 (4.83) | 92 | +.332 (8.43) | -.237 (6.02),unreviewed
MIL-STD-1560C.pdf,240,1,29,43 | -.083 (2.11) | -.285 (7.24) | 93 | +.332 (8.43) | -.332 (8.43),unreviewed
MIL-STD-1560C.pdf,240,1,30,44 | -.083 (2.11) | -.380 (9.65) | 94 | +.428 (10.87) | +.241 (6.12),unreviewed
MIL-STD-1560C.pdf,240,1,31,45 | -.083 (2.11) | -.475 (12.07) | 95 | +.467 (11.86) | +.154 (3.91),unreviewed
MIL-STD-1560C.pdf,240,1,32,46 | +.000 (0.00) | +.428 (10.87) | 96 | +.488 (12.40) | +.061 (1.55),unreviewed
MIL-STD-1560C.pdf,240,1,33,47 | +.000 (0.00) | +.333 (8.46) | 97 | +.415 (10.54) | +.000 (0.00),unreviewed
MIL-STD-1560C.pdf,241,1,1,Contacts; (Insert arrangement 22-1) |  |  |  |  | ,unreviewed
MIL-STD-1560C.pdf,241,1,2,Contact; position ID | Location |  | Contact; position ID | Location | ,unreviewed
MIL-STD-1560C.pdf,241,1,3, | X-axis; (mm) | Y-axis; (mm) |  | X-axis; (mm) | Y-axis; (mm),unreviewed
MIL-STD-1560C.pdf,241,1,4,48 | +.000 (0.00) | +.238 (6.05) | 98 | +.488 (12.40) | -.061 (1.55),unreviewed
MIL-STD-1560C.pdf,241,1,5,49 | +.000 (0.00) | +.143 (3.63) | 99 | +.428 (10.87) | -.142 (3.61),unreviewed
MIL-STD-1560C.pdf,241,1,6,50 | +.000 (0.00) | +.048 (1.22) | 100 | +.428 (10.87) | -.237 (6.02),unreviewed
MIL-STD-1560C.pdf,241,2,1,Shell; size | Arrangement; no. | Number of; contacts | Size; contacts | Service; rating | Contact; location | Supersedes,unreviewed
MIL-STD-1560C.pdf,241,2,2,22 | -1 | 100 | 22M | M | All | MS27350-1,unreviewed
MIL-STD-1560C.pdf,242,1,1,Contacts; (Insert arrangement 22-2) |  |  |  |  | ,unreviewed
MIL-STD-1560C.pdf,242,1,2,Contact; position ID | Location |  | Contact; position ID | Location | ,unreviewed
MIL-STD-1560C.pdf,242,1,3, | X-axis; (mm) | Y-axis; (mm) |  | X-axis; (mm) | Y-axis; (mm),unreviewed
MIL-STD-1560C.pdf,242,1,4,1 | -.455 (11.56) | +.159 (4.04) | 44 | +.000 (0.00) | -.106 (2.69),unreviewed
MIL-STD-1560C.pdf,242,1,5,2 | -.455 (11.56) | +.053 (1.35) | 45 | +.000 (0.00) | -.212 (5.38),unreviewed
MIL-STD-1560C.pdf,242,1,6,3 | -.482 (12.24) | -.053 (1.35) | 46 | +.000 (0.00) | -.318 (8.08),unreviewed
MIL-STD-1560C.pdf,242,1,7,4 | -.455 (11.56) | -.159 (4.04) | 47 | +.000 (0.00) | -.424 (10.77),unreviewed
MIL-STD-1560C.pdf,242,1,8,5 | -.364 (9.25) | +.318 (8.08) | 48 | +.091 (2.31) | +.477 (12.12),unreviewed
MIL-STD-1560C.pdf,242,1,9,6 | -.364 (9.25) | +.212 (5.38) | 49 | +.091 (2.31) | +.371 (9.42),unreviewed
MIL-STD-1560C.pdf,242,1,10,7 | -.364 (9.25) | +.106 (2.69) | 50 | +.091 (2.31) | +.265 (6.73),unreviewed
MIL-STD-1560C.pdf,242,1,11,8 | -.364 (9.25) | +.000 (0.00) | 51 | +.091 (2.31) | +.159 (4.04),unreviewed
MIL-STD-1560C.pdf,242,1,12,9 | -.364 (9.25) | -.106 (2.69) | 52 | +.091 (2.31) | +.053 (1.35),unreviewed
MIL-STD-1560C.pdf,242,1,13,10 | -.364 (9.25) | -.212 (5.38) | 53 | +.091 (2.31) | -.053 (1.35),unreviewed
MIL-STD-1560C.pdf,242,1,14,11 | -.364 (9.25) | -.318 (8.08) | 54 | +.091 (2.31) | -.159 (4.04),unreviewed
MIL-STD-1560C.pdf,242,1,15,12 | -.273 (6.93) | +.371 (9.42) | 55 | +.091 (2.31) | -.265 (6.73),unreviewed
MIL-STD-1560C.pdf,242,1,16,13 | -.273 (6.93) | +.265 (6.73) | 56 | +.091 (2.31) | -.371 (9.42),unreviewed
MIL-STD-1560C.pdf,242,1,17,14 | -.273 (6.93) | +.159 (4.04) | 57 | +.091 (2.31) | -.477 (12.12),unreviewed
MIL-STD-1560C.pdf,243,1,1,Contacts; (Insert arrangement 22-2) |  |  |  |  | ,unreviewed
MIL-STD-1560C.pdf,243,1,2,Contact; position ID | Location |  | Contact; position ID | Location | ,unreviewed
MIL-STD-1560C.pdf,243,1,3, | X-axis; (mm) | Y-axis; (mm) |  | X-axis; (mm) | Y-axis; (mm),unreviewed
MIL-STD-1560C.pdf,243,1,4,15 | -.273 (6.93) | +.053 (1.35) | 58 | +.182 (4.62) | +.424 (10.77),unreviewed
MIL-STD-1560C.pdf,243,1,5,16 | -.273 (6.93) | -.053 (1.35) | 59 | +.182 (4.62) | +.318 (8.08),unreviewed
MIL-STD-1560C.pdf,243,1,6,17 | -.273 (6.93) | -.159 (4.04) | 60 | +.182 (4.62) | +.212 (5.38),unreviewed
MIL-STD-1560C.pdf,243,1,7,18 | -.273 (6.93) | -.265 (6.73) | 61 | +.182 (4.62) | +.106 (2.69),unreviewed
MIL-STD-1560C.pdf,243,1,8,19 | -.287 (7.29) | -.390 (9.91) | 62 | +.182 (4.62) | +.000 (0.00),unreviewed
MIL-STD-1560C.pdf,243,1,9,20 | -.182 (4.62) | +.424 (10.77) | 63 | +.182 (4.62) | -.106 (2.69),unreviewed
MIL-STD-1560C.pdf,243,1,10,21 | -.182 (4.62) | +.318 (8.08) | 64 | +.182 (4.62) | -.212 (5.38),unreviewed
MIL-STD-1560C.pdf,243,1,11,22 | -.182 (4.62) | +.212 (5.38) | 65 | +.182 (4.62) | -.318 (8.08),unreviewed
MIL-STD-1560C.pdf,243,1,12,23 | -.182 (4.62) | +.106 (2.69) | 66 | +.192 (4.88) | -.446 (11.33),unreviewed
MIL-STD-1560C.pdf,243,1,13,24 | -.182 (4.62) | +.000 (0.00) | 67 | +.273 (6.93) | +.371 (9.42),unreviewed
MIL-STD-1560C.pdf,243,1,14,25 | -.182 (4.62) | -.106 (2.69) | 68 | +.273 (6.93) | +.265 (6.73),unreviewed
MIL-STD-1560C.pdf,243,1,15,26 | -.182 (4.62) | -.212 (5.38) | 69 | +.273 (6.93) | +.159 (4.04),unreviewed
MIL-STD-1560C.pdf,243,1,16,27 | -.182 (4.62) | -.318 (8.08) | 70 | +.273 (6.93) | +.053 (1.35),unreviewed
MIL-STD-1560C.pdf,243,1,17,28 | -.192 (4.88) | -.446 (11.33) | 71 | +.273 (6.93) | -.053 (1.35),unreviewed
MIL-STD-1560C.pdf,243,1,18,29 | -.091 (2.31) | +.477 (12.12) | 72 | +.273 (6.93) | -.159 (4.04),unreviewed
MIL-STD-1560C.pdf,243,1,19,30 | -.091 (2.31) | +.371 (9.42) | 73 | +.273 (6.93) | -.265 (6.73),unreviewed
MIL-STD-1560C.pdf,243,1,20,31 | -.091 (2.31) | +.265 (6.73) | 74 | +.287 (7.29) | -.390 (9.91),unreviewed
MIL-STD-1560C.pdf,243,1,21,32 | -.091 (2.31) | +.159 (4.04) | 75 | +.364 (9.25) | +.318 (8.08),unreviewed
MIL-STD-1560C.pdf,243,1,22,33 | -.091 (2.31) | +.053 (1.35) | 76 | +.364 (9.25) | +.212 (5.38),unreviewed
MIL-STD-1560C.pdf,243,1,23,34 | -.091 (2.31) | -.053 (1.35) | 77 | +.364 (9.25) | +.106 (2.69),unreviewed
MIL-STD-1560C.pdf,243,1,24,35 | -.091 (2.31) | -.159 (4.04) | 78 | +.364 (9.25) | +.000 (0.00),unreviewed
MIL-STD-1560C.pdf,243,1,25,36 | -.091 (2.31) | -.265 (6.73) | 79 | +.364 (9.25) | -.106 (2.69),unreviewed
MIL-STD-1560C.pdf,243,1,26,37 | -.091 (2.31) | -.371 (9.42) | 80 | +.364 (9.25) | -.212 (5.38),unreviewed
MIL-STD-1560C.pdf,243,1,27,38 | -.091 (2.31) | -.477 (12.12) | 81 | +.364 (9.25) | -.318 (8.08),unreviewed
MIL-STD-1560C.pdf,243,1,28,39 | +.000 (0.00) | +.424 (10.77) | 82 | +.455 (11.56) | +.159 (4.04),unreviewed
MIL-STD-1560C.pdf,243,1,29,40 | +.000 (0.00) | +.318 (8.08) | 83 | +.455 (11.56) | +.053 (1.35),unreviewed
MIL-STD-1560C.pdf,243,1,30,41 | +.000 (0.00) | +.212 (5.38) | 84 | +.482 (12.24) | -.053 (1.35),unreviewed
MIL-STD-1560C.pdf,243,1,31,42 | +.000 (0.00) | +.106 (2.69) | 85 | +.455 (11.56) | -.159 (4.04),unreviewed
MIL-STD-1560C.pdf,243,1,32,43 | +.000 (0.00) | +.000 (0.00) | -- | --- | ---,unreviewed
MIL-STD-1560C.pdf,243,2,1,Shell; size | Arrangement; no. | Number of; contacts | Size; contacts | Service; rating | Contact; location | Supersedes,unreviewed
MIL-STD-1560C.pdf,243,2,2,22 | -2 | 85 | 22 | M | All | MS27350-2,unreviewed
MIL-STD-1560C.pdf,244,1,1,Contacts; (Insert arrangement 22-21) |  |  |  |  | ,unreviewed
MIL-STD-1560C.pdf,244,1,2,Contact; position ID | Location |  | Contact; position ID | Location | ,unreviewed
MIL-STD-1560C.pdf,244,1,3, | X-axis; (mm) | Y-axis; (mm) |  | X-axis; (mm) | Y-axis; (mm),unreviewed
MIL-STD-1560C.pdf,244,1,4,A | +.128 (3.25) | +.385 (9.78) | M | -.289 (7.34) | +.285 (7.24),unreviewed
MIL-STD-1560C.pdf,244,1,5,B | +.289 (7.34) | +.285 (7.24) | N | -.128 (3.25) | +.385 (9.78),unreviewed
MIL-STD-1560C.pdf,244,1,6,C | +.386 (9.80) | +.123 (3.12) | P | +.000 (0.00) | +.245 (6.22),unreviewed
MIL-STD-1560C.pdf,244,1,7,D | +.400 (10.16) | -.065 (1.65) | R | +.160 (4.06) | +.146 (3.71),unreviewed
MIL-STD-1560C.pdf,244,1,8,E | +.328 (8.33) | -.239 (6.07) | S | +.214 (5.44) | -.035 (.89),unreviewed
MIL-STD-1560C.pdf,244,1,9,F | +.183 (4.65) | -.362 (9.19) | T | +.094 (2.39) | -.194 (4.93),unreviewed
MIL-STD-1560C.pdf,244,1,10,G | +.000 (0.00) | -.406 (10.31) | U | -.094 (2.39) | -.194 (4.93),unreviewed
MIL-STD-1560C.pdf,244,1,11,H | -.183 (4.65) | -.362 (9.19) | V | -.214 (5.44) | -.035 (0.89),unreviewed
MIL-STD-1560C.pdf,244,1,12,J | -.328 (8.33) | -.239 (6.07) | W | -.160 (4.06) | +.146 (3.71),unreviewed
MIL-STD-1560C.pdf,244,1,13,K | -.400 (10.16) | -.065 (1.65) | X | +.000 (0.00) | +.000 (0.00),unreviewed
MIL-STD-1560C.pdf,244,1,14,L | -.386 (9.80) | +.123 (3.12) | --- | --- | ---,unreviewed
MIL-STD-1560C.pdf,244,2,1,Shell; size | Arrangement; no. | Number of; contacts | Size; contacts | Service; rating | Contact; location | Supersedes,unreviewed
MIL-STD-1560C.pdf,244,2,2,22 | -21 | 21 | 16 | II | All | MS27350-21,unreviewed
MIL-STD-1560C.pdf,245,1,1,Contacts; (Insert arrangement 22-32) |  |  |  |  | ,unreviewed
MIL-STD-1560C.pdf,245,1,2,Contact; position ID | Location |  | Contact; position ID | Location | ,unreviewed
MIL-STD-1560C.pdf,245,1,3, | X-axis; (mm) | Y-axis; (mm) |  | X-axis; (mm) | Y-axis; (mm),unreviewed
MIL-STD-1560C.pdf,245,1,4,A | +.100 (2.54) | +.450 (11.43) | T | +.325 (8.26) | +.025 (0.64),unreviewed
MIL-STD-1560C.pdf,245,1,5,B | +.325 (8.26) | +.325 (8.26) | U | +.300 (7.62) | -.125 (3.18),unreviewed
MIL-STD-1560C.pdf,245,1,6,C | +.425 (10.80) | +.150 (3.81) | V | +.200 (5.08) | -.250 (6.35),unreviewed
MIL-STD-1560C.pdf,245,1,7,D | +.450 (11.43) | -.075 (1.91) | W | +.000 (0.00) | -.300 (7.62),unreviewed
MIL-STD-1560C.pdf,245,1,8,E | +.375 (9.53) | -.275 (6.99) | X | -.200 (5.08) | -.250 (6.35),unreviewed
MIL-STD-1560C.pdf,245,1,9,F | +.200 (5.08) | -.400 (10.16) | Y | -.300 (7.62) | -.125 (3.18),unreviewed
MIL-STD-1560C.pdf,245,1,10,G | +.000 (0.00) | -.450 (11.43) | Z | -.325 (8.26) | +.025 (0.64),unreviewed
MIL-STD-1560C.pdf,245,1,11,H | -.200 (5.08) | -.400 (10.16) | a | -.250 (6.35) | +.175 (4.45),unreviewed
MIL-STD-1560C.pdf,245,1,12,J | -.375 (9.53) | -.275 (6.99) | b | -.150 (3.81) | +.300 (7.62),unreviewed
MIL-STD-1560C.pdf,245,1,13,K | -.450 (11.43) | -.075 (1.91) | c | +.100 (2.54) | +.150 (3.81),unreviewed
MIL-STD-1560C.pdf,245,1,14,L | -.425 (10.80) | +.150 (3.81) | d | +.150 (3.81) | +.000 (0.00),unreviewed
MIL-STD-1560C.pdf,245,1,15,M | -.325 (8.26) | +.325 (8.26) | e | +.075 (1.91) | -.150 (3.81),unreviewed
MIL-STD-1560C.pdf,245,1,16,N | -.100 (2.54) | +.450 (11.43) | f | -.075 (1.91) | -.150 (3.81),unreviewed
MIL-STD-1560C.pdf,245,1,17,P | +.000 (0.00) | +.325 (8.26) | g | -.150 (3.81) | +.000 (0.00),unreviewed
MIL-STD-1560C.pdf,245,1,18,R | +.150 (3.81) | +.300 (7.62) | h | -.100 (2.54) | +.150 (3.81),unreviewed
MIL-STD-1560C.pdf,245,1,19,S | +.250 (6.35) | +.175 (4.45) | J | +.000 (0.00) | +.000 (0.00),unreviewed
MIL-STD-1560C.pdf,245,2,1,Shell; size | Arrangement; no. | Number of; contacts | Size; contacts | Service; rating | Contact; location | Supersedes,unreviewed
MIL-STD-1560C.pdf,245,2,2,22 | -32 | 32 | 20 | I | All | MS27350-32,unreviewed
MIL-STD-1560C.pdf,246,1,1,Contacts; (Insert arrangement 22-34) |  |  |  |  | ,unreviewed
MIL-STD-1560C.pdf,246,1,2,Contact; position ID | Location |  | Contact; position ID | Location | ,unreviewed
MIL-STD-1560C.pdf,246,1,3, | X-axis; (mm) | Y-axis; (mm) |  | X-axis; (mm) | Y-axis; (mm),unreviewed
MIL-STD-1560C.pdf,246,1,4,A | +.000 (0.00) | +.450 (11.43) | U | +.000 (0.00) | +.300 (7.62),unreviewed
MIL-STD-1560C.pdf,246,1,5,B | +.175 (4.45) | +.425 (10.80) | V | +.200 (5.08) | +.225 (5.72),unreviewed
MIL-STD-1560C.pdf,246,1,6,C | +.325 (8.26) | +.325 (8.26) | W | +.300 (7.62) | +.050 (1.27),unreviewed
MIL-STD-1560C.pdf,246,1,7,D | +.425 (10.80) | +.175 (4.45) | X | +.300 (7.62) | -.100 (2.54),unreviewed
MIL-STD-1560C.pdf,246,1,8,E | +.450 (11.43) | +.025 (0.64) | Y | +.150 (3.81) | -.250 (6.35),unreviewed
MIL-STD-1560C.pdf,246,1,9,F | +.450 (11.43) | -.125 (3.18) | Z | +.000 (0.00) | -.300 (7.62),unreviewed
MIL-STD-1560C.pdf,246,1,10,G | +.375 (9.53) | -.275 (6.99) | a | -.150 (3.81) | -.250 (6.35),unreviewed
MIL-STD-1560C.pdf,246,1,11,H | +.250 (6.35) | -.375 (9.53) | b | -.300 (7.62) | -.100 (2.54),unreviewed
MIL-STD-1560C.pdf,246,1,12,J | +.100 (2.54) | -.450 (11.43) | c | -.300 (7.62) | +.050 (1.27),unreviewed
MIL-STD-1560C.pdf,246,1,13,K | -.100 (2.54) | -.450 (11.43) | d | -.200 (5.08) | +.225 (5.72),unreviewed
MIL-STD-1560C.pdf,246,1,14,L | -.250 (6.35) | -.375 (9.53) | e | +.000 (0.00) | +.150 (3.81),unreviewed
MIL-STD-1560C.pdf,246,1,15,M | -.375 (9.53) | -.275 (6.99) | f | +.150 (3.81) | +.050 (1.27),unreviewed
MIL-STD-1560C.pdf,246,1,16,N | -.450 (11.43) | -.125 (3.18) | g | +.150 (3.81) | -.100 (2.54),unreviewed
MIL-STD-1560C.pdf,246,1,17,P | -.450 (11.43) | +.025 (0.64) | h | +.000 (0.00) | -.150 (3.81),unreviewed
MIL-STD-1560C.pdf,247,1,1,Contacts; (Insert arrangement 22-34) |  |  |  |  | ,unreviewed
MIL-STD-1560C.pdf,247,1,2,Contact; position ID | Location |  | Contact; position ID | Location | ,unreviewed
MIL-STD-1560C.pdf,247,1,3, | X-axis; (mm) | Y-axis; (mm) |  | X-axis; (mm) | Y-axis; (mm),unreviewed
MIL-STD-1560C.pdf,247,1,4,R | -.425 (10.80) | +.175 (4.45) | J | -.150 (3.81) | -.100 (2.54),unreviewed
MIL-STD-1560C.pdf,247,1,5,S | -.325 (8.26) | +.325 (8.26) | k | -.150 (3.81) | +.050 (1.27),unreviewed
MIL-STD-1560C.pdf,247,1,6,T | -.175 (4.45) | +.425 (10.80) | l | +.000 (0.00) | +.000 (0.00),unreviewed
MIL-STD-1560C.pdf,247,2,1,Shell; size | Arrangement; no. | Number of; contacts | Size; contacts | Service; rating | Contact; location | Supersedes,unreviewed
MIL-STD-1560C.pdf,247,2,2,22 | -34 | 34 | 20 | I | All | MS27350-34,unreviewed
MIL-STD-1560C.pdf,248,1,1, |  |  |  |  |  |  | ,unreviewed
MIL-STD-1560C.pdf,248,1,2, |  |  |  |  |  |  | ,unreviewed
MIL-STD-1560C.pdf,248,1,3,Contacts; (Insert arrangement 22-35) |  |  |  |  |  |  | ,unreviewed
MIL-STD-1560C.pdf,248,1,4,Contact; position ID | Location |  |  | Contact; position ID | Location |  | ,unreviewed
MIL-STD-1560C.pdf,248,1,5, | X-axis; (mm) |  | Y-axis; (mm) |  | X-axis; (mm) |  | Y-axis; (mm),unreviewed
MIL-STD-1560C.pdf,248,1,6,1 | -.428 (10.87) |  | +.241 (6.12) | 51 | +.000 (0.00) |  | -.047 (1.19),unreviewed
MIL-STD-1560C.pdf,248,1,7,2 | -.467 (11.86) |  | +.154 (3.91) | 52 | +.000 (0.00) |  | -.142 (3.61),unreviewed
MIL-STD-1560C.pdf,248,1,8,3 | -.488 (12.40) |  | +.061 (1.55) | 53 | +.000 (0.00) |  | -.237 (6.02),unreviewed
MIL-STD-1560C.pdf,248,1,9,4 | -.415 (10.54) |  | +.000 (0.00) | 54 | +.000 (0.00) |  | -.332 (8.43),unreviewed
MIL-STD-1560C.pdf,248,1,10,5 | -.488 (12.40) |  | -.061 (1.55) | 55 | +.000 (0.00) |  | -.427 (10.85),unreviewed
MIL-STD-1560C.pdf,248,1,11,6 | -.428 (10.87) |  | -.142 (3.61) | 56 | +.083 (2.11) |  | +.475 (12.07),unreviewed
MIL-STD-1560C.pdf,248,1,12,7 | -.428 (10.87) |  | -.237 (6.02) | 57 | +.083 (2.11) |  | +.380 (9.65),unreviewed
MIL-STD-1560C.pdf,248,1,13,8 | -.332 (8.43) |  | +.333 (8.46) | 58 | +.083 (2.11) |  | +.285 (7.24),unreviewed
MIL-STD-1560C.pdf,248,1,14,9 | -.332 (8.43) |  | +.238 (6.05) | 59 | +.083 (2.11) |  | +.190 (4.83),unreviewed
MIL-STD-1560C.pdf,248,1,15,10 | -.332 (8.43) |  | +.143 (3.63) | 60 | +.083 (2.11) |  | +.095 (2.41),unreviewed
MIL-STD-1560C.pdf,248,1,16,11 | -.332 (8.43) |  | +.048 (1.22) | 61 | +.083 (2.11) |  | +.000 (0.00),unreviewed
MIL-STD-1560C.pdf,248,1,17,12 | -.332 (8.43) |  | -.047 (1.19) | 62 | +.083 (2.11) |  | -.095 (2.41),unreviewed
MIL-STD-1560C.pdf,248,1,18,13 | -.332 (8.43) |  | -.142 (3.61) | 63 | +.083 (2.11) |  | -.190 (4.83),unreviewed
MIL-STD-1560C.pdf,248,1,19,14 | -.332 (8.43) |  | -.237 (6.02) | 64 | +.083 (2.11) |  | -.285 (7.24),unreviewed
MIL-STD-1560C.pdf,248,1,20,15 | -.332 (8.43) |  | -.332 (8.43) | 65 | +.083 (2.11) |  | -.380 (9.65),unreviewed
MIL-STD-1560C.pdf,248,1,21,16 | -.249 (6.32) |  | +.380 (9.65) | 66 | +.083 (2.11) |  | -.475 (12.07),unreviewed
MIL-STD-1560C.pdf,249,1,1,Contacts; (Insert arrangement 22-35) |  |  |  |  | ,unreviewed
MIL-STD-1560C.pdf,249,1,2,Contact; position ID | Location |  | Contact; position ID | Location | ,unreviewed
MIL-STD-1560C.pdf,249,1,3, | X-axis; (mm) | Y-axis; (mm) |  | X-axis; (mm) | Y-axis; (mm),unreviewed
MIL-STD-1560C.pdf,249,1,4,17 | -.249 (6.32) | +.285 (7.24) | 67 | +.166 (4.22) | +.428 (10.87),unreviewed
MIL-STD-1560C.pdf,249,1,5,18 | -.249 (6.32) | +.190 (4.83) | 68 | +.166 (4.22) | +.333 (8.46),unreviewed
MIL-STD-1560C.pdf,249,1,6,19 | -.249 (6.32) | +.095 (2.41) | 69 | +.166 (4.22) | +.238 (6.05),unreviewed
MIL-STD-1560C.pdf,249,1,7,20 | -.249 (6.32) | +.000 (0.00) | 70 | +.166 (4.22) | +.143 (3.63),unreviewed
MIL-STD-1560C.pdf,249,1,8,21 | -.249 (6.32) | -.095 (2.41) | 71 | +.166 (4.22) | +.048 (1.22),unreviewed
MIL-STD-1560C.pdf,249,1,9,22 | -.249 (6.32) | -.190 (4.83) | 72 | +.166 (4.22) | -.047 (1.19),unreviewed
MIL-STD-1560C.pdf,249,1,10,23 | -.249 (6.32) | -.285 (7.24) | 73 | +.166 (4.22) | -.142 (3.61),unreviewed
MIL-STD-1560C.pdf,249,1,11,24 | -.249 (6.32) | -.380 (9.65) | 74 | +.166 (4.22) | -.237 (6.02),unreviewed
MIL-STD-1560C.pdf,249,1,12,25 | -.166 (4.22) | +.428 (10.87) | 75 | +.166 (4.22) | -.332 (8.43),unreviewed
MIL-STD-1560C.pdf,249,1,13,26 | -.166 (4.22) | +.333 (8.46) | 76 | +.166 (4.22) | -.427 (10.85),unreviewed
MIL-STD-1560C.pdf,249,1,14,27 | -.166 (4.22) | +.238 (6.05) | 77 | +.249 (6.32) | +.380 (9.65),unreviewed
MIL-STD-1560C.pdf,249,1,15,28 | -.166 (4.22) | +.143 (3.63) | 78 | +.249 (6.32) | +.285 (7.24),unreviewed
MIL-STD-1560C.pdf,249,1,16,29 | -.166 (4.22) | +.048 (1.22) | 79 | +.249 (6.32) | +.190 (4.83),unreviewed
MIL-STD-1560C.pdf,249,1,17,30 | -.166 (4.22) | -.047 (1.19) | 80 | +.249 (6.32) | +.095 (2.41),unreviewed
MIL-STD-1560C.pdf,249,1,18,31 | -.166 (4.22) | -.142 (3.61) | 81 | +.249 (6.32) | +.000 (0.00),unreviewed
MIL-STD-1560C.pdf,249,1,19,32 | -.166 (4.22) | -.237 (6.02) | 82 | +.249 (6.32) | -.095 (2.41),unreviewed
MIL-STD-1560C.pdf,249,1,20,33 | -.166 (4.22) | -.332 (8.43) | 83 | +.249 (6.32) | -.190 (4.83),unreviewed
MIL-STD-1560C.pdf,249,1,21,34 | -.166 (4.22) | -.427 (10.85) | 84 | +.249 (6.32) | -.285 (7.24),unreviewed
MIL-STD-1560C.pdf,249,1,22,35 | -.083 (2.11) | +.475 (12.07) | 85 | +.249 (6.32) | -.380 (9.65),unreviewed
MIL-STD-1560C.pdf,249,1,23,36 | -.083 (2.11) | +.380 (9.65) | 86 | +.332 (8.43) | +.333 (8.46),unreviewed
MIL-STD-1560C.pdf,249,1,24,37 | -.083 (2.11) | +.285 (7.24) | 87 | +.332 (8.43) | +.238 (6.05),unreviewed
MIL-STD-1560C.pdf,249,1,25,38 | -.083 (2.11) | +.190 (4.83) | 88 | +.332 (8.43) | +.143 (3.63),unreviewed
MIL-STD-1560C.pdf,249,1,26,39 | -.083 (2.11) | +.095 (2.41) | 89 | +.332 (8.43) | +.048 (1.22),unreviewed
MIL-STD-1560C.pdf,249,1,27,40 | -.083 (2.11) | +.000 (0.00) | 90 | +.332 (8.43) | -.047 (1.19),unreviewed
MIL-STD-1560C.pdf,249,1,28,41 | -.083 (2.11) | -.095 (2.41) | 91 | +.332 (8.43) | -.142 (3.61),unreviewed
MIL-STD-1560C.pdf,249,1,29,42 | -.083 (2.11) | -.190 (4.83) | 92 | +.332 (8.43) | -.237 (6.02),unreviewed
MIL-STD-1560C.pdf,249,1,30,43 | -.083 (2.11) | -.285 (7.24) | 93 | +.332 (8.43) | -.332 (8.43),unreviewed
MIL-STD-1560C.pdf,249,1,31,44 | -.083 (2.11) | -.380 (9.65) | 94 | +.428 (10.87) | +.241 (6.12),unreviewed
MIL-STD-1560C.pdf,249,1,32,45 | -.083 (2.11) | -.475 (12.07) | 95 | +.467 (11.86) | +.154 (3.91),unreviewed
MIL-STD-1560C.pdf,249,1,33,46 | +.000 (0.00) | +.428 (10.87) | 96 | +.488 (12.40) | +.061 (1.55),unreviewed
MIL-STD-1560C.pdf,249,1,34,47 | +.000 (0.00) | +.333 (8.46) | 97 | +.415 (10.54) | +.000 (0.00),unreviewed
MIL-STD-1560C.pdf,250,1,1,Contacts; (Insert arrangement 22-35) |  |  |  |  | ,unreviewed
MIL-STD-1560C.pdf,250,1,2,Contact; position ID | Location |  | Contact; position ID | Location | ,unreviewed
MIL-STD-1560C.pdf,250,1,3, | X-axis; (mm) | Y-axis; (mm) |  | X-axis; (mm) | Y-axis; (mm),unreviewed
MIL-STD-1560C.pdf,250,1,4,48 | +.000 (0.00) | +.238 (6.05) | 98 | +.488 (12.40) | -.061 (1.55),unreviewed
MIL-STD-1560C.pdf,250,1,5,49 | +.000 (0.00) | +.143 (3.63) | 99 | +.428 (10.87) | -.142 (3.61),unreviewed
MIL-STD-1560C.pdf,250,1,6,50 | +.000 (0.00) | +.048 (1.22) | 100 | +.428 (10.87) | -.237 (6.02),unreviewed
MIL-STD-1560C.pdf,250,2,1,Shell; size | Arrangement; no. | Number of; contacts | Size; contacts | Service; rating | Contact; location | Supersedes,unreviewed
MIL-STD-1560C.pdf,250,2,2,22 | -35 | 100 | 22D | M | All | MS27523-35,unreviewed
MIL-STD-1560C.pdf,251,1,1,Contacts; (Insert arrangement 22-36) |  |  |  |  | ,unreviewed
MIL-STD-1560C.pdf,251,1,2,Contact; position ID | Location |  | Contact; position ID | Location | ,unreviewed
MIL-STD-1560C.pdf,251,1,3, | X-axis; (mm) | Y-axis; (mm) |  | X-axis; (mm) | Y-axis; (mm),unreviewed
MIL-STD-1560C.pdf,251,1,4,A | +.100 (2.54) | +.450 (11.43) | V | +.150 (3.81) | +.275 (6.99),unreviewed
MIL-STD-1560C.pdf,251,1,5,B | +.250 (6.35) | +.400 (10.16) | W | +.300 (7.62) | +.125 (3.18),unreviewed
MIL-STD-1560C.pdf,251,1,6,C | +.350 (8.89) | +.275 (6.99) | X | +.300 (7.62) | -.025 (0.64),unreviewed
MIL-STD-1560C.pdf,251,1,7,D | +.450 (11.43) | +.100 (2.54) | Y | +.275 (6.99) | -.175 (4.45),unreviewed
MIL-STD-1560C.pdf,251,1,8,E | +.450 (11.43) | -.050 (1.27) | Z | +.150 (3.81) | -.275 (6.99),unreviewed
MIL-STD-1560C.pdf,251,1,9,F | +.425 (10.80) | -.200 (5.08) | a | +.000 (0.00) | -.300 (7.62),unreviewed
MIL-STD-1560C.pdf,251,1,10,G | +.300 (7.62) | -.350 (8.89) | b | -.150 (3.81) | -.275 (6.99),unreviewed
MIL-STD-1560C.pdf,251,1,11,H | +.150 (3.81) | -.425 (10.80) | c | -.275 (6.99) | -.175 (4.45),unreviewed
MIL-STD-1560C.pdf,251,1,12,J | +.000 (0.00) | -.450 (11.43) | d | -.300 (7.62) | -.025 (0.64),unreviewed
MIL-STD-1560C.pdf,251,1,13,K | -.150 (3.81) | -.425 (10.80) | e | -.300 (7.62) | +.125 (3.18),unreviewed
MIL-STD-1560C.pdf,251,1,14,L | -.300 (7.62) | -.350 (8.89) | f | -.150 (3.81) | +.275 (6.99),unreviewed
MIL-STD-1560C.pdf,251,1,15,M | -.425 (10.80) | -.200 (5.08) | g | +.000 (0.00) | +.150 (3.81),unreviewed
MIL-STD-1560C.pdf,251,1,16,N | -.450 (11.43) | -.050 (1.27) | h | +.150 (3.81) | +.125 (3.18),unreviewed
MIL-STD-1560C.pdf,251,1,17,P | -.450 (11.43) | +.100 (2.54) | J | +.150 (3.81) | -.025 (0.64),unreviewed
MIL-STD-1560C.pdf,251,1,18,R | -.350 (8.89) | +.275 (6.99) | k | +.000 (0.00) | -.150 (3.81),unreviewed
MIL-STD-1560C.pdf,252,1,1,Contacts; (Insert arrangement 22-36) |  |  |  |  | ,unreviewed
MIL-STD-1560C.pdf,252,1,2,Contact; position ID | Location |  | Contact; position ID | Location | ,unreviewed
MIL-STD-1560C.pdf,252,1,3, | X-axis; (mm) | Y-axis; (mm) |  | X-axis; (mm) | Y-axis; (mm),unreviewed
MIL-STD-1560C.pdf,252,1,4,S | -.250 (6.35) | +.400 (10.16) | l | -.150 (3.81) | -.025 (0.64),unreviewed
MIL-STD-1560C.pdf,252,1,5,T | -.100 (2.54) | +.450 (11.43) | m | -.150 (3.81) | +.125 (3.18),unreviewed
MIL-STD-1560C.pdf,252,1,6,U | +.000 (0.00) | +.325 (8.26) | n | +.000 (0.00) | +.000 (0.00),unreviewed
MIL-STD-1560C.pdf,252,2,1,Shell; size | Arrangement; no. | Number of; contacts | Size; contacts | Service; rating | Contact; location | Supersedes,unreviewed
MIL-STD-1560C.pdf,252,2,2,22 | -36 | 36 | 20 | I | All | MS27350-36,unreviewed
MIL-STD-1560C.pdf,253,1,1,Contacts; (Insert arrangement 22-53) |  |  |  |  | ,unreviewed
MIL-STD-1560C.pdf,253,1,2,Contact; position ID | Location |  | Contact; position ID | Location | ,unreviewed
MIL-STD-1560C.pdf,253,1,3, | X-axis; (mm) | Y-axis; (mm) |  | X-axis; (mm) | Y-axis; (mm),unreviewed
MIL-STD-1560C.pdf,253,1,4,A | +.112 (2.84) | +.455 (11.56) | e | -.225 (5.72) | -.260 (6.60),unreviewed
MIL-STD-1560C.pdf,253,1,5,B | +.225 (5.72) | +.390 (9.91) | f | -.336 (8.53) | -.195 (4.95),unreviewed
MIL-STD-1560C.pdf,253,1,6,C | +.336 (8.53) | +.325 (8.26) | g | -.336 (8.53) | -.065 (1.65),unreviewed
MIL-STD-1560C.pdf,253,1,7,D | +.450 (11.43) | +.130 (3.30) | h | -.336 (8.53) | +.065 (1.65),unreviewed
MIL-STD-1560C.pdf,253,1,8,E | +.450 (11.43) | +.000 (0.00) | k | -.336 (8.53) | +.195 (4.95),unreviewed
MIL-STD-1560C.pdf,253,1,9,F | +.450 (11.43) | -.130 (3.30) | m | -.225 (5.72) | +.260 (6.60),unreviewed
MIL-STD-1560C.pdf,253,1,10,G | +.336 (8.53) | -.325 (8.26) | n | -.112 (2.84) | +.325 (8.26),unreviewed
MIL-STD-1560C.pdf,253,1,11,H | +.225 (5.72) | -.410 (10.41) | p | +.000 (0.00) | +.260 (6.60),unreviewed
MIL-STD-1560C.pdf,253,1,12,J | -.225 (5.72) | -.410 (10.41) | q | +.112 (2.84) | +.195 (4.95),unreviewed
MIL-STD-1560C.pdf,253,1,13,K | -.336 (8.53) | -.325 (8.26) | r | +.225 (5.72) | +.130 (3.30),unreviewed
MIL-STD-1560C.pdf,253,1,14,L | -.450 (11.43) | -.130 (3.30) | s | +.225 (5.72) | +.000 (0.00),unreviewed
MIL-STD-1560C.pdf,253,1,15,M | -.450 (11.43) | +.000 (0.00) | t | +.225 (5.72) | -.130 (3.30),unreviewed
MIL-STD-1560C.pdf,253,1,16,N | -.450 (11.43) | +.130 (3.30) | u | +.112 (2.84) | -.195 (4.95),unreviewed
MIL-STD-1560C.pdf,253,1,17,P | -.336 (8.53) | +.325 (8.26) | v | +.000 (0.00) | -.260 (6.60),unreviewed
MIL-STD-1560C.pdf,253,1,18,R | -.225 (5.72) | +.390 (9.91) | w | -.112 (2.84) | -.195 (4.95),unreviewed
MIL-STD-1560C.pdf,253,1,19,S | -.112 (2.84) | +.455 (11.56) | x | -.225 (5.72) | -.130 (3.30),unreviewed
MIL-STD-1560C.pdf,254,1,1,Contacts; (Insert arrangement 22-53) |  |  |  |  | ,unreviewed
MIL-STD-1560C.pdf,254,1,2,Contact; position ID | Location |  | Contact; position ID | Location | ,unreviewed
MIL-STD-1560C.pdf,254,1,3, | X-axis; (mm) | Y-axis; (mm) |  | X-axis; (mm) | Y-axis; (mm),unreviewed
MIL-STD-1560C.pdf,254,1,4,T | +.000 (0.00) | +.390 (9.91) | y | -.225 (5.72) | +.000 (0.00),unreviewed
MIL-STD-1560C.pdf,254,1,5,U | +.112 (2.84) | +.325 (8.26) | z | -.225 (5.72) | +.130 (3.30),unreviewed
MIL-STD-1560C.pdf,254,1,6,V | +.225 (5.72) | +.260 (6.60) | AA | -.112 (2.84) | +.195 (4.95),unreviewed
MIL-STD-1560C.pdf,254,1,7,W | +.336 (8.53) | +.195 (4.95) | BB | +.000 (0.00) | +.130 (3.30),unreviewed
MIL-STD-1560C.pdf,254,1,8,X | +.336 (8.53) | +.065 (1.65) | CC | +.112 (2.84) | +.065 (1.65),unreviewed
MIL-STD-1560C.pdf,254,1,9,Y | +.336 (8.53) | -.065 (1.65) | DD | +.112 (2.84) | -.065 (1.65),unreviewed
MIL-STD-1560C.pdf,254,1,10,Z | +.336 (8.53) | -.195 (4.95) | EE | +.000 (.00) | -.130 (3.30),unreviewed
MIL-STD-1560C.pdf,254,1,11,a | +.225 (5.72) | -.260 (6.60) | FF | -.112 (2.84) | -.065 (1.65),unreviewed
MIL-STD-1560C.pdf,254,1,12,b | +.112 (2.84) | -.325 (8.26) | GG | -.112 (2.84) | +.065 (1.65),unreviewed
MIL-STD-1560C.pdf,254,1,13,c | +.000 (0.00) | -.390 (9.91) | HH | +.000 (0.00) | +.000 (0.00),unreviewed
MIL-STD-1560C.pdf,254,1,14,d | -.112 (2.84) | -.325 (8.26) | --- | --- | ---,unreviewed
MIL-STD-1560C.pdf,254,2,1,Shell; size | Arrangement; no. | Number of; contacts | Size; contacts | Service; rating | Contact; location | Supersedes,unreviewed
MIL-STD-1560C.pdf,254,2,2,22 | -53 | 53 | 20 | I | All | MS27350-53,unreviewed
MIL-STD-1560C.pdf,255,1,1,Contacts; (Insert arrangement 22-55) |  |  |  |  | ,unreviewed
MIL-STD-1560C.pdf,255,1,2,Contact; position ID | Location |  | Contact; position ID | Location | ,unreviewed
MIL-STD-1560C.pdf,255,1,3, | X-axis; (mm) | Y-axis; (mm) |  | X-axis; (mm) | Y-axis; (mm),unreviewed
MIL-STD-1560C.pdf,255,1,4,A | +.112 (2.84) | +.455 (11.56) | f | -.112 (2.84) | -.325 (8.26),unreviewed
MIL-STD-1560C.pdf,255,1,5,B | +.225 (5.72) | +.390 (9.91) | g | -.225 (5.72) | -.260 (6.60),unreviewed
MIL-STD-1560C.pdf,255,1,6,C | +.336 (8.53) | +.325 (8.26) | h | -.336 (8.53) | -.195 (4.95),unreviewed
MIL-STD-1560C.pdf,255,1,7,D | +.450 (11.43) | +.130 (3.30) | i | -.336 (8.53) | -.065 (1.65),unreviewed
MIL-STD-1560C.pdf,255,1,8,E | +.450 (11.43) | +.000 (0.00) | J | -.336 (8.53) | +.065 (1.65),unreviewed
MIL-STD-1560C.pdf,255,1,9,F | +.450 (11.43) | -.130 (3.30) | k | -.336 (8.53) | +.195 (4.95),unreviewed
MIL-STD-1560C.pdf,255,1,10,G | +.336 (8.53) | -.325 (8.26) | m | -.225 (5.72) | +.260 (6.60),unreviewed
MIL-STD-1560C.pdf,255,1,11,H | +.225 (5.72) | -.390 (9.91) | n | -.112 (2.84) | +.325 (8.26),unreviewed
MIL-STD-1560C.pdf,255,1,12,J | +.112 (2.84) | -.455 (11.56) | p | +.000 (0.00) | +.260 (6.60),unreviewed
MIL-STD-1560C.pdf,255,1,13,K | -.112 (2.84) | -.455 (11.56) | q | +.112 (2.84) | +.195 (4.95),unreviewed
MIL-STD-1560C.pdf,255,1,14,L | -.225 (5.72) | -.390 (9.91) | r | +.225 (5.72) | +.130 (3.30),unreviewed
MIL-STD-1560C.pdf,255,1,15,M | -.336 (8.53) | -.325 (8.26) | s | +.225 (5.72) | +.000 (0.00),unreviewed
MIL-STD-1560C.pdf,255,1,16,N | -.450 (11.43) | -.130 (3.30) | t | +.225 (5.72) | -.130 (3.30),unreviewed
MIL-STD-1560C.pdf,255,1,17,P | -.450 (11.43) | +.000 (0.00) | u | +.112 (2.84) | -.195 (4.95),unreviewed
MIL-STD-1560C.pdf,255,1,18,R | -.450 (11.43) | +.130 (3.30) | v | +.000 (0.00) | -.260 (6.60),unreviewed
MIL-STD-1560C.pdf,255,1,19,S | -.336 (8.53) | +.325 (8.26) | w | -.112 (2.84) | -.195 (4.95),unreviewed
MIL-STD-1560C.pdf,255,1,20,T | -.225 (5.72) | +.390 (9.91) | x | -.225 (5.72) | -.130 (3.30),unreviewed
MIL-STD-1560C.pdf,255,1,21,U | -.112 (2.84) | +.455 (11.56) | y | -.225 (5.72) | +.000 (0.00),unreviewed
MIL-STD-1560C.pdf,256,1,1,Contacts; (Insert arrangement 22-55) |  |  |  |  | ,unreviewed
MIL-STD-1560C.pdf,256,1,2,Contact; position ID | Location |  | Contact; position ID | Location | ,unreviewed
MIL-STD-1560C.pdf,256,1,3, | X-axis; (mm) | Y-axis; (mm) |  | X-axis; (mm) | Y-axis; (mm),unreviewed
MIL-STD-1560C.pdf,256,1,4,V | +.000 (0.00) | +.390 (9.91) | z | -.225 (5.72) | +.130 (3.30),unreviewed
MIL-STD-1560C.pdf,256,1,5,W | +.112 (2.84) | +.325 (8.26) | AA | -.112 (2.84) | +.195 (4.95),unreviewed
MIL-STD-1560C.pdf,256,1,6,X | +.225 (5.72) | +.260 (6.60) | BB | +.000 (0.00) | +.130 (3.30),unreviewed
MIL-STD-1560C.pdf,256,1,7,Y | +.336 (8.53) | +.195 (4.95) | CC | +.112 (2.84) | +.065 (1.65),unreviewed
MIL-STD-1560C.pdf,256,1,8,Z | +.336 (8.53) | +.065 (1.65) | DD | +.112 (2.84) | -.065 (1.65),unreviewed
MIL-STD-1560C.pdf,256,1,9,a | +.336 (8.53) | -.065 (1.65) | EE | +.000 (0.00) | -.130 (3.30),unreviewed
MIL-STD-1560C.pdf,256,1,10,b | +.336 (8.53) | -.195 (4.95) | FF | -.112 (2.84) | -.065 (1.65),unreviewed
MIL-STD-1560C.pdf,256,1,11,c | +.225 (5.72) | -.260 (6.60) | GG | -.112 (2.84) | +.065 (1.65),unreviewed
MIL-STD-1560C.pdf,256,1,12,d | +.112 (2.84) | -.325 (8.26) | HH | +.000 (0.00) | +.000 (0.00),unreviewed
MIL-STD-1560C.pdf,256,1,13,e | +.000 (0.00) | -.390 (9.91) | --- | --- | ---,unreviewed
MIL-STD-1560C.pdf,256,2,1,Shell; size | Arrangement; no. | Number of; contacts | Size; contacts | Service; rating | Contact; location | Supersedes,unreviewed
MIL-STD-1560C.pdf,256,2,2,22 | -55 | 55 | 20 | I | All | MS27350-55,unreviewed
MIL-STD-1560C.pdf,257,1,1,Contacts; (Insert arrangement 22-97) |  |  |  |  | ,unreviewed
MIL-STD-1560C.pdf,257,1,2,Contact; position ID | Location |  | Contact; position ID | Location | ,unreviewed
MIL-STD-1560C.pdf,257,1,3, | X-axis; (mm) | Y-axis; (mm) |  | X-axis; (mm) | Y-axis; (mm),unreviewed
MIL-STD-1560C.pdf,257,1,4,A | +.000 (0.00) | +.344 (8.74) | J | -.328 (8.33) | -.239 (6.07),unreviewed
MIL-STD-1560C.pdf,257,1,5,B | +.210 (5.33) | +.270 (6.86) | K | -.400 (10.16) | -.065 (1.65),unreviewed
MIL-STD-1560C.pdf,257,1,6,C | +.386 (9.80) | +.123 (3.12) | L | -.386 (9.80) | +.123 (3.12),unreviewed
MIL-STD-1560C.pdf,257,1,7,D | +.400 (10.16) | -.065 (1.65) | M | -.210 (5.33) | +.270 (6.86),unreviewed
MIL-STD-1560C.pdf,257,1,8,E | +.328 (8.33) | -.239 (6.07) | N | +.000 (0.00) | +.156 (3.96),unreviewed
MIL-STD-1560C.pdf,257,1,9,F | +.183 (4.65) | -.362 (9.19) | P | +.120 (3.05) | -.030 (0.76),unreviewed
MIL-STD-1560C.pdf,257,1,10,G | +.000 (0.00) | -.406 (10.31) | R | +.000 (0.00) | -.218 (5.54),unreviewed
MIL-STD-1560C.pdf,257,1,11,H | -.183 (4.65) | -.362 (9.19) | S | -.120 (3.05) | -.030 (0.76),unreviewed
MIL-STD-1560C.pdf,257,2,1,Shell; size | Arrangement; no. | Number of; contacts | Size; contacts | Service; rating | Contact; location | Supersedes,unreviewed
MIL-STD-1560C.pdf,257,2,2,22 | -97 | 16 | 16 | I | All | MS27350-97,unreviewed
MIL-STD-1560C.pdf,258,1,1,Contacts; (Insert arrangement 22-99) |  |  |  |  | ,unreviewed
MIL-STD-1560C.pdf,258,1,2,Contact; position ID | Location |  | Contact; position ID | Location | ,unreviewed
MIL-STD-1560C.pdf,258,1,3, | X-axis; (mm) | Y-axis; (mm) |  | X-axis; (mm) | Y-axis; (mm),unreviewed
MIL-STD-1560C.pdf,258,1,4,A | +.000 (0.00) | +.404 (10.26) | G | -.404 (10.26) | +.000 (0.00),unreviewed
MIL-STD-1560C.pdf,258,1,5,B | +.300 (7.62) | +.270 (6.86) | H | -.300 (7.62) | +.270 (6.86),unreviewed
MIL-STD-1560C.pdf,258,1,6,C | +.404 (10.26) | +.000 (0.00) | J | +.120 (3.05) | +.150 (3.81),unreviewed
MIL-STD-1560C.pdf,258,1,7,D | +.240 (6.10) | -.210 (5.33) | K | +.000 (0.00) | -.060 (1.52),unreviewed
MIL-STD-1560C.pdf,258,1,8,E | +.000 (0.00) | -.300 (7.62) | L | -.120 (3.05) | +.150 (3.81),unreviewed
MIL-STD-1560C.pdf,258,1,9,F | -.240 (6.10) | -.210 (5.33) | --- | --- | ---,unreviewed
MIL-STD-1560C.pdf,258,2,1,Shell; size | Arrangement; no. | Number of; contacts | Size; contacts | Service; rating | Contact; location | Supersedes,unreviewed
MIL-STD-1560C.pdf,258,2,2,22 | -99 | 11 | 16 | II | All | MS27350-99,unreviewed
MIL-STD-1560C.pdf,259,1,1,Contacts; (Insert arrangement 24-1) |  |  |  |  | ,unreviewed
MIL-STD-1560C.pdf,259,1,2,Contact; position ID | Location |  | Contact; position ID | Location | ,unreviewed
MIL-STD-1560C.pdf,259,1,3, | X-axis; (mm) | Y-axis; (mm) |  | X-axis; (mm) | Y-axis; (mm),unreviewed
MIL-STD-1560C.pdf,259,1,4,1 | -.479 (12.17) | +.279 (7.09) | 65 | +.000 (0.00) | -.047 (1.19),unreviewed
MIL-STD-1560C.pdf,259,1,5,2 | -.520 (13.21) | +.190 (4.83) | 66 | +.000 (0.00) | -.142 (3.61),unreviewed
MIL-STD-1560C.pdf,259,1,6,3 | -.546 (13.87) | +.095 (2.41) | 67 | +.000 (0.00) | -.237 (6.02),unreviewed
MIL-STD-1560C.pdf,259,1,7,4 | -.555 (14.10) | +.000 (0.00) | 68 | +.000 (0.00) | -.332 (8.43),unreviewed
MIL-STD-1560C.pdf,259,1,8,5 | -.546 (13.87) | -.095 (2.41) | 69 | +.000 (0.00) | -.427 (10.85),unreviewed
MIL-STD-1560C.pdf,259,1,9,6 | -.520 (13.21) | -.190 (4.83) | 70 | +.000 (0.00) | -.555 (14.10),unreviewed
MIL-STD-1560C.pdf,259,1,10,7 | -.479 (12.17) | -.279 (7.09) | 71 | +.083 (2.11) | +.475 (12.07),unreviewed
MIL-STD-1560C.pdf,259,1,11,8 | -.424 (10.77) | +.357 (9.07) | 72 | +.083 (2.11) | +.380 (9.65),unreviewed
MIL-STD-1560C.pdf,259,1,12,9 | -.415 (10.54) | +.190 (4.83) | 73 | +.083 (2.11) | +.285 (7.24),unreviewed
MIL-STD-1560C.pdf,259,1,13,10 | -.415 (10.54) | +.095 (2.41) | 74 | +.083 (2.11) | +.190 (4.83),unreviewed
MIL-STD-1560C.pdf,259,1,14,11 | -.415 (10.54) | +.000 (0.00) | 75 | +.083 (2.11) | +.095 (2.41),unreviewed
MIL-STD-1560C.pdf,259,1,15,12 | -.415 (10.54) | -.095 (2.41) | 76 | +.083 (2.11) | +.000 (0.00),unreviewed
MIL-STD-1560C.pdf,259,1,16,13 | -.415 (10.54) | -.190 (4.83) | 77 | +.083 (2.11) | -.095 (2.41),unreviewed
MIL-STD-1560C.pdf,259,1,17,14 | -.424 (10.77) | -.357 (9.07) | 78 | +.083 (2.11) | -.190 (4.83),unreviewed
MIL-STD-1560C.pdf,259,1,18,15 | -.332 (8.43) | +.444 (11.28) | 79 | +.083 (2.11) | -.285 (7.24),unreviewed
MIL-STD-1560C.pdf,259,1,19,16 | -.332 (8.43) | +.332 (8.43) | 80 | +.083 (2.11) | -.380 (9.65),unreviewed
MIL-STD-1560C.pdf,260,1,1,Contacts; (Insert arrangement 24-1) |  |  |  |  | ,unreviewed
MIL-STD-1560C.pdf,260,1,2,Contact; position ID | Location |  | Contact; position ID | Location | ,unreviewed
MIL-STD-1560C.pdf,260,1,3, | X-axis; (mm) | Y-axis; (mm) |  | X-axis; (mm) | Y-axis; (mm),unreviewed
MIL-STD-1560C.pdf,260,1,4,17 | -.332 (8.43) | +.237 (6.02) | 81 | +.083 (2.11) | -.475 (12.07),unreviewed
MIL-STD-1560C.pdf,260,1,5,18 | -.332 (8.43) | +.142 (3.61) | 82 | +.160 (4.06) | +.531 (13.49),unreviewed
MIL-STD-1560C.pdf,260,1,6,19 | -.332 (8.43) | +.047 (1.19) | 83 | +.166 (4.22) | +.427 (10.85),unreviewed
MIL-STD-1560C.pdf,260,1,7,20 | -.332 (8.43) | -.047 (1.19) | 84 | +.166 (4.22) | +.332 (8.43),unreviewed
MIL-STD-1560C.pdf,260,1,8,21 | -.332 (8.43) | -.142 (3.61) | 85 | +.166 (4.22) | +.237 (6.02),unreviewed
MIL-STD-1560C.pdf,260,1,9,22 | -.332 (8.43) | -.237 (6.02) | 86 | +.166 (4.22) | +.142 (3.61),unreviewed
MIL-STD-1560C.pdf,260,1,10,23 | -.332 (8.43) | -.332 (8.43) | 87 | +.166 (4.22) | +.047 (1.19),unreviewed
MIL-STD-1560C.pdf,260,1,11,24 | -.332 (8.43) | -.427 (10.85) | 88 | +.166 (4.22) | -.047 (1.19),unreviewed
MIL-STD-1560C.pdf,260,1,12,25 | -.249 (6.32) | +.496 (12.60) | 89 | +.166 (4.22) | -.142 (3.61),unreviewed
MIL-STD-1560C.pdf,260,1,13,26 | -.249 (6.32) | +.380 (9.65) | 90 | +.166 (4.22) | -.237 (6.02),unreviewed
MIL-STD-1560C.pdf,260,1,14,27 | -.249 (6.32) | +.285 (7.24) | 91 | +.166 (4.22) | -.332 (8.43),unreviewed
MIL-STD-1560C.pdf,260,1,15,28 | -.249 (6.32) | +.190 (4.83) | 92 | +.166 (4.22) | -.427 (10.85),unreviewed
MIL-STD-1560C.pdf,260,1,16,29 | -.249 (6.32) | +.095 (2.41) | 93 | +.166 (4.22) | -.522 (13.26),unreviewed
MIL-STD-1560C.pdf,260,1,17,30 | -.249 (6.32) | +.000 (0.00) | 94 | +.249 (6.32) | +.496 (12.60),unreviewed
MIL-STD-1560C.pdf,260,1,18,31 | -.249 (6.32) | -.095 (2.41) | 95 | +.249 (6.32) | +.380 (9.65),unreviewed
MIL-STD-1560C.pdf,260,1,19,32 | -.249 (6.32) | -.190 (4.83) | 96 | +.249 (6.32) | +.285 (7.24),unreviewed
MIL-STD-1560C.pdf,260,1,20,33 | -.249 (6.32) | -.285 (7.24) | 97 | +.249 (6.32) | +.190 (4.83),unreviewed
MIL-STD-1560C.pdf,260,1,21,34 | -.249 (6.32) | -.380 (9.65) | 98 | +.249 (6.32) | +.095 (2.41),unreviewed
MIL-STD-1560C.pdf,260,1,22,35 | -.249 (6.32) | -.475 (12.07) | 99 | +.249 (6.32) | +.000 (0.00),unreviewed
MIL-STD-1560C.pdf,260,1,23,36 | -.160 (4.06) | +.531 (13.49) | 100 | +.249 (6.32) | -.095 (2.41),unreviewed
MIL-STD-1560C.pdf,260,1,24,37 | -.166 (4.22) | +.427 (10.85) | 101 | +.249 (6.32) | -.190 (4.83),unreviewed
MIL-STD-1560C.pdf,260,1,25,38 | -.166 (4.22) | +.332 (8.43) | 102 | +.249 (6.32) | -.285 (7.24),unreviewed
MIL-STD-1560C.pdf,260,1,26,39 | -.166 (4.22) | +.237 (6.02) | 103 | +.249 (6.32) | -.380 (9.65),unreviewed
MIL-STD-1560C.pdf,260,1,27,40 | -.166 (4.22) | +.142 (3.61) | 104 | +.249 (6.32) | -.475 (12.07),unreviewed
MIL-STD-1560C.pdf,260,1,28,41 | -.166 (4.22) | +.047 (1.19) | 105 | +.332 (8.43) | +.444 (11.28),unreviewed
MIL-STD-1560C.pdf,260,1,29,42 | -.166 (4.22) | -.047 (1.19) | 106 | +.332 (8.43) | +.332 (8.43),unreviewed
MIL-STD-1560C.pdf,260,1,30,43 | -.166 (4.22) | -.142 (3.61) | 107 | +.332 (8.43) | +.237 (6.02),unreviewed
MIL-STD-1560C.pdf,260,1,31,44 | -.166 (4.22) | -.237 (6.02) | 108 | +.332 (8.43) | +.142 (3.61),unreviewed
MIL-STD-1560C.pdf,260,1,32,45 | -.166 (4.22) | -.332 (8.43) | 109 | +.332 (8.43) | +.047 (1.19),unreviewed
MIL-STD-1560C.pdf,260,1,33,46 | -.166 (4.22) | -.427 (10.85) | 110 | +.332 (8.43) | -.047 (1.19),unreviewed
MIL-STD-1560C.pdf,260,1,34,47 | -.166 (4.22) | -.522 (13.26) | 111 | +.332 (8.43) | -.142 (3.61),unreviewed
MIL-STD-1560C.pdf,260,1,35,48 | -.083 (2.11) | +.475 (12.07) | 112 | +.332 (8.43) | -.237 (6.02),unreviewed
MIL-STD-1560C.pdf,260,1,36,49 | -.083 (2.11) | +.380 (9.65) | 113 | +.332 (8.43) | -.332 (8.43),unreviewed
MIL-STD-1560C.pdf,260,1,37,50 | -.083 (2.11) | +.285 (7.24) | 114 | +.332 (8.43) | -.427 (10.85),unreviewed
MIL-STD-1560C.pdf,261,1,1,Contacts; (Insert arrangement 24-1) |  |  |  |  | ,unreviewed
MIL-STD-1560C.pdf,261,1,2,Contact; position ID | Location |  | Contact; position ID | Location | ,unreviewed
MIL-STD-1560C.pdf,261,1,3, | X-axis; (mm) | Y-axis; (mm) |  | X-axis; (mm) | Y-axis; (mm),unreviewed
MIL-STD-1560C.pdf,261,1,4,51 | -.083 (2.11) | +.190 (4.83) | 115 | +.424 (10.77) | +.357 (9.07),unreviewed
MIL-STD-1560C.pdf,261,1,5,52 | -.083 (2.11) | +.095 (2.41) | 116 | +.415 (10.54) | +.190 (4.83),unreviewed
MIL-STD-1560C.pdf,261,1,6,53 | -.083 (2.11) | +.000 (0.00) | 117 | +.415 (10.54) | +.095 (2.41),unreviewed
MIL-STD-1560C.pdf,261,1,7,54 | -.083 (2.11) | -.095 (2.41) | 118 | +.415 (10.54) | +.000 (0.00),unreviewed
MIL-STD-1560C.pdf,261,1,8,55 | -.083 (2.11) | -.190 (4.83) | 119 | +.415 (10.54) | -.095 (2.41),unreviewed
MIL-STD-1560C.pdf,261,1,9,56 | -.083 (2.11) | -.285 (7.24) | 120 | +.415 (10.54) | -.190 (4.83),unreviewed
MIL-STD-1560C.pdf,261,1,10,57 | -.083 (2.11) | -.380 (9.65) | 121 | +.424 (10.77) | -.357 (9.07),unreviewed
MIL-STD-1560C.pdf,261,1,11,58 | -.083 (2.11) | -.475 (12.07) | 122 | +.479 (12.17) | +.279 (7.09),unreviewed
MIL-STD-1560C.pdf,261,1,12,59 | +.000 (0.00) | +.522 (13.26) | 123 | +.520 (13.21) | +.190 (4.83),unreviewed
MIL-STD-1560C.pdf,261,1,13,60 | +.000 (0.00) | +.427 (10.85) | 124 | +.546 (13.87) | +.095 (2.41),unreviewed
MIL-STD-1560C.pdf,261,1,14,61 | +.000 (0.00) | +.332 (8.43) | 125 | +.555 (14.10) | +.000 (0.00),unreviewed
MIL-STD-1560C.pdf,261,1,15,62 | +.000 (0.00) | +.237 (6.02) | 126 | +.546 (13.87) | -.095 (2.41),unreviewed
MIL-STD-1560C.pdf,261,1,16,63 | +.000 (0.00) | +.142 (3.61) | 127 | +.520 (13.21) | -.190 (4.83),unreviewed
MIL-STD-1560C.pdf,261,1,17,64 | +.000 (0.00) | +.047 (1.19) | 128 | +.479 (12.17) | -.279 (7.09),unreviewed
MIL-STD-1560C.pdf,261,2,1,Shell; size | Arrangement; no. | Number of; contacts | Size; contacts | Service; rating | Contact; location | Supersedes,unreviewed
MIL-STD-1560C.pdf,261,2,2,24 | -1 | 128 | 22M | M | All | MS27351-1,unreviewed
MIL-STD-1560C.pdf,262,1,1,Contacts; (Insert arrangement 24-2) |  |  |  |  | ,unreviewed
MIL-STD-1560C.pdf,262,1,2,Contact; position ID | Location |  | Contact; position ID | Location | ,unreviewed
MIL-STD-1560C.pdf,262,1,3, | X-axis; (mm) | Y-axis; (mm) |  | X-axis; (mm) | Y-axis; (mm),unreviewed
MIL-STD-1560C.pdf,262,1,4,1 | -.550 (13.97) | +.039 (.99) | 51 | +.053 (1.35) | +.502 (12.75),unreviewed
MIL-STD-1560C.pdf,262,1,5,2 | -.550 (13.97) | -.068 (1.73) | 52 | +.053 (1.35) | +.397 (10.08),unreviewed
MIL-STD-1560C.pdf,262,1,6,3 | -.459 (11.66) | +.253 (6.43) | 53 | +.053 (1.35) | +.292 (7.42),unreviewed
MIL-STD-1560C.pdf,262,1,7,4 | -.523 (13.28) | +.175 (4.45) | 54 | +.053 (1.35) | +.187 (4.75),unreviewed
MIL-STD-1560C.pdf,262,1,8,5 | -.459 (11.66) | +.092 (2.34) | 55 | +.053 (1.35) | +.082 (2.08),unreviewed
MIL-STD-1560C.pdf,262,1,9,6 | -.459 (11.66) | -.014 (0.36) | 56 | +.053 (1.35) | -.023 (0.58),unreviewed
MIL-STD-1560C.pdf,262,1,10,7 | -.459 (11.66) | -.122 (3.10) | 57 | +.053 (1.35) | -.128 (3.25),unreviewed
MIL-STD-1560C.pdf,262,1,11,8 | -.509 (12.93) | -.215 (5.46) | 58 | +.053 (1.35) | -.233 (5.92),unreviewed
MIL-STD-1560C.pdf,262,1,12,9 | -.459 (11.66) | -.307 (7.80) | 59 | +.053 (1.35) | -.338 (8.59),unreviewed
MIL-STD-1560C.pdf,262,1,13,10 | -.354 (8.99) | +.420 (10.67) | 60 | +.053 (1.35) | -.443 (11.25),unreviewed
MIL-STD-1560C.pdf,262,1,14,11 | -.354 (8.99) | +.315 (8.00) | 61 | +.053 (1.35) | -.548 (13.92),unreviewed
MIL-STD-1560C.pdf,262,1,15,12 | -.354 (8.99) | +.210 (5.33) | 62 | +.154 (3.91) | +.525 (13.34),unreviewed
MIL-STD-1560C.pdf,262,1,16,13 | -.354 (8.99) | +.105 (2.67) | 63 | +.154 (3.91) | +.420 (10.67),unreviewed
MIL-STD-1560C.pdf,262,1,17,14 | -.354 (8.99) | +.000 (0.00) | 64 | +.154 (3.91) | +.315 (8.00),unreviewed
MIL-STD-1560C.pdf,263,1,1,Contacts; (Insert arrangement 24-2) |  |  |  |  | ,unreviewed
MIL-STD-1560C.pdf,263,1,2,Contact; position ID | Location |  | Contact; position ID | Location | ,unreviewed
MIL-STD-1560C.pdf,263,1,3, | X-axis; (mm) | Y-axis; (mm) |  | X-axis; (mm) | Y-axis; (mm),unreviewed
MIL-STD-1560C.pdf,263,1,4,15 | -.354 (8.99) | -.105 (2.67) | 65 | +.154 (3.91) | +.210 (5.33),unreviewed
MIL-STD-1560C.pdf,263,1,5,16 | -.354 (8.99) | -.210 (5.33) | 66 | +.154 (3.91) | +.105 (2.67),unreviewed
MIL-STD-1560C.pdf,263,1,6,17 | -.354 (8.99) | -.315 (8.00) | 67 | +.154 (3.91) | +.000 (0.00),unreviewed
MIL-STD-1560C.pdf,263,1,7,18 | -.354 (8.99) | -.420 (10.67) | 68 | +.154 (3.91) | -.105 (2.67),unreviewed
MIL-STD-1560C.pdf,263,1,8,19 | -.255 (6.48) | +.457 (11.61) | 69 | +.154 (3.91) | -.210 (5.33),unreviewed
MIL-STD-1560C.pdf,263,1,9,20 | -.255 (6.48) | +.352 (8.94) | 70 | +.154 (3.91) | -.315 (8.00),unreviewed
MIL-STD-1560C.pdf,263,1,10,21 | -.255 (6.48) | +.247 (6.27) | 71 | +.154 (3.91) | -.420 (10.67),unreviewed
MIL-STD-1560C.pdf,263,1,11,22 | -.255 (6.48) | +.142 (3.61) | 72 | +.154 (3.91) | -.525 (13.34),unreviewed
MIL-STD-1560C.pdf,263,1,12,23 | -.255 (6.48) | +.037 (0.94) | 73 | +.255 (6.48) | +.457 (11.61),unreviewed
MIL-STD-1560C.pdf,263,1,13,24 | -.255 (6.48) | -.068 (1.73) | 74 | +.255 (6.48) | +.352 (8.94),unreviewed
MIL-STD-1560C.pdf,263,1,14,25 | -.255 (6.48) | -.173 (4.39) | 75 | +.255 (6.48) | +.247 (6.27),unreviewed
MIL-STD-1560C.pdf,263,1,15,26 | -.255 (6.48) | -.278 (7.06) | 76 | +.255 (6.48) | +.142 (3.61),unreviewed
MIL-STD-1560C.pdf,263,1,16,27 | -.255 (6.48) | -.383 (9.73) | 77 | +.255 (6.48) | +.037 (0.94),unreviewed
MIL-STD-1560C.pdf,263,1,17,28 | -.255 (6.48) | -.488 (12.40) | 78 | +.255 (6.48) | -.068 (1.73),unreviewed
MIL-STD-1560C.pdf,263,1,18,29 | -.154 (3.91) | +.525 (13.34) | 79 | +.255 (6.48) | -.173 (4.39),unreviewed
MIL-STD-1560C.pdf,263,1,19,30 | -.154 (3.91) | +.420 (10.67) | 80 | +.255 (6.48) | -.278 (7.06),unreviewed
MIL-STD-1560C.pdf,263,1,20,31 | -.154 (3.91) | +.315 (8.00) | 81 | +.255 (6.48) | -.383 (9.73),unreviewed
MIL-STD-1560C.pdf,263,1,21,32 | -.154 (3.91) | +.210 (5.33) | 82 | +.255 (6.48) | -.488 (12.40),unreviewed
MIL-STD-1560C.pdf,263,1,22,33 | -.154 (3.91) | +.105 (2.67) | 83 | +.354 (8.99) | +.420 (10.67),unreviewed
MIL-STD-1560C.pdf,263,1,23,34 | -.154 (3.91) | +.000 (0.00) | 84 | +.354 (8.99) | +.315 (8.00),unreviewed
MIL-STD-1560C.pdf,263,1,24,35 | -.154 (3.91) | -.105 (2.67) | 85 | +.354 (8.99) | +.210 (5.33),unreviewed
MIL-STD-1560C.pdf,263,1,25,36 | -.154 (3.91) | -.210 (5.33) | 86 | +.354 (8.99) | +.105 (2.67),unreviewed
MIL-STD-1560C.pdf,263,1,26,37 | -.154 (3.91) | -.315 (8.00) | 87 | +.354 (8.99) | +.000 (0.00),unreviewed
MIL-STD-1560C.pdf,263,1,27,38 | -.154 (3.91) | -.420 (10.67) | 88 | +.354 (8.99) | -.105 (2.67),unreviewed
MIL-STD-1560C.pdf,263,1,28,39 | -.154 (3.91) | -.525 (13.34) | 89 | +.354 (8.99) | -.210 (5.33),unreviewed
MIL-STD-1560C.pdf,263,1,29,40 | -.053 (1.35) | +.502 (12.75) | 90 | +.354 (8.99) | -.315 (8.00),unreviewed
MIL-STD-1560C.pdf,263,1,30,41 | -.053 (1.35) | +.397 (10.08) | 91 | +.354 (8.99) | -.420 (10.67),unreviewed
MIL-STD-1560C.pdf,263,1,31,42 | -.053 (1.35) | +.292 (7.42) | 92 | +.459 (11.66) | +.253 (6.43),unreviewed
MIL-STD-1560C.pdf,263,1,32,43 | -.053 (1.35) | +.187 (4.75) | 93 | +.523 (13.28) | +.175 (4.45),unreviewed
MIL-STD-1560C.pdf,263,1,33,44 | -.053 (1.35) | +.082 (2.08) | 94 | +.459 (11.66) | +.092 (2.34),unreviewed
MIL-STD-1560C.pdf,264,1,1,Contacts; (Insert arrangement 24-2) |  |  |  |  | ,unreviewed
MIL-STD-1560C.pdf,264,1,2,Contact; position ID | Location |  | Contact; position ID | Location | ,unreviewed
MIL-STD-1560C.pdf,264,1,3, | X-axis; (mm) | Y-axis; (mm) |  | X-axis; (mm) | Y-axis; (mm),unreviewed
MIL-STD-1560C.pdf,264,1,4,45 | -.053 (1.35) | -.023 (0.58) | 95 | +.459 (11.66) | -.014 (0.36),unreviewed
MIL-STD-1560C.pdf,264,1,5,46 | -.053 (1.35) | -.128 (3.25) | 96 | +.459 (11.66) | -.122 (3.10),unreviewed
MIL-STD-1560C.pdf,264,1,6,47 | -.053 (1.35) | -.233 (5.92) | 97 | +.509 (12.93) | -.215 (5.46),unreviewed
MIL-STD-1560C.pdf,264,1,7,48 | -.053 (1.35) | -.338 (8.59) | 98 | +.459 (11.66) | -.307 (7.80),unreviewed
MIL-STD-1560C.pdf,264,1,8,49 | -.053 (1.35) | -.443 (11.25) | 99 | +.550 (13.97) | +.039 (0.99),unreviewed
MIL-STD-1560C.pdf,264,1,9,50 | -.053 (1.35) | -.548 (13.92) | 100 | +.550 (13.97) | -.068 (1.73),unreviewed
MIL-STD-1560C.pdf,264,2,1,Shell; size | Arrangement; no. | Number of; contacts | Size; contacts | Service; rating | Contact; location | Supersedes,unreviewed
MIL-STD-1560C.pdf,264,2,2,24 | -2 | 100 | 22 | M | All | MS27351-2,unreviewed
MIL-STD-1560C.pdf,265,1,1,Contacts; (Insert arrangement 24-4) |  |  |  |  | ,unreviewed
MIL-STD-1560C.pdf,265,1,2,Contact; position ID | Location |  | Contact; position ID | Location | ,unreviewed
MIL-STD-1560C.pdf,265,1,3, | X-axis; (mm) | Y-axis; (mm) |  | X-axis; (mm) | Y-axis; (mm),unreviewed
MIL-STD-1560C.pdf,265,1,4,A | +.069 (1.75) | +.531 (13.49) | f | +.412 (10.46) | +.000 (0.00),unreviewed
MIL-STD-1560C.pdf,265,1,5,B | +.203 (5.16) | +.495 (12.57) | g | +.377 (9.58) | -.132 (3.35),unreviewed
MIL-STD-1560C.pdf,265,1,6,C | +.324 (8.23) | +.425 (10.80) | h | +.311 (7.90) | -.251 (6.38),unreviewed
MIL-STD-1560C.pdf,265,1,7,D | +.424 (10.77) | +.326 (8.28) | k | +.212 (5.38) | -.344 (8.74),unreviewed
MIL-STD-1560C.pdf,265,1,8,E | +.493 (12.52) | +.205 (5.21) | m | +.086 (2.18) | -.397 (10.08),unreviewed
MIL-STD-1560C.pdf,265,1,9,F | +.531 (13.49) | +.069 (1.75) | n | -.086 (2.18) | -.397 (10.08),unreviewed
MIL-STD-1560C.pdf,265,1,10,G | +.531 (13.49) | -.069 (1.75) | p | -.212 (5.38) | -.344 (8.74),unreviewed
MIL-STD-1560C.pdf,265,1,11,H | +.493 (12.52) | -.205 (5.21) | q | -.311 (7.90) | -.251 (6.38),unreviewed
MIL-STD-1560C.pdf,265,1,12,J | +.424 (10.77) | -.326 (8.28) | r | -.377 (9.58) | -.132 (3.35),unreviewed
MIL-STD-1560C.pdf,265,1,13,K | +.324 (8.23) | -.425 (10.80) | s | -.412 (10.46) | +.000 (0.00),unreviewed
MIL-STD-1560C.pdf,265,1,14,L | +.203 (5.16) | -.495 (12.57) | t | -.377 (9.58) | +.132 (3.35),unreviewed
MIL-STD-1560C.pdf,265,1,15,M | +.069 (1.75) | -.531 (13.49) | u | -.311 (7.90) | +.251 (6.38),unreviewed
MIL-STD-1560C.pdf,265,1,16,N | -.069 (1.75) | -.531 (13.49) | v | -.212 (5.38) | +.344 (8.74),unreviewed
MIL-STD-1560C.pdf,265,1,17,P | -.203 (5.16) | -.495 (12.57) | w | -.086 (2.18) | +.397 (10.08),unreviewed
MIL-STD-1560C.pdf,265,1,18,R | -.324 (8.23) | -.425 (10.80) | x | +.069 (1.75) | +.263 (6.68),unreviewed
MIL-STD-1560C.pdf,265,1,19,S | -.424 (10.77) | -.326 (8.28) | y | +.172 (4.37) | +.149 (3.78),unreviewed
MIL-STD-1560C.pdf,265,1,20,T | -.493 (12.52) | -.205 (5.21) | z | +.258 (6.55) | +.000 (0.00),unreviewed
MIL-STD-1560C.pdf,265,1,21,U | -.531 (13.49) | -.069 (1.75) | AA | +.172 (4.37) | -.149 (3.78),unreviewed
MIL-STD-1560C.pdf,265,1,22,V | -.531 (13.49) | +.069 (1.75) | BB | +.069 (1.75) | -.263 (6.68),unreviewed
MIL-STD-1560C.pdf,266,1,1,Contacts; (Insert arrangement 24-4) |  |  |  |  | ,unreviewed
MIL-STD-1560C.pdf,266,1,2,Contact; position ID | Location |  | Contact; position ID | Location | ,unreviewed
MIL-STD-1560C.pdf,266,1,3, | X-axis; (mm) | Y-axis; (mm) |  | X-axis; (mm) | Y-axis; (mm),unreviewed
MIL-STD-1560C.pdf,266,1,4,W | -.493 (12.52) | +.205 (5.21) | CC | -.069 (1.75) | -.263 (6.68),unreviewed
MIL-STD-1560C.pdf,266,1,5,X | -.424 (10.77) | +.326 (8.28) | DD | -.172 (4.37) | -.149 (3.78),unreviewed
MIL-STD-1560C.pdf,266,1,6,Y | -.324 (8.23) | +.425 (10.80) | EE | -.258 (6.55) | +.000 (0.00),unreviewed
MIL-STD-1560C.pdf,266,1,7,Z | -.203 (5.16) | +.495 (12.57) | FF | -.172 (4.37) | +.149 (3.78),unreviewed
MIL-STD-1560C.pdf,266,1,8,a | -.069 (1.75) | +.531 (13.49) | GG | -.069 (1.75) | +.263 (6.68),unreviewed
MIL-STD-1560C.pdf,266,1,9,b | +.086 (2.18) | +.397 (10.08) | HH | +.000 (0.00) | +.132 (3.35),unreviewed
MIL-STD-1560C.pdf,266,1,10,c | +.212 (5.38) | +.344 (8.74) | JJ | +.086 (2.18) | +.000 (0.00),unreviewed
MIL-STD-1560C.pdf,266,1,11,d | +.311 (7.90) | +.251 (6.38) | KK | +.000 (0.00) | -.132 (3.35),unreviewed
MIL-STD-1560C.pdf,266,1,12,e | +.377 (9.58) | +.132 (3.35) | LL | -.086 (2.18) | +.000 (0.00),unreviewed
MIL-STD-1560C.pdf,266,2,1,Shell; size | Arrangement; no. | Number of; contacts | Size; contacts | Service; rating | Contact; location | Supersedes,unreviewed
MIL-STD-1560C.pdf,266,2,2,"24 | -4 | 8 | 16 | I | AA,DD,EE,; FF,JJ,LL,y,z | MS27351-4",unreviewed
MIL-STD-1560C.pdf,266,2,3, |  | 48 | 20 |  | All; others | ,unreviewed
MIL-STD-1560C.pdf,267,1,1,Contacts; (Insert arrangement 24-19) |  |  |  |  | ,unreviewed
MIL-STD-1560C.pdf,267,1,2,Contact; position ID | Location |  | Contact; position ID | Location | ,unreviewed
MIL-STD-1560C.pdf,267,1,3, | X-axis; (mm) | Y-axis; (mm) |  | X-axis; (mm) | Y-axis; (mm),unreviewed
MIL-STD-1560C.pdf,267,1,4,A | +.000 (0.00) | +.409 (10.39) | L | -.354 (8.99) | +.205 (5.21),unreviewed
MIL-STD-1560C.pdf,267,1,5,B | +.236 (5.99) | +.409 (10.39) | M | -.236 (5.99) | +.409 (10.39),unreviewed
MIL-STD-1560C.pdf,267,1,6,C | +.354 (8.99) | +.205 (5.21) | N | -.118 (3.00) | +.205 (5.21),unreviewed
MIL-STD-1560C.pdf,267,1,7,D | +.472 (11.99) | +.000 (0.00) | P | +.118 (3.00) | +.205 (5.21),unreviewed
MIL-STD-1560C.pdf,267,1,8,E | +.354 (8.99) | -.205 (5.21) | R | +.236 (5.99) | +.000 (0.00),unreviewed
MIL-STD-1560C.pdf,267,1,9,F | +.236 (5.99) | -.409 (10.39) | S | +.118 (3.00) | -.205 (5.21),unreviewed
MIL-STD-1560C.pdf,267,1,10,G | +.000 (0.00) | -.409 (10.39) | T | -.118 (3.00) | -.205 (5.21),unreviewed
MIL-STD-1560C.pdf,267,1,11,H | -.236 (5.99) | -.409 (10.39) | U | -.236 (5.99) | +.000 (0.00),unreviewed
MIL-STD-1560C.pdf,267,1,12,J | -.354 (8.99) | -.205 (5.21) | V | +.000 (.00) | +.000 (0.00),unreviewed
MIL-STD-1560C.pdf,267,1,13,K | -.472 (11.99) | +.000 (0.00) | --- | --- | ---,unreviewed
MIL-STD-1560C.pdf,267,2,1,Shell; size | Arrangement; no. | Number of; contacts | Size; contacts | Service; rating | Contact; location,unreviewed
MIL-STD-1560C.pdf,267,2,2,24 | -19 | 19 | 12 | I | All,unreviewed
MIL-STD-1560C.pdf,268,1,1,Contacts; (Insert arrangement 24-24) |  |  |  |  | ,unreviewed
MIL-STD-1560C.pdf,268,1,2,Contact; position ID | Location |  | Contact; position ID | Location | ,unreviewed
MIL-STD-1560C.pdf,268,1,3, | X-axis; (mm) | Y-axis; (mm) |  | X-axis; (mm) | Y-axis; (mm),unreviewed
MIL-STD-1560C.pdf,268,1,4,A | +.000 (0.00) | +.472 (11.99) | N | -.403 (10.24) | +.298 (7.57),unreviewed
MIL-STD-1560C.pdf,268,1,5,B | +.230 (5.84) | +.410 (10.41) | P | -.230 (5.84) | +.410 (10.41),unreviewed
MIL-STD-1560C.pdf,268,1,6,C | +.403 (10.24) | +.298 (7.57) | R | +.000 (0.00) | +.234 (5.94),unreviewed
MIL-STD-1560C.pdf,268,1,7,D | +.461 (11.71) | +.100 (2.54) | S | +.230 (5.84) | +.172 (4.37),unreviewed
MIL-STD-1560C.pdf,268,1,8,E | +.413 (10.49) | -.134 (3.40) | T | +.186 (4.72) | -.062 (1.57),unreviewed
MIL-STD-1560C.pdf,268,1,9,F | +.370 (9.40) | -.336 (8.53) | U | +.211 (5.36) | -.267 (6.78),unreviewed
MIL-STD-1560C.pdf,268,1,10,G | +.230 (5.84) | -.441 (11.20) | V | +.000 (0.00) | -.323 (8.20),unreviewed
MIL-STD-1560C.pdf,268,1,11,H | +.000 (0.00) | -.495 (12.57) | W | -.211 (5.36) | -.267 (6.78),unreviewed
MIL-STD-1560C.pdf,268,1,12,J | -.230 (5.84) | -.441 (11.20) | X | -.186 (4.72) | -.062 (1.57),unreviewed
MIL-STD-1560C.pdf,268,1,13,K | -.370 (9.40) | -.336 (8.53) | Y | -.230 (5.84) | +.172 (4.37),unreviewed
MIL-STD-1560C.pdf,268,1,14,L | -.413 (10.49) | -.134 (3.40) | Z | +.000 (0.00) | +.028 (0.71),unreviewed
MIL-STD-1560C.pdf,268,1,15,M | -.461 (11.71) | +.100 (2.54) | a | +.000 (0.00) | -.151 (3.84),unreviewed
MIL-STD-1560C.pdf,268,2,1,Shell; size | Arrangement; no. | Number of; contacts | Size; contacts | Service; rating | Contact; location | Supersedes,unreviewed
MIL-STD-1560C.pdf,268,2,2,"24 | -24 | 12 | 12 | I | A,B,D,E,L,M,; P,R,S,T,X,Y | MS27351-24",unreviewed
MIL-STD-1560C.pdf,268,2,3, |  | 12 | 16 |  | All; others | ,unreviewed
MIL-STD-1560C.pdf,269,1,1,Contacts; (Insert arrangement 24-29) |  |  |  |  | ,unreviewed
MIL-STD-1560C.pdf,269,1,2,Contact; position ID | Location |  | Contact; position ID | Location | ,unreviewed
MIL-STD-1560C.pdf,269,1,3, | X-axis; (mm) | Y-axis; (mm) |  | X-axis; (mm) | Y-axis; (mm),unreviewed
MIL-STD-1560C.pdf,269,1,4,A | +.000 (0.00) | +.481 (12.22) | S | -.091 (2.31) | +.321 (8.15),unreviewed
MIL-STD-1560C.pdf,269,1,5,B | +.258 (6.55) | +.406 (10.31) | T | +.091 (2.31) | +.321 (8.15),unreviewed
MIL-STD-1560C.pdf,269,1,6,C | +.395 (10.03) | +.277 (7.04) | U | +.228 (5.79) | +.194 (4.93),unreviewed
MIL-STD-1560C.pdf,269,1,7,D | +.469 (11.91) | +.109 (2.77) | V | +.319 (8.10) | +.000 (0.00),unreviewed
MIL-STD-1560C.pdf,269,1,8,E | +.469 (11.91) | -.109 (2.77) | W | +.240 (6.10) | -.181 (4.60),unreviewed
MIL-STD-1560C.pdf,269,1,9,F | +.395 (10.03) | -.277 (7.04) | X | +.091 (2.31) | -.290 (7.37),unreviewed
MIL-STD-1560C.pdf,269,1,10,G | +.263 (6.68) | -.406 (10.31) | Y | -.091 (2.31) | -.290 (7.37),unreviewed
MIL-STD-1560C.pdf,269,1,11,H | +.091 (2.31) | -.472 (11.99) | Z | -.240 (6.10) | -.181 (4.60),unreviewed
MIL-STD-1560C.pdf,269,1,12,J | -.091 (2.31) | -.472 (11.99) | a | -.319 (8.10) | +.000 (0.00),unreviewed
MIL-STD-1560C.pdf,269,1,13,K | -.263 (6.68) | -.406 (10.31) | b | -.228 (5.79) | +.194 (4.93),unreviewed
MIL-STD-1560C.pdf,269,1,14,L | -.395 (10.03) | -.277 (7.04) | c | +.000 (0.00) | +.161 (4.09),unreviewed
MIL-STD-1560C.pdf,269,1,15,M | -.469 (11.91) | -.109 (2.77) | d | +.134 (3.40) | +.000 (0.00),unreviewed
MIL-STD-1560C.pdf,269,1,16,N | -.469 (11.91) | +.109 (2.77) | e | +.000 (0.00) | -.130 (3.30),unreviewed
MIL-STD-1560C.pdf,269,1,17,P | -.395 (10.03) | +.277 (7.04) | f | -.134 (3.40) | +.000 (0.00),unreviewed
MIL-STD-1560C.pdf,269,1,18,R | -.258 (6.55) | +.406 (10.31) | --- | --- | ---,unreviewed
MIL-STD-1560C.pdf,269,2,1,Shell; size | Arrangement; no. | Number of; contacts | Size; contacts | Service; rating | Contact; location | Supersedes,unreviewed
MIL-STD-1560C.pdf,269,2,2,24 | -29 | 29 | 16 | I | All | MS27351-29,unreviewed
MIL-STD-1560C.pdf,270,1,1,Contacts; (Insert arrangement 24-35) |  |  |  |  | ,unreviewed
MIL-STD-1560C.pdf,270,1,2,Contact; position ID | Location |  | Contact; position ID | Location | ,unreviewed
MIL-STD-1560C.pdf,270,1,3, | X-axis; (mm) | Y-axis; (mm) |  | X-axis; (mm) | Y-axis; (mm),unreviewed
MIL-STD-1560C.pdf,270,1,4,1 | -.479 (12.17) | +.279 (7.09) | 65 | +.000 (0.00) | -.047 (1.19),unreviewed
MIL-STD-1560C.pdf,270,1,5,2 | -.520 (13.21) | +.190 (4.83) | 66 | +.000 (0.00) | -.142 (3.61),unreviewed
MIL-STD-1560C.pdf,270,1,6,3 | -.546 (13.87) | +.095 (2.41) | 67 | +.000 (0.00) | -.237 (6.02),unreviewed
MIL-STD-1560C.pdf,270,1,7,4 | -.555 (14.10) | +.000 (0.00) | 68 | +.000 (0.00) | -.332 (8.43),unreviewed
MIL-STD-1560C.pdf,270,1,8,5 | -.546 (13.87) | -.095 (2.41) | 69 | +.000 (0.00) | -.427 (10.85),unreviewed
MIL-STD-1560C.pdf,270,1,9,6 | -.520 (13.21) | -.190 (4.83) | 70 | +.000 (0.00) | -.555 (14.10),unreviewed
MIL-STD-1560C.pdf,270,1,10,7 | -.479 (12.17) | -.279 (7.09) | 71 | +.083 (2.11) | +.475 (12.07),unreviewed
MIL-STD-1560C.pdf,270,1,11,8 | -.424 (10.77) | +.357 (9.07) | 72 | +.083 (2.11) | +.380 (9.65),unreviewed
MIL-STD-1560C.pdf,270,1,12,9 | -.415 (10.54) | +.190 (4.83) | 73 | +.083 (2.11) | +.285 (7.24),unreviewed
MIL-STD-1560C.pdf,270,1,13,10 | -.415 (10.54) | +.095 (2.41) | 74 | +.083 (2.11) | +.190 (4.83),unreviewed
MIL-STD-1560C.pdf,270,1,14,11 | -.415 (10.54) | +.000 (0.00) | 75 | +.083 (2.11) | +.095 (2.41),unreviewed
MIL-STD-1560C.pdf,270,1,15,12 | -.415 (10.54) | -.095 (2.41) | 76 | +.083 (2.11) | +.000 (.00),unreviewed
MIL-STD-1560C.pdf,270,1,16,13 | -.415 (10.54) | -.190 (4.83) | 77 | +.083 (2.11) | -.095 (2.41),unreviewed
MIL-STD-1560C.pdf,270,1,17,14 | -.424 (10.77) | -.357 (9.07) | 78 | +.083 (2.11) | -.190 (4.83),unreviewed
MIL-STD-1560C.pdf,270,1,18,15 | -.332 (8.43) | +.444 (11.28) | 79 | +.083 (2.11) | -.285 (7.24),unreviewed
MIL-STD-1560C.pdf,270,1,19,16 | -.332 (8.43) | +.332 (8.43) | 80 | +.083 (2.11) | -.380 (9.65),unreviewed
MIL-STD-1560C.pdf,270,1,20,17 | -.332 (8.43) | +.237 (6.02) | 81 | +.083 (2.11) | -.475 (12.07),unreviewed
MIL-STD-1560C.pdf,271,1,1,Contacts; (Insert arrangement 24-35) |  |  |  |  | ,unreviewed
MIL-STD-1560C.pdf,271,1,2,Contact; position ID | Location |  | Contact; position ID | Location | ,unreviewed
MIL-STD-1560C.pdf,271,1,3, | X-axis; (mm) | Y-axis; (mm) |  | X-axis; (mm) | Y-axis; (mm),unreviewed
MIL-STD-1560C.pdf,271,1,4,18 | -.332 (8.43) | +.142 (3.61) | 82 | +.160 (4.06) | +.531 (13.49),unreviewed
MIL-STD-1560C.pdf,271,1,5,19 | -.332 (8.43) | +.047 (1.19) | 83 | +.166 (4.22) | +.427 (10.85),unreviewed
MIL-STD-1560C.pdf,271,1,6,20 | -.332 (8.43) | -.047 (1.19) | 84 | +.166 (4.22) | +.332 (8.43),unreviewed
MIL-STD-1560C.pdf,271,1,7,21 | -.332 (8.43) | -.142 (3.61) | 85 | +.166 (4.22) | +.237 (6.02),unreviewed
MIL-STD-1560C.pdf,271,1,8,22 | -.332 (8.43) | -.237 (6.02) | 86 | +.166 (4.22) | +.142 (3.61),unreviewed
MIL-STD-1560C.pdf,271,1,9,23 | -.332 (8.43) | -.332 (8.43) | 87 | +.166 (4.22) | +.047 (1.19),unreviewed
MIL-STD-1560C.pdf,271,1,10,24 | -.332 (8.43) | -.427 (10.85) | 88 | +.166 (4.22) | -.047 (1.19),unreviewed
MIL-STD-1560C.pdf,271,1,11,25 | -.249 (6.32) | +.496 (12.60) | 89 | +.166 (4.22) | -.142 (3.61),unreviewed
MIL-STD-1560C.pdf,271,1,12,26 | -.249 (6.32) | +.380 (9.65) | 90 | +.166 (4.22) | -.237 (6.02),unreviewed
MIL-STD-1560C.pdf,271,1,13,27 | -.249 (6.32) | +.285 (7.24) | 91 | +.166 (4.22) | -.332 (8.43),unreviewed
MIL-STD-1560C.pdf,271,1,14,28 | -.249 (6.32) | +.190 (4.83) | 92 | +.166 (4.22) | -.427 (10.85),unreviewed
MIL-STD-1560C.pdf,271,1,15,29 | -.249 (6.32) | +.095 (2.41) | 93 | +.166 (4.22) | -.522 (13.26),unreviewed
MIL-STD-1560C.pdf,271,1,16,30 | -.249 (6.32) | +.000 (0.00) | 94 | +.249 (6.32) | +.496 (12.60),unreviewed
MIL-STD-1560C.pdf,271,1,17,31 | -.249 (6.32) | -.095 (2.41) | 95 | +.249 (6.32) | +.380 (9.65),unreviewed
MIL-STD-1560C.pdf,271,1,18,32 | -.249 (6.32) | -.190 (4.83) | 96 | +.249 (6.32) | +.285 (7.24),unreviewed
MIL-STD-1560C.pdf,271,1,19,33 | -.249 (6.32) | -.285 (7.24) | 97 | +.249 (6.32) | +.190 (4.83),unreviewed
MIL-STD-1560C.pdf,271,1,20,34 | -.249 (6.32) | -.380 (9.65) | 98 | +.249 (6.32) | +.095 (2.41),unreviewed
MIL-STD-1560C.pdf,271,1,21,35 | -.249 (6.32) | -.475 (12.07) | 99 | +.249 (6.32) | +.000 (0.00),unreviewed
MIL-STD-1560C.pdf,271,1,22,36 | -.160 (4.06) | +.531 (13.49) | 100 | +.249 (6.32) | -.095 (2.41),unreviewed
MIL-STD-1560C.pdf,271,1,23,37 | -.166 (4.22) | +.427 (10.85) | 101 | +.249 (6.32) | -.190 (4.83),unreviewed
MIL-STD-1560C.pdf,271,1,24,38 | -.166 (4.22) | +.332 (8.43) | 102 | +.249 (6.32) | -.285 (7.24),unreviewed
MIL-STD-1560C.pdf,271,1,25,39 | -.166 (4.22) | +.237 (6.02) | 103 | +.249 (6.32) | -.380 (9.65),unreviewed
MIL-STD-1560C.pdf,271,1,26,40 | -.166 (4.22) | +.142 (3.61) | 104 | +.249 (6.32) | -.475 (12.07),unreviewed
MIL-STD-1560C.pdf,271,1,27,41 | -.166 (4.22) | +.047 (1.19) | 105 | +.332 (8.43) | +.444 (11.28),unreviewed
MIL-STD-1560C.pdf,271,1,28,42 | -.166 (4.22) | -.047 (1.19) | 106 | +.332 (8.43) | +.332 (8.43),unreviewed
MIL-STD-1560C.pdf,271,1,29,43 | -.166 (4.22) | -.142 (3.61) | 107 | +.332 (8.43) | +.237 (6.02),unreviewed
MIL-STD-1560C.pdf,271,1,30,44 | -.166 (4.22) | -.237 (6.02) | 108 | +.332 (8.43) | +.142 (3.61),unreviewed
MIL-STD-1560C.pdf,271,1,31,45 | -.166 (4.22) | -.332 (8.43) | 109 | +.332 (8.43) | +.047 (1.19),unreviewed
MIL-STD-1560C.pdf,271,1,32,46 | -.166 (4.22) | -.427 (10.85) | 110 | +.332 (8.43) | -.047 (1.19),unreviewed
MIL-STD-1560C.pdf,271,1,33,47 | -.166 (4.22) | -.522 (13.26) | 111 | +.332 (8.43) | -.142 (3.61),unreviewed
MIL-STD-1560C.pdf,271,1,34,48 | -.083 (2.11) | +.475 (12.07) | 112 | +.332 (8.43) | -.237 (6.02),unreviewed
MIL-STD-1560C.pdf,271,1,35,49 | -.083 (2.11) | +.380 (9.65) | 113 | +.332 (8.43) | -.332 (8.43),unreviewed
MIL-STD-1560C.pdf,271,1,36,50 | -.083 (2.11) | +.285 (7.24) | 114 | +.332 (8.43) | -.427 (10.85),unreviewed
MIL-STD-1560C.pdf,271,1,37,51 | -.083 (2.11) | +.190 (4.83) | 115 | +.424 (10.77) | +.357 (9.07),unreviewed
MIL-STD-1560C.pdf,271,1,38,52 | -.083 (2.11) | +.095 (2.41) | 116 | +.415 (10.54) | +.190 (4.83),unreviewed
MIL-STD-1560C.pdf,271,1,39,53 | -.083 (2.11) | +.000 (0.00) | 117 | +.415 (10.54) | +.095 (2.41),unreviewed
MIL-STD-1560C.pdf,272,1,1,Contacts; (Insert arrangement 24-35) |  |  |  |  | ,unreviewed
MIL-STD-1560C.pdf,272,1,2,Contact; position ID | Location |  | Contact; position ID | Location | ,unreviewed
MIL-STD-1560C.pdf,272,1,3, | X-axis; (mm) | Y-axis; (mm) |  | X-axis; (mm) | Y-axis; (mm),unreviewed
MIL-STD-1560C.pdf,272,1,4,54 | -.083 (2.11) | -.095 (2.41) | 118 | +.415 (10.54) | +.000 (0.00),unreviewed
MIL-STD-1560C.pdf,272,1,5,55 | -.083 (2.11) | -.190 (4.83) | 119 | +.415 (10.54) | -.095 (2.41),unreviewed
MIL-STD-1560C.pdf,272,1,6,56 | -.083 (2.11) | -.285 (7.24) | 120 | +.415 (10.54) | -.190 (4.83),unreviewed
MIL-STD-1560C.pdf,272,1,7,57 | -.083 (2.11) | -.380 (9.65) | 121 | +.424 (10.77) | -.357 (9.07),unreviewed
MIL-STD-1560C.pdf,272,1,8,58 | -.083 (2.11) | -.475 (12.07) | 122 | +.479 (12.17) | +.279 (7.09),unreviewed
MIL-STD-1560C.pdf,272,1,9,59 | +.000 (0.00) | +.522 (13.26) | 123 | +.520 (13.21) | +.190 (4.83),unreviewed
MIL-STD-1560C.pdf,272,1,10,60 | +.000 (0.00) | +.427 (10.85) | 124 | +.546 (13.87) | +.095 (2.41),unreviewed
MIL-STD-1560C.pdf,272,1,11,61 | +.000 (0.00) | +.332 (8.43) | 125 | +.555 (14.10) | +.000 (.00),unreviewed
MIL-STD-1560C.pdf,272,1,12,62 | +.000 (0.00) | +.237 (6.02) | 126 | +.546 (13.87) | -.095 (2.41),unreviewed
MIL-STD-1560C.pdf,272,1,13,63 | +.000 (0.00) | +.142 (3.61) | 127 | +.520 (13.21) | -.190 (4.83),unreviewed
MIL-STD-1560C.pdf,272,1,14,64 | +.000 (0.00) | +.047 (1.19) | 128 | +.479 (12.17) | -.279 (7.09),unreviewed
MIL-STD-1560C.pdf,272,2,1,Shell; size | Arrangement; no. | Number of; contacts | Size; contacts | Service; rating | Contact; location | Supersedes,unreviewed
MIL-STD-1560C.pdf,272,2,2,24 | -35 | 128 | 22D | M | All | MS27524-35,unreviewed
MIL-STD-1560C.pdf,273,1,1,Contacts; (Insert arrangement 24-61) |  |  |  |  | ,unreviewed
MIL-STD-1560C.pdf,273,1,2,Contact; position ID | Location |  | Contact; position ID | Location | ,unreviewed
MIL-STD-1560C.pdf,273,1,3, | X-axis; (mm) | Y-axis; (mm) |  | X-axis; (mm) | Y-axis; (mm),unreviewed
MIL-STD-1560C.pdf,273,1,4,A | +.196 (4.98) | +.500 (12.70) | i | +.251 (6.38) | -.314 (7.98),unreviewed
MIL-STD-1560C.pdf,273,1,5,B | +.314 (7.98) | +.435 (11.05) | J | +.133 (3.38) | -.379 (9.63),unreviewed
MIL-STD-1560C.pdf,273,1,6,C | +.413 (10.49) | +.343 (8.71) | k | +.000 (0.00) | -.402 (10.21),unreviewed
MIL-STD-1560C.pdf,273,1,7,D | +.485 (12.32) | +.230 (5.84) | m | -.133 (3.38) | -.379 (9.63),unreviewed
MIL-STD-1560C.pdf,273,1,8,E | +.527 (13.39) | +.101 (2.57) | n | -.251 (6.38) | -.314 (7.98),unreviewed
MIL-STD-1560C.pdf,273,1,9,F | +.536 (13.61) | -.030 (0.76) | p | -.341 (8.66) | -.213 (5.41),unreviewed
MIL-STD-1560C.pdf,273,1,10,G | +.511 (12.98) | -.164 (4.17) | q | -.392 (9.96) | -.088 (2.24),unreviewed
MIL-STD-1560C.pdf,273,1,11,H | +.454 (11.53) | -.287 (7.29) | r | -.399 (10.13) | +.046 (1.17),unreviewed
MIL-STD-1560C.pdf,273,1,12,J | +.368 (9.35) | -.391 (9.93) | s | -.362 (9.19) | +.175 (4.45),unreviewed
MIL-STD-1560C.pdf,273,1,13,K | +.259 (6.58) | -.470 (11.94) | t | -.285 (7.24) | +.283 (7.19),unreviewed
MIL-STD-1560C.pdf,273,1,14,L | +.134 (3.40) | -.519 (13.18) | u | -.173 (4.39) | +.363 (9.22),unreviewed
MIL-STD-1560C.pdf,273,1,15,M | +.000 (0.00) | -.537 (13.64) | v | +.000 (0.00) | +.338 (8.59),unreviewed
MIL-STD-1560C.pdf,273,1,16,N | -.134 (3.40) | -.519 (13.18) | w | +.147 (3.73) | +.223 (5.66),unreviewed
MIL-STD-1560C.pdf,273,1,17,P | -.259 (6.58) | -.470 (11.94) | x | +.237 (6.02) | +.122 (3.10),unreviewed
MIL-STD-1560C.pdf,273,1,18,R | -.368 (9.35) | -.391 (9.93) | y | +.267 (6.78) | -.010 (0.25),unreviewed
MIL-STD-1560C.pdf,273,1,19,S | -.454 (11.53) | -.287 (7.29) | z | +.228 (5.79) | -.139 (3.53),unreviewed
MIL-STD-1560C.pdf,273,1,20,T | -.511 (12.98) | -.164 (4.17) | AA | +.131 (3.33) | -.233 (5.92),unreviewed
MIL-STD-1560C.pdf,274,1,1,Contacts; (Insert arrangement 24-61) |  |  |  |  | ,unreviewed
MIL-STD-1560C.pdf,274,1,2,Contact; position ID | Location |  | Contact; position ID | Location | ,unreviewed
MIL-STD-1560C.pdf,274,1,3, | X-axis; (mm) | Y-axis; (mm) |  | X-axis; (mm) | Y-axis; (mm),unreviewed
MIL-STD-1560C.pdf,274,1,4,U | -.536 (13.61) | -.030 (.76) | BB | +.000 (.00) | -.267 (6.78),unreviewed
MIL-STD-1560C.pdf,274,1,5,V | -.527 (13.39) | +.101 (2.57) | CC | -.131 (3.33) | -.233 (5.92),unreviewed
MIL-STD-1560C.pdf,274,1,6,W | -.485 (12.32) | +.230 (5.84) | DD | -.228 (5.79) | -.139 (3.53),unreviewed
MIL-STD-1560C.pdf,274,1,7,X | -.413 (10.49) | +.343 (8.71) | EE | -.267 (6.78) | -.010 (0.25),unreviewed
MIL-STD-1560C.pdf,274,1,8,Y | -.314 (7.98) | +.435 (11.05) | FF | -.237 (6.02) | +.122 (3.10),unreviewed
MIL-STD-1560C.pdf,274,1,9,Z | -.196 (4.98) | +.500 (12.70) | GG | -.147 (3.73) | +.223 (5.66),unreviewed
MIL-STD-1560C.pdf,274,1,10,a | -.068 (1.73) | +.454 (11.53) | HH | +.000 (0.00) | +.200 (5.08),unreviewed
MIL-STD-1560C.pdf,274,1,11,b | +.068 (1.73) | +.454 (11.53) | JJ | +.105 (2.67) | +.094 (2.39),unreviewed
MIL-STD-1560C.pdf,274,1,12,c | +.173 (4.39) | +.363 (9.22) | KK | +.135 (3.43) | -.041 (1.04),unreviewed
MIL-STD-1560C.pdf,274,1,13,d | +.285 (7.24) | +.283 (7.19) | LL | +.000 (0.00) | -.132 (3.35),unreviewed
MIL-STD-1560C.pdf,274,1,14,e | +.362 (9.19) | +.175 (4.45) | MM | -.135 (3.43) | -.041 (1.04),unreviewed
MIL-STD-1560C.pdf,274,1,15,f | +.399 (10.13) | +.046 (1.17) | NN | -.105 (2.67) | +.094 (2.39),unreviewed
MIL-STD-1560C.pdf,274,1,16,g | +.392 (9.96) | -.088 (2.24) | PP | +.000 (0.00) | +.000 (0.00),unreviewed
MIL-STD-1560C.pdf,274,1,17,h | +.341 (8.66) | -.213 (5.41) | --- | --- | ---,unreviewed
MIL-STD-1560C.pdf,274,2,1,Shell; size | Arrangement; no. | Number of; contacts | Size; contacts | Service; rating | Contact; location | Supersedes,unreviewed
MIL-STD-1560C.pdf,274,2,2,24 | -61 | 61 | 20 | I | All | MS27351-; 61,unreviewed
MIL-DTL-38999-10.pdf,1,1,1,INCH - POUND | ,unreviewed
MIL-DTL-38999-10.pdf,1,1,2,MIL-DTL-38999/10B; w/AMENDMENT 2; 11 August 2022; SUPERSEDING; MIL-DTL-38999/10B; w/AMENDMENT 1; 20 October 2017 | ,unreviewed
MIL-DTL-38999-10.pdf,2,1,1,Dimensions |  |  |  |  | ,unreviewed
MIL-DTL-38999-10.pdf,2,1,2,Shell; size | R; BSC | S; max | T; dia; +.010; -.005 | X; (TYP) | Y; (TYP),unreviewed
MIL-DTL-38999-10.pdf,2,1,3,8 | .297 | .828 | .120 | 82° | 118°,unreviewed
MIL-DTL-38999-10.pdf,2,1,4,10 | .3595 | .954 |  | 72° | 128°,unreviewed
MIL-DTL-38999-10.pdf,2,1,5,12 | .406 | 1.047 |  | 68° | 132°,unreviewed
MIL-DTL-38999-10.pdf,2,1,6,14 | .453 | 1.141 |  | 66° | 134°,unreviewed
MIL-DTL-38999-10.pdf,2,1,7,16 | .4845 | 1.234 |  | 70° | 130°,unreviewed
MIL-DTL-38999-10.pdf,2,1,8,18 | .531 | 1.328 |  | 70° | 130°,unreviewed
MIL-DTL-38999-10.pdf,2,1,9,20 | .578 | 1.453 |  | 70° | 130°,unreviewed
MIL-DTL-38999-10.pdf,2,1,10,22 | .625 | 1.578 |  | 74° | 126°,unreviewed
MIL-DTL-38999-10.pdf,2,1,11,24 | .6875 | 1.703 | .147 | 74° | 126°,unreviewed
MIL-DTL-38999-20.pdf,2,1,1,"Shell; size | Shell; size; code | M; max, (see; note 5) | P; ± 0.20 | PP; ± 0.20 | R1; (see note 3) | R2; (see note 4) | S; ± 0.3",unreviewed
MIL-DTL-38999-20.pdf,2,1,2,9 | A | 5.80; (.228) | 3.25 (.128) | 5.49 (.216) | 18.26 (.719) | 15.09 (.594) | 23.8 (.937),unreviewed
MIL-DTL-38999-20.pdf,2,1,3,11 | B |  | 3.25 (.128) | 4.93 (.194) | 20.62 (.812) | 18.26 (.719) | 26.2 (1.031),unreviewed
MIL-DTL-38999-20.pdf,2,1,4,13 | C |  | 3.25 (.128) | 4.93 (.194) | 23.01 (.906) | 20.62 (.812) | 28.6 (1.126),unreviewed
MIL-DTL-38999-20.pdf,2,1,5,15 | D |  | 3.25 (.128) | 4.39 (.173) | 24.61 (.969) | 23.01 (.906) | 31.0 (1.220),unreviewed
MIL-DTL-38999-20.pdf,2,1,6,17 | E |  | 3.25 (.128) | 4.93 (.194) | 26.97 (1.062) | 24.61 (.969) | 33.3 (1.311),unreviewed
MIL-DTL-38999-20.pdf,2,1,7,19 | F |  | 3.25 (.128) | 4.93 (.194) | 29.36 (1.156) | 26.97 (1.062) | 36.5 (1.437),unreviewed
MIL-DTL-38999-20.pdf,2,1,8,21 | G | 5.00; (.197) | 3.25 (.128) | 4.93 (.194) | 31.75 (1.250) | 29.36(1.156) | 39.7 (1.563),unreviewed
MIL-DTL-38999-20.pdf,2,1,9,23 | H |  | 3.91 (.154) | 6.15 (.242) | 34.93 (1.375) | 31.75 (1.250) | 42.9 (1.689),unreviewed
MIL-DTL-38999-20.pdf,2,1,10,25 | J |  | 3.91 (.154) | 6.15 (.242) | 38.10 (1.500) | 34.93 (1.375) | 46.0 (1.811),unreviewed
MIL-DTL-38999-20.pdf,2,2,1,"Shell; size | Shell; size; code | V; + 0.00; - 1.25 | V’; + 1.4; - 0.0 | W | W’ | Z; max | Z’ max | External bending; moment, minimum,; classes J and M; (N–m)",unreviewed
MIL-DTL-38999-20.pdf,2,2,2,9 | A | 20.83 | 19.5 | 2.5/2.1 | 3.65/2.1 | 31.5 (1.240) | 32.0 (1.260) | 8.865,unreviewed
MIL-DTL-38999-20.pdf,2,2,3,11 | B | 20.83 | 19.5 | 2.5/2.1 | 3.65/2.1 | 31.5 (1.240) | 32.0 (1.260) | 29.492,unreviewed
MIL-DTL-38999-20.pdf,2,2,4,13 | C | 20.83 | 19.5 | 2.5/2.1 | 3.65/2.1 | 31.5 (1.240) | 32.0 (1.260) | 34.485,unreviewed
MIL-DTL-38999-20.pdf,2,2,5,15 | D | 20.83 | 19.5 | 2.5/2.1 | 3.65/2.1 | 31.5 (1.240) | 32.0 (1.260) | 40.566,unreviewed
MIL-DTL-38999-20.pdf,2,2,6,17 | E | 20.83 | 19.5 | 2.5/2.1 | 3.65/2.1 | 31.5 (1.240) | 32.0 (1.260) | 50.781,unreviewed
MIL-DTL-38999-20.pdf,2,2,7,19 | F | 20.83 | 19.5 | 2.5/2.1 | 3.65/2.1 | 31.5 (1.240) | 32.0 (1.260) | 51.450,unreviewed
MIL-DTL-38999-20.pdf,2,2,8,21 | G | 20.07 | 18.7 | 3.2/2.1 | 4.35/2.1 | 31.5 (1.240) | 32.0 (1.260) | 80.941,unreviewed
MIL-DTL-38999-20.pdf,2,2,9,23 | H | 20.07 | 18.7 | 3.2/2.1 | 4.35/2.1 | 31.5 (1.240) | 32.0 (1.260) | 69.810,unreviewed
MIL-DTL-38999-20.pdf,2,2,10,25 | J | 20.07 | 18.7 | 3.2/2.1 | 4.35/2.1 | 31.5 (1.240) | 32.0 (1.260) | 91.310,unreviewed
MIL-DTL-38999-20.pdf,4,1,1,Shell Size | 𝑀𝑀 𝑀𝑀; 𝛼𝛼 ൬ ൰; 𝑦𝑦𝑦𝑦𝑦𝑦; 𝑁𝑁∗𝑚𝑚 | 𝜎𝜎 (𝑁𝑁∗𝑚𝑚); 𝑟𝑟,unreviewed
MIL-DTL-38999-20.pdf,4,1,2,9 | 25.362 | 0.391,unreviewed
MIL-DTL-38999-20.pdf,4,1,3,11 | 7.540 | 1.494,unreviewed
MIL-DTL-38999-20.pdf,4,1,4,13 | 6.610 | 1.213,unreviewed
MIL-DTL-38999-20.pdf,4,1,5,15 | 4.620 | 5.636,unreviewed
MIL-DTL-38999-20.pdf,4,1,6,17 | 4.386 | 2.527,unreviewed
MIL-DTL-38999-20.pdf,4,1,7,19 | 4.165 | 3.642,unreviewed
MIL-DTL-38999-20.pdf,4,1,8,21 | 2.686 | 5.116,unreviewed
MIL-DTL-38999-20.pdf,4,1,9,23 | 2.669 | 9.902,unreviewed
MIL-DTL-38999-20.pdf,4,1,10,25 | 2.270 | 8.022,unreviewed
MIL-DTL-38999-21.pdf,2,1,1,Shell; size | Shell; size; code | P; ± .20 | PP; ± .20 | R1; (see note 3) | R2; (see note 4) | S; ± .3 | V; max,unreviewed
MIL-DTL-38999-21.pdf,2,1,2,9 | A | 3.25; (.128) | 5.49; (.216) | 18.26; (.719) | 15.09; (.594) | 23.8; (.937) | 21.4; (.843),unreviewed
MIL-DTL-38999-21.pdf,2,1,3,11 | B | 3.25; (.128) | 4.93; (.194) | 20.62; (.812) | 18.26; (.719) | 26.2; (1.031) | 21.4; (.843),unreviewed
MIL-DTL-38999-21.pdf,2,1,4,13 | C | 3.25; (.128) | 4.93; (.194) | 23.01; (.906) | 20.62; (.812) | 28.6; (1.126) | 21.4; (.843),unreviewed
MIL-DTL-38999-21.pdf,2,1,5,15 | D | 3.25; (.128) | 4.39; (.173) | 24.61; (.969) | 23.01; (.906) | 31.0; (1.220) | 21.4; (.843),unreviewed
MIL-DTL-38999-21.pdf,2,1,6,17 | E | 3.25; (.128) | 4.93; (.194) | 26.97; (1.062) | 24.61; (.969) | 33.3; (1.311) | 21.4; (.843),unreviewed
MIL-DTL-38999-21.pdf,2,1,7,19 | F | 3.25; (.128) | 4.93; (.194) | 29.36; (1.156) | 26.97; (1.062) | 36.5; (1.437) | 21.4; (.843),unreviewed
MIL-DTL-38999-21.pdf,2,1,8,21 | G | 3.25; (.128) | 4.93; (.194) | 31.75; (1.250) | 29.36; (1.156) | 39.7; (1.563) | 21.4; (.843),unreviewed
MIL-DTL-38999-21.pdf,2,1,9,23 | H | 3.91; (.154) | 6.15; (.242) | 34.93; (1.375) | 31.75; (1.250) | 42.9; (1.689) | 21.4; (.843),unreviewed
MIL-DTL-38999-21.pdf,2,1,10,25 | J | 3.91; (.154) | 6.15; (.242) | 38.10; (1.500) | 34.93; (1.375) | 46.0; (1.811) | 21.4; (.843),unreviewed
MIL-DTL-38999-22.pdf,2,1,1,Dimensions |  |  |  |  | ,unreviewed
MIL-DTL-38999-22.pdf,2,1,2,Shell; size | Shell size; code | P; ± .20 | PP; ± .20 | R1; (see note 4) | R2; (see note 5),unreviewed
MIL-DTL-38999-22.pdf,2,1,3,9 | A; (see note 8) | 3.25; (.128) | 5.49; (.216) | 18.26; (.719) | 15.09; (.594),unreviewed
MIL-DTL-38999-22.pdf,2,1,4,9 | A1; (see note 6) | 3.25; (.128) | 5.49; (.216) | 18.26; (.719) | 15.09; (.594),unreviewed
MIL-DTL-38999-22.pdf,2,1,5,9 | A2; (see note 7) | 3.25; (.128) | 5.49; (.216) | 18.26; (.719) | 15.09; (.594),unreviewed
MIL-DTL-38999-22.pdf,2,1,6,11 | B | 3.25; (.128) | 4.93; (.194) | 20.62; (.812) | 18.26; (.719),unreviewed
MIL-DTL-38999-22.pdf,2,1,7,13 | C | 3.25; (.128) | 4.93; (.194) | 23.01; (.906) | 20.62; (.812),unreviewed
MIL-DTL-38999-22.pdf,2,1,8,15 | D | 3.25; (.128) | 4.39; (.173) | 24.61; (.969) | 23.01; (.906),unreviewed
MIL-DTL-38999-22.pdf,2,1,9,17 | E | 3.25; (.128) | 4.93; (.194) | 26.97; (1.062) | 24.61; (.969),unreviewed
MIL-DTL-38999-22.pdf,2,1,10,19 | F | 3.25; (.128) | 4.93; (.194) | 29.36; (1.156) | 26.97; (1.062),unreviewed
MIL-DTL-38999-22.pdf,2,1,11,21 | G | 3.25; (.128) | 4.93; (.194) | 31.75; (1.250) | 29.36; (1.156),unreviewed
MIL-DTL-38999-22.pdf,2,1,12,23 | H | 3.91; (.154) | 6.15; (.242) | 34.93; (1.375) | 31.75; (1.250),unreviewed
MIL-DTL-38999-22.pdf,2,1,13,25 | J | 3.91; (.154) | 6.15; (.242) | 38.10; (1.500) | 34.93; (1.375),unreviewed
MIL-DTL-38999-22.pdf,3,1,1,Dimensions |  |  |  |  |  | ,unreviewed
MIL-DTL-38999-22.pdf,3,1,2,Shell; size | Shell; size; code | S; ± .3 | V; + 0.00; - 0.13 | V’; + 1.4; - 0.0 | W; ± .3 | W’,unreviewed
MIL-DTL-38999-22.pdf,3,1,3,9 | A; (see note 8) | 23.8; (.937) | 20.83; (.820) | 19.5; (.768) | 2.5; (.098) | 3.65 (.144); 2.2 (.087),unreviewed
MIL-DTL-38999-22.pdf,3,1,4,9 | A1; (see note 6) | 23.8; (.937) | 20.83; (.820) | 19.5; (.768) | 2.5; (.098) | 3.65 / 2.2; (.144 /.087),unreviewed
MIL-DTL-38999-22.pdf,3,1,5,9 | A2; (see note 7) | 23.8; (.937) | 20.83; (.820) | 19.5; (.768) | 2.5; (.098) | 3.65 / 2.2; (.144 /.087),unreviewed
MIL-DTL-38999-22.pdf,3,1,6,11 | B | 26.2; (1.031) | 20.83; (.820) | 19.5; (.768) | 2.5; (.098) | 3.65 / 2.2; (.144 /.087),unreviewed
MIL-DTL-38999-22.pdf,3,1,7,13 | C | 28.6; (1.126) | 20.83; (.820) | 19.5; (.768) | 2.5; (.098) | 3.65 / 2.2; (.144 /.087),unreviewed
MIL-DTL-38999-22.pdf,3,1,8,15 | D | 31.0; (1.220) | 20.83; (.820) | 19.5; (.768) | 2.5; (.098) | 3.65 / 2.2; (.144 /.087),unreviewed
MIL-DTL-38999-22.pdf,3,1,9,17 | E | 33.3; (1.311) | 20.83; (.820) | 19.5; (.768) | 2.5; (.098) | 3.65 / 2.2; (.144 /.087),unreviewed
MIL-DTL-38999-22.pdf,3,1,10,19 | F | 36.5; (1.437) | 20.83; (.820) | 19.5; (.768) | 2.5; (.098) | 3.65 / 2.2; (.144 /.087),unreviewed
MIL-DTL-38999-22.pdf,3,1,11,21 | G | 39.7; (1.563) | 20.07; (.790) | 18.7; (.736) | 3.2; (.126) | 4.35 / 2.9; (.171 / .114),unreviewed
MIL-DTL-38999-22.pdf,3,1,12,23 | H | 42.9; (1.689) | 20.07; (.790) | 18.7; (.736) | 3.2; (.126) | 4.35 / 2.9; (.171 / .114),unreviewed
MIL-DTL-38999-22.pdf,3,1,13,25 | J | 46.0; (1.811) | 20.07; (.790) | 18.7; (.736) | 3.2; (.126) | 4.35 / 2.9; (.171 / .114),unreviewed
MIL-DTL-38999-22.pdf,7,1,1,Shell; size | Shell; size code | A; dia | B; dia,unreviewed
MIL-DTL-38999-22.pdf,7,1,2,11 | B | 15.88/15.60 (.625/.614) | 14.66/14.45 (.577/.569),unreviewed
MIL-DTL-38999-22.pdf,7,1,3,13 | C | 19.66/19.38 (.774/.763) | 17.50/17.30 (.689/.681),unreviewed
MIL-DTL-38999-22.pdf,7,1,4,15 | D | 22.84/22.56 (.899/.888) | 20.65/20.44 (.813/.805),unreviewed
MIL-DTL-38999-22.pdf,8,1,1,Shell; size | Shell; size code | A; dia | B; dia,unreviewed
MIL-DTL-38999-22.pdf,8,1,2,17 | E | 26.01/25.73 (1.024/1.013) | 23.85/23.64 (.939/.930),unreviewed
MIL-DTL-38999-22.pdf,8,1,3,19 | F | 28.63/28.40 (1.127/1.118) | 26.55/26.31 (1.045/1.036),unreviewed
MIL-DTL-38999-22.pdf,8,1,4,21 | G | 31.85/31.57 (1.254/1.243) | 29.70/29.49 (1.169/1.161),unreviewed
MIL-DTL-38999-22.pdf,8,1,5,23 | H | 35.03/34.75 (1.379/1.368) | 32.85/32.66 (1.293/1.286),unreviewed
MIL-DTL-38999-22.pdf,8,1,6,25 | J | 38.20/37.92 (1.504/1.493) | 36.00/35.84 (1.417/1.411),unreviewed
MIL-DTL-38999-22.pdf,9,1,1,Lot size | Sampling size,unreviewed
MIL-DTL-38999-22.pdf,9,1,2,"1 to 13; 14 to 150; 151 to 280; 281 to 500; 501 to 1,200; 1,201 to 3,200; 3,201 and up | 100 percent; 13 units; 20 units; 29 units; 34 units; 42 units; 54 units",unreviewed
MIL-DTL-38999-23.pdf,2,1,1,Shell; size | Shell; size; code | A; dia; ± .3 | B C; flat dia; + .10 + .1; - .15 - .2 | D E; + .13 dia; - .03 ± .3 | F; dia; max | G; thread,unreviewed
MIL-DTL-38999-23.pdf,2,1,2,9 | A | 30.2; (1.189) | 16.53 17.4 (.685); (.651) | 2.39 15.3; (.094) (.602) | 15.9; (.626) | M17X1-6g 0.100R,unreviewed
MIL-DTL-38999-23.pdf,2,1,3,11 | B | 34.9; (1.374) | 19.07 20.6 (.811); (.751) | 2.39 18.4; (.094) (.724) | 18.8; (.740) | M20X1-6g 0.100R,unreviewed
MIL-DTL-38999-23.pdf,2,1,4,13 | C | 38.1; (1.500) | 23.82 25.4 (1.000); (.938) | 2.39 21.6; (.094) (.850) | 23.8; (.937) | M25X1-6g 0.100R,unreviewed
MIL-DTL-38999-23.pdf,2,1,5,15 | D | 41.3; (1.626) | 26.97 28.5; (1.062) (1.122) | 2.39 24.8; (.094) (.976) | 26.8; (1.055) | M28X1-6g 0.100R,unreviewed
MIL-DTL-38999-23.pdf,2,1,6,17 | E | 44.5; (1.752) | 30.15 See note 6; (1.187) | 2.39 28.0; (.094) (1.102) | 30.8; (1.213) | M32X1-6g 0.100R; (see note 2),unreviewed
MIL-DTL-38999-23.pdf,2,1,7,19 | F | 49.2; (1.937) | 33.32 See note 6; (1.312) | 3.58 31.2; (.141) (1.228) | 33.8; (1.331) | M35X1-6g 0.100R,unreviewed
MIL-DTL-38999-23.pdf,2,1,8,21 | G | 52.4; (2.063) | 36.50 See note 6; (1.437) | 3.58 34.3; (.141) (1.350) | 36.8; (1.449) | M38X1-6g 0.100R,unreviewed
MIL-DTL-38999-23.pdf,2,1,9,23 | H | 55.6; (2.189) | 39.67 41.2; (1.562) (1.622) | 3.58 37.5; (.141) (1.476) | 39.8; (1.567) | M41X1-6g 0.100R,unreviewed
MIL-DTL-38999-23.pdf,2,1,10,25 | J | 58.7; (2.311) | 42.85 44.4; (1.687) (1.748) | 3.58 40.7; (.141) (1.602) | 42.8; (1.685) | M44X1-6g 0.100R,unreviewed
MIL-DTL-38999-23.pdf,3,1,1,Shell; size | Shell; size; code | H; ± .13 | J; + .0; - .71 | K max |  | L; max,unreviewed
MIL-DTL-38999-23.pdf,3,1,2, |  |  |  | with; pin | with; socket | ,unreviewed
MIL-DTL-38999-23.pdf,3,1,3,9 | A | 1.14; (.045) | 1.5; (.059) | 5.3; (.209) | 5.9; (.232) | 9.1; (.358),unreviewed
MIL-DTL-38999-23.pdf,3,1,4,11 | B | 1.14; (.045) | 1.5; (.059) | 5.3; (.209) | 5.9; (.232) | 9.1; (.358),unreviewed
MIL-DTL-38999-23.pdf,3,1,5,13 | C | 1.14; (.045) | 1.5; (.059) | 5.1; (.201) | 5.7; (.224) | 9.1; (.358),unreviewed
MIL-DTL-38999-23.pdf,3,1,6,15 | D | 1.14; (.045) | 1.5; (.059) | 5.1; (.201) | 5.7; (.224) | 9.1; (.358),unreviewed
MIL-DTL-38999-23.pdf,3,1,7,17 | E | 1.14; (.045) | --- | 5.1; (.201) | 5.7; (.224) | 9.1; (.358),unreviewed
MIL-DTL-38999-23.pdf,3,1,8,19 | F | 1.91; (.075) | --- | 5.1; (.201) | 5.7; (.224) | 9.7; (.382),unreviewed
MIL-DTL-38999-23.pdf,3,1,9,21 | G | 1.91; (.075) | --- | 5.1; (.201) | 5.7; (.224) | 9.7; (.382),unreviewed
MIL-DTL-38999-23.pdf,3,1,10,23 | H | 1.91; (.075) | 1.5; (.059) | 5.1; (.201) | 5.7; (.224) | 9.7; (.382),unreviewed
MIL-DTL-38999-23.pdf,3,1,11,25 | J | 1.91; (.075) | 1.5; (.059) | 5.1; (.201) | 5.7; (.224) | 9.7; (.382),unreviewed
MIL-DTL-38999-23.pdf,4,1,1,"Shell; size | Shell; size; code | M; dia; +.3, -.0 | P; +.4; -.1 | S; ±.4 | W; +.3; -.1 | Z; max | O-ring; part number M25988/3; (see note 5)",unreviewed
MIL-DTL-38999-23.pdf,4,1,2,9 | A | 16.3; (.642) | 14.1; (.555) | 27.0; (1.063) | 2.6; (.102) | 29.2; (1.150) | -019,unreviewed
MIL-DTL-38999-23.pdf,4,1,3,11 | B | 19.4; (.764) | 14.1; (.555) | 31.8; (1.252) | 2.6; (.102) | 29.2; (1.150) | -022,unreviewed
MIL-DTL-38999-23.pdf,4,1,4,13 | C | 22.7; (.894) | 14.3; (.563) | 34.9; (1.374) | 2.6; (.102) | 29.3; (1.154) | -024,unreviewed
MIL-DTL-38999-23.pdf,4,1,5,15 | D | 25.9; (1.020) | 14.3; (.563) | 38.1; (1.500) | 2.6; (.102) | 29.3; (1.154) | -026,unreviewed
MIL-DTL-38999-23.pdf,4,1,6,17 | E | 29.0; (1.142) | 14.3; (.563) | 41.3; (1.626) | 2.6; (.102) | 29.3; (1.154) | -028,unreviewed
MIL-DTL-38999-23.pdf,4,1,7,19 | F | 32.2; (1.268) | 14.3; (.563) | 46.0; (1.811) | 3.4; (.134) | 30.1; (1.185) | -128,unreviewed
MIL-DTL-38999-23.pdf,4,1,8,21 | G | 35.4; (1.394) | 14.3; (.563) | 49.2; (1.937) | 3.4; (.134) | 30.1; (1.185) | -130,unreviewed
MIL-DTL-38999-23.pdf,4,1,9,23 | H | 38.6; (1.520) | 14.3; (.563) | 52.4; (2.063) | 3.4; (.134) | 30.1; (1.185) | -132,unreviewed
MIL-DTL-38999-23.pdf,4,1,10,25 | J | 41.7; (1.642) | 14.3; (.563) | 55.6; (2.189) | 3.4; (.134) | 30.1; (1.185) | -134,unreviewed
MIL-DTL-38999-24.pdf,3,1,1,Shell; size | Shell; size; code | A; dia; ± 0.3 | B; flat; + 0.10; - 0.15 | C; dia; + 0.1; - 0.2 | D; + 0.13; - 0.03 | E; ± 0.13 | F; dia; max,unreviewed
MIL-DTL-38999-24.pdf,3,1,2,9 | A | 30.2; (1.189) | 16.53; (.651) | 17.4; (.685) | 2.39; (.094) | 1.14; (.045) | 15.9; (.626),unreviewed
MIL-DTL-38999-24.pdf,3,1,3,11 | B | 34.9; (1.374) | 19.07; (.751) | 20.6; (.811) | 2.39; (.094) | 1.14; (.045) | 18.8; (.740),unreviewed
MIL-DTL-38999-24.pdf,3,1,4,13 | C | 38.1; (1.500) | 23.82; (.938) | 25.4; (1.000) | 2.39; (.094) | 1.14; (.045) | 23.8; (.937),unreviewed
MIL-DTL-38999-24.pdf,3,1,5,15 | D | 41.3; (1.626) | 26.97; (1.062) | 28.5; (1.122) | 2.39; (.094) | 1.14; (.045) | 26.8; (1.055),unreviewed
MIL-DTL-38999-24.pdf,3,1,6,17 | E | 44.5; (1.752) | 30.15; (1.187) | --- | 2.39; (.094) | 1.14; (.045) | 30.8; (1.213),unreviewed
MIL-DTL-38999-24.pdf,3,1,7,19 | F | 49.2; (1.937) | 33.32; (1.312) | --- | 3.58; (.141) | 1.91; (.075) | 33.8; (1.331),unreviewed
MIL-DTL-38999-24.pdf,3,1,8,21 | G | 52.4; (2.063) | 36.50; (1.437) | --- | 3.58; (.141) | 1.91; (.075) | 36.8; (1.449),unreviewed
MIL-DTL-38999-24.pdf,3,1,9,23 | H | 55.6; (2.189) | 39.67; (1.562) | 41.2; (1.622) | 3.58; (.141) | 1.91; (.075) | 39.8; (1.567),unreviewed
MIL-DTL-38999-24.pdf,3,1,10,25 | J | 58.7; (2.311) | 42.85; (1.687) | 44.4; (1.748) | 3.58; (.141) | 1.91; (.075) | 42.8; (1.685),unreviewed
MIL-DTL-38999-24.pdf,4,1,1,Shell; size | Shell; size; code | G; thread | J; + 0.0; - 0.71 | P; + 0.6; - 0.0 | S; ± 0.4 | W; + 0.9; - 0.1 | O-ring; PIN; M25988/3; (see note 4) | External bending; moment; classes J and M; (Newton–Meters),unreviewed
MIL-DTL-38999-24.pdf,4,1,2,9 | A | M17x1-6g 0.100R | 1.5; (.059) | 14.1; (.555) | 27.0; (1.063) | 2.2; (.087) | -019 | 8.5,unreviewed
MIL-DTL-38999-24.pdf,4,1,3,11 | B | M20x1-6g 0.100R | 1.5; (.059) | 14.1; (.555) | 31.8; (1.252) | 2.2; (.087) | -022 | 14.1,unreviewed
MIL-DTL-38999-24.pdf,4,1,4,13 | C | M25x1-6g 0.100R | 1.5; (.059) | 14.1; (.555) | 34.9; (1.374) | 2.2; (.087) | -024 | 19.8,unreviewed
MIL-DTL-38999-24.pdf,4,1,5,15 | D | M28x1-6g 0.100R | 1.5; (.059) | 14.1; (.555) | 38.1; (1.500) | 2.2; (.087) | -026 | 28.2,unreviewed
MIL-DTL-38999-24.pdf,4,1,6,17 | E | M32x1-6g 0.100R; (see note 2) | --- | 14.1; (.555) | 41.3; (1.626) | 2.2; (.087) | -028 | 36.7,unreviewed
MIL-DTL-38999-24.pdf,4,1,7,19 | F | M35x1-6g 0.100R | --- | 14.1; (.555) | 46.0; (1.811) | 3.0; (.118) | -128 | 45.2,unreviewed
MIL-DTL-38999-24.pdf,4,1,8,21 | G | M38x1-6g 0.100R | --- | 14.1; (.555) | 49.2; (1.937) | 3.0; (.118) | -130 | 53.7,unreviewed
MIL-DTL-38999-24.pdf,4,1,9,23 | H | M41x1-6g 0.100R | 1.5; (.059) | 14.1; (.555) | 52.4; (2.063) | 3.0; (.118) | -132 | 62.1,unreviewed
MIL-DTL-38999-24.pdf,4,1,10,25 | J | M44x1-6g 0.100R | 1.5; (.059) | 14.1; (.555) | 55.6; (2.189) | 3.0; (.118) | -134 | 73.4,unreviewed
MIL-DTL-38999-25.pdf,2,1,1,Shell; size | Shell; size code | F; max | L; max | S; max | V ref; with pins | V ref; with sockets | Z; max,unreviewed
MIL-DTL-38999-25.pdf,2,1,2,9 | A | 17.1; (.673) | 5.1; (.201) | 19.4; (.764) | 17.2; (.677) | 19.4; (.764) | 23.8; (.937),unreviewed
MIL-DTL-38999-25.pdf,2,1,3,11 | B | 19.9; (.783) | 5.1; (.201) | 21.8; (.858) | 17.2; (.677) | 19.4; (.764) | 23.8; (.937),unreviewed
MIL-DTL-38999-25.pdf,2,1,4,13 | C | 23.1; (.909) | 5.1; (.201) | 24.9; (.980) | 17.2; (.677) | 19.4; (.764) | 23.8; (.937),unreviewed
MIL-DTL-38999-25.pdf,2,1,5,15 | D | 26.2; (1.031) | 5.1; (.201) | 28.1; (1.106) | 17.2; (.677) | 19.4; (.764) | 23.8; (.937),unreviewed
MIL-DTL-38999-25.pdf,2,1,6,17 | E | 29.4; (1.157) | 5.1; (.201) | 31.3; (1.232) | 17.2; (.677) | 19.4; (.764) | 23.8; (.937),unreviewed
MIL-DTL-38999-25.pdf,2,1,7,19 | F | 31.8; (1.252) | 5.1; (.201) | 33.6; (1.323) | 17.2; (.677) | 19.4; (.764) | 23.8; (.937),unreviewed
MIL-DTL-38999-25.pdf,2,1,8,21 | G | 35.0; (1.378) | 5.1; (.201) | 36.8; (1.449) | 17.2; (.677) | 19.4; (.764) | 23.8; (.937),unreviewed
MIL-DTL-38999-25.pdf,2,1,9,23 | H | 38.2; (1.504) | 5.9; (.232) | 40.0; (1.575) | 17.2; (.677) | 19.4; (.764) | 24.6; (.969),unreviewed
MIL-DTL-38999-25.pdf,2,1,10,25 | J | 41.3; (1.626) | 5.9; (.232) | 43.2; (1.701) | 17.2; (.677) | 19.4; (.764) | 24.6; (.969),unreviewed
MIL-DTL-38999-26.pdf,2,1,1,"Shell; size | Shell; size; code | B; dia; + 0.2; - 0.0 | B’ dia max; (alternate; design,; classes J and; M only) | H max number; of ribs; (alternate; design, classes; J and M only) | K; max | S; dia; max | Z; max | Z’; max; (classes; J and M; only) | External bendin; moment,; minimum,; classes J and; (N–m)",unreviewed
MIL-DTL-38999-26.pdf,2,1,2,9 | A | 18.4; (.724) | 20.6; (.811) | 12 | 19.0; (.748) | 21.8; (.858) | 31.0; (1.22) | 31.5; (1.240) | 8.865,unreviewed
MIL-DTL-38999-26.pdf,2,1,3,11 | B | 21.1; (.830) | 23.6; (.929) | 14 | 21.9; (.862) | 25.0; (.984) | 31.0; (1.22) | 31.5; (1.240) | 29.492,unreviewed
MIL-DTL-38999-26.pdf,2,1,4,13 | C | 25.4; (.999) | 28.2; (1.11) | 16 | 26.1; (1.03) | 29.4; (1.157) | 31.0; (1.22) | 31.5; (1.240) | 34.485,unreviewed
MIL-DTL-38999-26.pdf,2,1,5,15 | D | 28.7; (1.129) | 31.3; (1.23) | 18 | 29.3; (1.15) | 32.5; (1.27) | 31.0; (1.22) | 31.5; (1.240) | 40.566,unreviewed
MIL-DTL-38999-26.pdf,2,1,6,17 | E | 32.2; (1.26) | 34.5; (1.35) | 20 | 32.8; (1.29) | 35.7; (1.40) | 31.0; (1.22) | 31.5; (1.240) | 50.781,unreviewed
MIL-DTL-38999-26.pdf,2,1,7,19 | F | 34.9; (1.37) | 37.3; (1.46) | 22 | 35.5; (1.39) | 38.5; (1.51) | 31.0; (1.22) | 31.5; (1.240) | 51.450,unreviewed
MIL-DTL-38999-26.pdf,2,1,8,21 | G | 38.1; (1.49) | 40.5; (1.59) | 24 | 38.7; (1.52) | 41.7; (1.64) | 31.0; (1.22) | 31.5; (1.240) | 80.941,unreviewed
MIL-DTL-38999-26.pdf,2,1,9,23 | H | 41.1; (1.61) | 43.7; (1.72) | 26 | 41.7; (1.64) | 44.9; (1.76) | 31.0; (1.22) | 31.5; (1.240) | 69.810,unreviewed
MIL-DTL-38999-26.pdf,2,1,10,25 | J | 44.3; (1.74) | 46.8; (1.84) | 28 | 44.9; (1.76) | 48.0; (1.88) | 31.0; (1.22) | 31.5; (1.240) | 91.310,unreviewed
MIL-DTL-38999-27.pdf,2,1,1,Shell; size | Shell; size; code | S; + .3; - .0 | T; + .0; - .3 | W; ± .2,unreviewed
MIL-DTL-38999-27.pdf,2,1,2,9 | A | 24.7 (.972) | 23.9 (.941) | 3.2 (.126),unreviewed
MIL-DTL-38999-27.pdf,2,1,3,11 | B | 27.8 (1.094) | 27.0 (1.063) | 3.2 (.126),unreviewed
MIL-DTL-38999-27.pdf,2,1,4,13 | C | 31.0 (1.220) | 30.2 (1.189) | 3.2 (.126),unreviewed
MIL-DTL-38999-27.pdf,2,1,5,15 | D | 34.2 (1.346) | 33.4 (1.315) | 3.2 (.126),unreviewed
MIL-DTL-38999-27.pdf,2,1,6,17 | E | 36.4 (1.433) | 35.6 (1.402) | 3.2 (.126),unreviewed
MIL-DTL-38999-27.pdf,2,1,7,19 | F | 40.1 (1.579) | 39.3 (1.547) | 3.2 (.126),unreviewed
MIL-DTL-38999-27.pdf,2,1,8,21 | G | 43.7 (1.720) | 42.9 (1.689) | 3.2 (.126),unreviewed
MIL-DTL-38999-27.pdf,2,1,9,23 | H | 47.9 (1.886) | 47.1 (1.854) | 4.0 (.157),unreviewed
MIL-DTL-38999-27.pdf,2,1,10,25 | J | 50.1 (1.972) | 49.3 (1.941) | 4.0 (.157),unreviewed
MIL-DTL-38999-28.pdf,2,1,1,Dash; number | Shell size |  | A; thread size | P; hex | X’; + .29; - .00 | X; + .45; - .00,unreviewed
MIL-DTL-38999-28.pdf,2,1,2," | Series III; and; MIL-DTL-; 38999/43; of series IV | Series IV,; MIL-DTL-; 38999/44; only |  |  |  | ",unreviewed
MIL-DTL-38999-28.pdf,2,1,3,1 | 9 | -------- | M17X1 – 6H; (see note 3) | 24.00; 21.82 | 4.54 | 3.17,unreviewed
MIL-DTL-38999-28.pdf,2,1,4,2 | 11 | -------- | M20X1– 6H; (see note 4) | 27.00; 24.99 | 4.54 | 3.17,unreviewed
MIL-DTL-38999-28.pdf,2,1,5,3 | 13 | 11 | M25X1 – 6H | 32.00; 29.77 | 4.54 | 3.17,unreviewed
MIL-DTL-38999-28.pdf,2,1,6,4 | 15 | 13 | M28X1– 6H | 36.00; 32.91 | 4.54 | 3.17,unreviewed
MIL-DTL-38999-28.pdf,2,1,7,5 | -------- | 15 | M31X1 – 6H | 41.00; 39.26 | 4.54 | 3.17,unreviewed
MIL-DTL-38999-28.pdf,2,1,8,6 | 17 | -------- | M32X1 – 6H | 37.00; 36.12 | 4.54 | 3.17,unreviewed
MIL-DTL-38999-28.pdf,2,1,9,7 | ------- | 17 | M34X1 – 6H | 41.00; 39.25 | 4.54 | 3.17,unreviewed
MIL-DTL-38999-28.pdf,2,1,10,8 | 19 | ------- | M35X1 – 6H | 41.00; 39.25 | 4.54 | 3.17,unreviewed
MIL-DTL-38999-28.pdf,2,1,11,9 | 21 | 19 | M38X1 – 6H | 46.00; 42.47 | 4.54 | 3.17,unreviewed
MIL-DTL-38999-28.pdf,2,1,12,10 | 23 | 21 | M41X1 – 6H | 50.00; 45.61 | 4.54 | 3.17,unreviewed
MIL-DTL-38999-28.pdf,2,1,13,11 | 25 | 23 | M44X1 – 6H | 51.23; 49.25 | 4.54 | 3.17,unreviewed
MIL-DTL-38999-28.pdf,2,1,14,12 | ------- | 25 | M47X1 – 6H | 55.00; 53.54 | 4.54 | 3.17,unreviewed
MIL-DTL-38999-28.pdf,3,1,1,mm Inches | mm Inches | mm Inches | mm Inches,unreviewed
MIL-DTL-38999-28.pdf,3,1,2,0.29 .011; 0.45 .018; 0.75 .0295; 1.5 .059; 3.17 .125; 4.54 .178; 21.82 .859 | 24.00 .945; 24.99 .984; 27.00 1.063; 29.77 1.172; 32.00 1.260; 32.91 1.296; 36.00 1.417 | 36.12 1.422; 37.00 1.457; 39.25 1.545; 39.26 1.546; 41.00 1.614; 42.47 1.672; 45.61 1.796 | 46.00 1.811; 49.25 1.939; 50.00 1.969; 51.23 2.017; 53.54 2.108; 55.00 2.165,unreviewed
MIL-DTL-38999-28.pdf,3,2,1,Hex nut; finish code | Material | Finish | Applicable; connector; class code,unreviewed
MIL-DTL-38999-28.pdf,3,2,2,C | Aluminum alloy | Anodic (nonconductive) | C,unreviewed
MIL-DTL-38999-28.pdf,3,2,3,"F | Aluminum alloy | Electroless nickel coating (conductive) | F, G, R",unreviewed
MIL-DTL-38999-28.pdf,3,2,4,W | Aluminum alloy | Olive-drab cadmium plate over a suitable; underplate (conductive) | W,unreviewed
MIL-DTL-38999-28.pdf,3,2,5,"T | Aluminum alloy | Nickel fluorocarbon polymer,; non-reflective (conductive) | T",unreviewed
MIL-DTL-38999-28.pdf,3,2,6,"Z | Aluminum alloy | Zinc nickel, non-reflective (conductive) | Z",unreviewed
MIL-DTL-38999-28.pdf,3,2,7,"K | Corrosion resistant steel 2/ | Passivated (conductive) | K, H, Y",unreviewed
MIL-DTL-38999-28.pdf,3,2,8,"N | Corrosion resistant steel 2/ | Electrodeposited nickel plating; (conductive) | N, S, L",unreviewed
MIL-DTL-38999-28.pdf,3,2,9,J | Resin with or without filler | Olive-drab cadmium plate over a suitable; underplate (conductive) | J,unreviewed
MIL-DTL-38999-28.pdf,3,2,10,"M | Resin with or without filler | Electroless nickel coating, (conductive) | M",unreviewed
MIL-DTL-38999-28.pdf,3,2,11,"V | Resin with or without filler | Unplated (no finish) | J, M",unreviewed
MIL-DTL-38999-28.pdf,4,1,1,Lot size | Sampling size,unreviewed
MIL-DTL-38999-28.pdf,4,1,2,"1 to 13; 14 to 150; 151 to 280; 281 to 500; 501 to 1,200; 1,201 to 3,200; 3,201 and up | 100 percent; 13 units; 20 units; 29 units; 34 units; 42 units; 54 units",unreviewed
MIL-DTL-38999-29.pdf,2,1,1,Shell; size | Shell; size; code | A; max | B; min | C; max | VV; thread | Backshell extender; torque,unreviewed
MIL-DTL-38999-29.pdf,2,1,2,11 | B | 46.9; (1.85) | 25.5; (1.00) | 25.0; (.98) | M15x1.0-6g 0.100R | 5.6 Newton-meters; min,unreviewed
MIL-DTL-38999-29.pdf,2,1,3,13 | C | 50.1; (1.97) | 29.9; (1.18) | 29.4; (1.16) | M18x1.0-6g 0.100R | ,unreviewed
MIL-DTL-38999-29.pdf,2,1,4,15 | D | 52.8; (2.08) | 33.0; (1.30) | 32.5; (1.28) | M22x1.0-6g 0.100R | ,unreviewed
MIL-DTL-38999-29.pdf,2,1,5,17 | E | 56.0; (2.20) | 36.2; (1.43) | 35.7; (1.41) | M25x1.0-6g 0.100R | ,unreviewed
MIL-DTL-38999-29.pdf,2,1,6,19 | F | 59.2; (2.33) | 39.0; (1.54) | 38.5; (1.52) | M28x1.0-6g 0.100R | ,unreviewed
MIL-DTL-38999-29.pdf,2,1,7,21 | G | 62.8; (2.47) | 42.2; (1.66) | 41.7; (1.64) | M31x1.0-6g 0.100R | ,unreviewed
MIL-DTL-38999-29.pdf,2,1,8,23 | H | 65.9; (2.59) | 45.4; (1.79) | 44.9; (1.77) | M34x1.0-6g 0.100R | ,unreviewed
MIL-DTL-38999-29.pdf,2,1,9,25 | J | 68.7; (2.70) | 48.5; (1.91) | 48.0; (1.89) | M37x1.0-6g 0.100R | ,unreviewed
MIL-DTL-38999-29.pdf,3,1,1,Code | L ± 6 mm (.24) | Code | L ± 6 mm (.24),unreviewed
MIL-DTL-38999-29.pdf,3,1,2,A | 102 (4) | M | 254 (10),unreviewed
MIL-DTL-38999-29.pdf,3,1,3,B | 115 (4.5) | N | 267 (10.5),unreviewed
MIL-DTL-38999-29.pdf,3,1,4,C | 127 (5) | P | 280 (11),unreviewed
MIL-DTL-38999-29.pdf,3,1,5,D | 140 (5.5) | R | 293 (11.5),unreviewed
MIL-DTL-38999-29.pdf,3,1,6,E | 153 (6) | S | 305 (12),unreviewed
MIL-DTL-38999-29.pdf,3,1,7,F | 166 (6.5) | T | 318 (12.5),unreviewed
MIL-DTL-38999-29.pdf,3,1,8,G | 178 (7) | U | 331 (13),unreviewed
MIL-DTL-38999-29.pdf,3,1,9,H | 191 (7.5) | V | 356 (14),unreviewed
MIL-DTL-38999-29.pdf,3,1,10,I | 203 (8) | W | 381 (15),unreviewed
MIL-DTL-38999-29.pdf,3,1,11,J | 216 (8.5) | X | 407 (16),unreviewed
MIL-DTL-38999-29.pdf,3,1,12,K | 229 (9) | Y | 432 (17),unreviewed
MIL-DTL-38999-29.pdf,3,1,13,L | 242 (9.5) | Z | 458 (18),unreviewed
MIL-DTL-38999-29.pdf,4,1,1,Pull Type | Step 1 | Step 2 | Step 3,unreviewed
MIL-DTL-38999-29.pdf,4,1,2,"Straight, 0° Pull | Room ambient | -65° + 0° / -5 °C | max temperature of; specified connector class",unreviewed
MIL-DTL-38999-29.pdf,4,1,3,15° Pull | Room ambient | -65° + 0° / -5 ° C | max temperature of; specified connector class,unreviewed
MIL-DTL-38999-29.pdf,4,2,1,Shell; size | Straight; pull (N) | 15°; pull (N),unreviewed
MIL-DTL-38999-29.pdf,4,2,2,11 | 200 | 245,unreviewed
MIL-DTL-38999-29.pdf,4,2,3,13 | 200 | 245,unreviewed
MIL-DTL-38999-29.pdf,4,2,4,15 | 200 | 245,unreviewed
MIL-DTL-38999-29.pdf,4,2,5,17 | 400 | 445,unreviewed
MIL-DTL-38999-29.pdf,4,2,6,19 | 400 | 445,unreviewed
MIL-DTL-38999-29.pdf,4,2,7,21 | 400 | 445,unreviewed
MIL-DTL-38999-29.pdf,4,2,8,23 | 400 | 445,unreviewed
MIL-DTL-38999-29.pdf,4,2,9,25 | 400 | 445,unreviewed
MIL-DTL-38999-30.pdf,2,1,1,Shell; size | Shell; size; code | A; max | B; min | C; Max | VV; thread | Backshell extender; Torque,unreviewed
MIL-DTL-38999-30.pdf,2,1,2,11 | B | 46.9; (1.85) | 25.5; (1.00) | 25.0; (.98) | M15x1.0-6g 0.100R | 5.6 Newton-meters; min,unreviewed
MIL-DTL-38999-30.pdf,2,1,3,13 | C | 50.1; (1.97) | 29.9; (1.18) | 29.4; (1.16) | M18x1.0-6g 0.100R | ,unreviewed
MIL-DTL-38999-30.pdf,2,1,4,15 | D | 52.8; (2.08) | 33.0; (1.30) | 32.5; (1.28) | M22x1.0-6g 0.100R | ,unreviewed
MIL-DTL-38999-30.pdf,2,1,5,17 | E | 56.0; (2.20) | 36.2; (1.43) | 35.7; (1.41) | M25x1.0-6g 0.100R | ,unreviewed
MIL-DTL-38999-30.pdf,2,1,6,19 | F | 59.2; (2.33) | 39.0; (1.54) | 38.5; (1.52) | M28x1.0-6g 0.100R | ,unreviewed
MIL-DTL-38999-30.pdf,2,1,7,21 | G | 62.8; (2.47) | 42.2; (1.66) | 41.7; (1.64) | M31x1.0-6g 0.100R | ,unreviewed
MIL-DTL-38999-30.pdf,2,1,8,23 | H | 65.9; (2.59) | 45.4; (1.79) | 44.9; (1.77) | M34x1.0-6g 0.100R | ,unreviewed
MIL-DTL-38999-30.pdf,2,1,9,25 | J | 68.7; (2.70) | 48.5; (1.91) | 48.0; (1.89) | M37x1.0-6g 0.100R | ,unreviewed
MIL-DTL-38999-30.pdf,3,1,1,Code | L ± 6 mm (.24) | Code | L ± 6 mm (.24),unreviewed
MIL-DTL-38999-30.pdf,3,1,2,A | 102 (4) | M | 254 (10),unreviewed
MIL-DTL-38999-30.pdf,3,1,3,B | 115 (4.5) | N | 267 (10.5),unreviewed
MIL-DTL-38999-30.pdf,3,1,4,C | 127 (5) | P | 280 (11),unreviewed
MIL-DTL-38999-30.pdf,3,1,5,D | 140 (5.5) | R | 293 (11.5),unreviewed
MIL-DTL-38999-30.pdf,3,1,6,E | 153 (6) | S | 305 (12),unreviewed
MIL-DTL-38999-30.pdf,3,1,7,F | 166 (6.5) | T | 318 (12.5),unreviewed
MIL-DTL-38999-30.pdf,3,1,8,G | 178 (7) | U | 331 (13),unreviewed
MIL-DTL-38999-30.pdf,3,1,9,H | 191 (7.5) | V | 356 (14),unreviewed
MIL-DTL-38999-30.pdf,3,1,10,I | 203 (8) | W | 381 (15),unreviewed
MIL-DTL-38999-30.pdf,3,1,11,J | 216 (8.5) | X | 407 (16),unreviewed
MIL-DTL-38999-30.pdf,3,1,12,K | 229 (9) | Y | 432 (17),unreviewed
MIL-DTL-38999-30.pdf,3,1,13,L | 242 (9.5) | Z | 458 (18),unreviewed
MIL-DTL-38999-30.pdf,4,1,1,Pull Type | Step 1 | Step 2 | Step 3,unreviewed
MIL-DTL-38999-30.pdf,4,1,2,"Straight, 0° Pull | Room ambient | -65° + 0° / -5 °C | max temperature of; specified connector class",unreviewed
MIL-DTL-38999-30.pdf,4,1,3,15° Pull | Room ambient | -65° + 0° / -5 ° C | max temperature of; specified connector class,unreviewed
MIL-DTL-38999-30.pdf,4,2,1,Shell; size | Straight; pull (N) | 15°; pull (N),unreviewed
MIL-DTL-38999-30.pdf,4,2,2,11 | 200 | 245,unreviewed
MIL-DTL-38999-30.pdf,4,2,3,13 | 200 | 245,unreviewed
MIL-DTL-38999-30.pdf,4,2,4,15 | 200 | 245,unreviewed
MIL-DTL-38999-30.pdf,4,2,5,17 | 400 | 445,unreviewed
MIL-DTL-38999-30.pdf,4,2,6,19 | 400 | 445,unreviewed
MIL-DTL-38999-30.pdf,4,2,7,21 | 400 | 445,unreviewed
MIL-DTL-38999-30.pdf,4,2,8,23 | 400 | 445,unreviewed
MIL-DTL-38999-30.pdf,4,2,9,25 | 400 | 445,unreviewed
MIL-DTL-38999-31.pdf,1,1,1,mm Inches | mm Inches | mm Inches | mm Inches,unreviewed
MIL-DTL-38999-31.pdf,1,1,2,0.8 .03; 6.3 .25 | 7.11 .28; 9.5 .37 | 42.5 1.67; 51 2.01 | 56.5 2.22; 63.5 2.50,unreviewed
MIL-DTL-38999-31.pdf,7,1,1,Types | Material | Shell length; type | Shell; length | Coupling; ring length; type | Coupling ring; length type,unreviewed
MIL-DTL-38999-31.pdf,7,1,2,1 | All; metal | long | 63.5 / 56.5; (2.5 / 2.2) | long | ---,unreviewed
MIL-DTL-38999-31.pdf,7,1,3,2 | All; metal | long | 63.5 max; (2.5) | long | ---,unreviewed
MIL-DTL-38999-31.pdf,7,1,4,3 | All; composite | long | 63.5 max; (2.5) | medium | 53.6 / 46.1; (2.1 / 1.8),unreviewed
MIL-DTL-38999-31.pdf,7,1,5,4 | All; metal | short | 46.0 max; (1.8) | short | ---,unreviewed
MIL-DTL-38999-31.pdf,7,1,6,5 | All; composite | long | 63.5 max; (2.5) | short | 33.3 / 31.0; (1.3 / 1.2),unreviewed
MIL-DTL-38999-31.pdf,7,1,7,6 | All; metal | medium | 51.56 / 48.26; (2.0 / 1.9) | medium | ---,unreviewed
MIL-DTL-38999-31.pdf,8,1,1,Code | L ± 6 (.24),unreviewed
MIL-DTL-38999-31.pdf,8,1,2,E | 153 (6),unreviewed
MIL-DTL-38999-31.pdf,8,1,3,F | 166 (6.5),unreviewed
MIL-DTL-38999-31.pdf,8,1,4,G | 178 (7),unreviewed
MIL-DTL-38999-31.pdf,8,1,5,H | 191 (7.5),unreviewed
MIL-DTL-38999-31.pdf,8,1,6,I | 203 (8),unreviewed
MIL-DTL-38999-31.pdf,8,1,7,J | 216 (8.5),unreviewed
MIL-DTL-38999-31.pdf,8,1,8,K | 229 (9),unreviewed
MIL-DTL-38999-31.pdf,8,1,9,L | 242 (9.5),unreviewed
MIL-DTL-38999-31.pdf,9,1,1,Pull Type | Step 1 | Step 2 | Step 3,unreviewed
MIL-DTL-38999-31.pdf,9,1,2,"Straight, 0° Pull | Room ambient | -65° + 0° / -5 °C | max temperature of; specified connector class",unreviewed
MIL-DTL-38999-31.pdf,9,1,3,15° Pull | Room ambient | -65° + 0° / -5 ° C | max temperature of; specified connector class,unreviewed
MIL-DTL-38999-32.pdf,3,1,1,Dimensions |  |  |  |  |  |  | ,unreviewed
MIL-DTL-38999-32.pdf,3,1,2,Shell; size | A THD-2A | B; dia; max | C; dia; + .00; - .15 | D; dia; max | E; dia; min | F | G; + 13.0; - 7.0,unreviewed
MIL-DTL-38999-32.pdf,3,1,3,9 | .6250-0.1P-0.3L-TS | 23.0 | 12.50 | 24.0 | 13.0 | 24.00; 14.50 | 127.00,unreviewed
MIL-DTL-38999-32.pdf,3,1,4,11 | .7500-0.1P-0.3L-TS | 26.0 | 15.75 | 27.0 | 18.0 | 20.50; 18.00 | 127.00,unreviewed
MIL-DTL-38999-32.pdf,3,1,5,13 | .8750-0.1P-0.3L-TS | 31.0 | 19.53 | 30.0 | 20.0 | 27.00; 20.00 | 127.00,unreviewed
MIL-DTL-38999-32.pdf,3,1,6,15 | 1.0000-0.1P-0.3L-TS | 33.0 | 22.71 | 31.0 | 23.0 | 22.50; 18.00 | 127.00,unreviewed
MIL-DTL-38999-32.pdf,3,1,7,17 | 1.1875-0.1P-0.3L-TS | 37.0 | 25.88 | 37.0 | 26.0 | 30.50; 23.50 | 127.00,unreviewed
MIL-DTL-38999-32.pdf,3,1,8,19 | 1.2500-0.1P-0.3L-TS | 40.0 | 28.55 | 40.0 | 29.0 | 31.50; 25.00 | 127.00,unreviewed
MIL-DTL-38999-32.pdf,3,1,9,21 | 1.3750-0.1P-0.3L-TS | 44.0 | 31.72 | 44.0 | 32.0 | 33.00; 26.50 | 127.00,unreviewed
MIL-DTL-38999-32.pdf,3,1,10,23 | 1.5000-0.1P-0.3L-TS | 46.0 | 34.90 | 46.0 | 34.0 | 34.00; 27.50 | 127.00,unreviewed
MIL-DTL-38999-32.pdf,3,1,11,25 | 1.6250-0.1P-0.3L-TS | 50.0 | 38.07 | 49.0 | 39.0 | 38.00; 30.00 | 127.00,unreviewed
MIL-DTL-38999-32.pdf,4,1,1,Lot size | Sampling size,unreviewed
MIL-DTL-38999-32.pdf,4,1,2,"1 to 13; 14 to 150; 151 to 280; 281 to 500; 501 to 1,200; 1,201 to 3,200; 3,201 and up | 100 percent; 13 units; 20 units; 29 units; 34 units; 42 units; 54 units",unreviewed
MIL-DTL-38999-33.pdf,3,1,1,Dimensions |  |  |  |  |  | ,unreviewed
MIL-DTL-38999-33.pdf,3,1,2,Shell; size | A THD-2B | B; dia; max | C; dia; max | D; dia; min | E | F; + 13.0; - 7.0; (+.51/-.28),unreviewed
MIL-DTL-38999-33.pdf,3,1,3,9 | .6250-0.1P-0.3L-TS | 23.0; (.91) | 27.0; (1.06) | 17.64; (.69) | 21.00; 18.00; (.83/.71) | 127.00; (5.00),unreviewed
MIL-DTL-38999-33.pdf,3,1,4,11 | .7500-0.1P-0.3L-TS | 28.0; (1.10) | 32.0; (1.26) | 21.97; (.86) | 22.50; 18.50; (.89/.73) | 127.00; (5.00),unreviewed
MIL-DTL-38999-33.pdf,3,1,5,13 | .8750-0.1P-0.3L-TS | 31.0; (1.22) | 37.0; (1.46) | 25.12; (.99) | 25.00; 23.50; (.98/.93) | 127.00; (5.00),unreviewed
MIL-DTL-38999-33.pdf,3,1,6,15 | 1.0000-0.1P-0.3L-TS | 32.0; (1.26) | 40.0; (1.57) | 29.92; (1.18) | 31.00; 25.00; (1.22/.98) | 127.00; (5.00),unreviewed
MIL-DTL-38999-33.pdf,3,1,7,17 | 1.1875-0.1P-0.3L-TS | 37.0; (1.46) | 44.0; (1.73) | 32.00; (1.26) | 32.50; 26.50; (1.28/1.04) | 127.00; (5.00),unreviewed
MIL-DTL-38999-33.pdf,3,1,8,19 | 1.2500-0.1P-0.3L-TS | 39.0; (1.54) | 46.0; (1.81) | 36.27; (1.43) | 34.00; 28.00; (1.34/1.10) | 127.00; (5.00),unreviewed
MIL-DTL-38999-33.pdf,3,1,9,21 | 1.3750-0.1P-0.3L-TS | 42.0; (1.65) | 49.0; (1.93) | 38.25; (1.51) | 35.50; 30.00; (1.40/1.18) | 127.00; (5.00),unreviewed
MIL-DTL-38999-33.pdf,3,1,10,23 | 1.5000-0.1P-0.3L-TS | 45.0; (1.77) | 54.0; (2.13) | 42.62; (1.68) | 37.50; 31.50; (1.48/1.24) | 127.00; (5.00),unreviewed
MIL-DTL-38999-33.pdf,3,1,11,25 | 1.6250-0.1P-0.3L-TS | 49.0; (1.93) | 56.0; (2.20) | 44.45; (1.75) | 39.00; 33.00; (1.54/1.30) | 127.00; (5.00),unreviewed
MIL-DTL-38999-33.pdf,5,1,1,Lot size | Sampling size,unreviewed
MIL-DTL-38999-33.pdf,5,1,2,"1 to 13; 14 to 150; 151 to 280; 281 to 500; 501 to 1,200; 1,201 to 3,200; 3,201 and up | 100 percent; 13 units; 20 units; 29 units; 34 units; 42 units; 54 units",unreviewed
MIL-DTL-38999-34.pdf,4,1,1,prefix; ation sheet nu |  |  |  | ,unreviewed
MIL-DTL-38999-35.pdf,3,1,1,prefix; ation sheet nu |  |  |  | ,unreviewed
MIL-DTL-38999-36.pdf,10,1,1,Types | Material | Shell length; type | Coupling ring; length type,unreviewed
MIL-DTL-38999-36.pdf,10,1,2,1 | Metal | Long | Long,unreviewed
MIL-DTL-38999-36.pdf,10,1,3,3 | Composite | Short | Long,unreviewed
MIL-DTL-38999-36.pdf,10,1,4,4 | Metal | Short | Short,unreviewed
MIL-DTL-38999-36.pdf,10,1,5,5 | Composite | Short | Short,unreviewed
MIL-DTL-38999-36.pdf,10,1,6,6 | Metal | Medium | Medium,unreviewed
MIL-DTL-38999-36.pdf,10,1,7,"7 | Hybrid Metal shell,; Composite coupling ring | Long | Long",unreviewed
MIL-DTL-38999-36.pdf,10,1,8,8 |  | Medium | Medium,unreviewed
MIL-DTL-38999-36.pdf,10,1,9,9 |  | Short | Short,unreviewed
MIL-DTL-38999-36.pdf,16,1,1,umber p; ation sh | refi; ee | x; t numbe | r | ,unreviewed
MIL-DTL-38999-36.pdf,16,2,1, | ,unreviewed
MIL-DTL-38999-36.pdf,16,3,1,Code | L +/- 6,unreviewed
MIL-DTL-38999-36.pdf,16,3,2,E | 153 (6.024),unreviewed
MIL-DTL-38999-36.pdf,16,3,3,F | 166 (6.535),unreviewed
MIL-DTL-38999-36.pdf,16,3,4,G | 178 (7.008),unreviewed
MIL-DTL-38999-36.pdf,16,3,5,H | 191 (7.520),unreviewed
MIL-DTL-38999-36.pdf,16,3,6,I | 203 (7.992),unreviewed
MIL-DTL-38999-36.pdf,16,3,7,J | 216 (8.504),unreviewed
MIL-DTL-38999-36.pdf,16,3,8,K | 229 (9.016),unreviewed
MIL-DTL-38999-36.pdf,16,3,9,L | 242 (9.528),unreviewed
MIL-DTL-38999-36.pdf,16,3,10,X (Adjustable) | 153 (6.024) – 191 (7.520),unreviewed
MIL-DTL-38999-36.pdf,16,3,11,Y (Adjustable) | 178 (7.008) – 216 (8.504),unreviewed
MIL-DTL-38999-36.pdf,16,3,12,Z (Adjustable) | 203 (7.992) – 242 (9.53),unreviewed
MIL-DTL-38999-36.pdf,17,1,1,SUPERSEDING CONNECTOR TYPE | SUPERSEDED CONNECTOR TYPE,unreviewed
MIL-DTL-38999-36.pdf,17,1,2,MIL-DTL-38999/36 Type 1 | MIL-DTL-38999/31 Type 1,unreviewed
MIL-DTL-38999-36.pdf,17,1,3,None (no type 2) | MIL-DTL-38999/31 Type 2,unreviewed
MIL-DTL-38999-36.pdf,17,1,4,MIL-DTL-38999/36 Type 3 | MIL-DTL-38999/31 Type 3,unreviewed
MIL-DTL-38999-36.pdf,17,1,5,MIL-DTL-38999/36 Type 4 | MIL-DTL-38999/31 Type 4,unreviewed
MIL-DTL-38999-36.pdf,17,1,6,MIL-DTL-38999/36 Type 5 | MIL-DTL-38999/31 Type 5,unreviewed
MIL-DTL-38999-36.pdf,17,1,7,MIL-DTL-38999/36 Type 6 | MIL-DTL-38999/31 Type 6,unreviewed
MIL-DTL-38999-36.pdf,17,1,8,MIL-DTL-38999/36 Type 7 | None,unreviewed
MIL-DTL-38999-36.pdf,17,1,9,MIL-DTL-38999/36 Type 8 | None,unreviewed
MIL-DTL-38999-36.pdf,17,1,10,MIL-DTL-38999/36 Type 9 | None,unreviewed
MIL-DTL-38999-41.pdf,2,1,1,Shell; size | Shell size; code | P; dia | R; BSC | S | T; dia | U dia; max,unreviewed
MIL-DTL-38999-41.pdf,2,1,2,11 | B | 3.5; (.137); 3.1; (.122) | 10.31; (.405) | 26.7; (1.05); 25.6; (1.00) | 20.15; (.793); 19.76; (.777) | 15.88; (.625),unreviewed
MIL-DTL-38999-41.pdf,2,1,3,13 | C |  | 11.51; (.453) | 29.1; (1.14); 28.0; (1.10) | 23.35; (.919); 22.96; (.903) | 19.05; (.789),unreviewed
MIL-DTL-38999-41.pdf,2,1,4,15 | D |  | 12.31; (.484) | 31.5; (1.24); 30.4; (1.19) | 26.52; (1.04); 26.13; (1.02) | 23.01; (.905),unreviewed
MIL-DTL-38999-41.pdf,2,1,5,17 | E |  | 13.49; (.531) | 33.9; (1.33); 32.8; (1.291) | 29.72; (1.17); 29.33; (1.15) | 25.81; (1.01),unreviewed
MIL-DTL-38999-41.pdf,2,1,6,19 | F |  | 14.68; (.577) | 37.1; (1.46); 36.0; (1.41) | 32.87; (1.29); 32.48; (1.27) | 28.98; (1.14),unreviewed
MIL-DTL-38999-41.pdf,2,1,7,21 | G |  | 15.88; (.625) | 40.2; (1.58); 39.1; (1.53) | 36.05; (1.41); 35.66; (1.40) | 32.16; (1.26),unreviewed
MIL-DTL-38999-41.pdf,2,1,8,23 | H | 4.0; (.157); 3.6; (.141) | 17.46; (.687) | 43.4; (1.70); 42.3; (1.66) | 39.22; (1.54); 38.83; (1.52) | 34.93; (1.37),unreviewed
MIL-DTL-38999-41.pdf,2,1,9,25 | J |  | 19.05; (.749) | 46.6; (1.83); 45.5; (1.79) | 42.40; (1.66); 42.01; (1.65) | 37.69; (1.48),unreviewed
MIL-DTL-38999-41.pdf,3,1,1,eet | ,unreviewed
MIL-DTL-38999-41.pdf,3,1,2, | ,unreviewed
MIL-DTL-38999-41.pdf,3,1,3,ent | ,unreviewed
MIL-DTL-38999-43.pdf,2,1,1,Shell; size | Shell; size code | A | B; flat | C dia; boss | E; dia | F; dia,unreviewed
MIL-DTL-38999-43.pdf,2,1,2,11 | B | 35.2; (1.38); 34.6; (1.36) | 19.17; (.754); 18.92; (.744) | 20.70; (.814); 20.40; (.803) | 18.6; (.732); 18.2; (.716) | 19.8; (.779); 19.3; (.759),unreviewed
MIL-DTL-38999-43.pdf,2,1,3,13 | C | 38.4; (1.51); 37.8; (1.488) | 23.92; (.941); 23.67; (.931) | 25.50; (1.00); 25.20; (.992) | 21.8; (.858); 21.3; (.838) | 23.1; (.909); 22.6; (.889),unreviewed
MIL-DTL-38999-43.pdf,2,1,4,15 | D | 41.6; (1.63); 41.0; (1.64) | 27.07; (1.06); 26.82; (1.05) | 28.60; (.992); 28.30; (1.11) | 25.0; (.984); 24.6; (.968) | 26.3; (1.03); 25.8; (1.01),unreviewed
MIL-DTL-38999-43.pdf,2,1,5,17 | E | 44.8; (1.76); 44.2; (1.74) | 30.25; (1.19); 30.00; (1.18) | 31.98; (1.25); MAX | 28.2; (1.11); 27.7; (1.09) | 29.4; (1.15); 28.9; (1.13),unreviewed
MIL-DTL-38999-43.pdf,2,1,6,19 | F | 49.5; (1.94); 48.9; (1.92) | 33.44; (1.31); 33.17; (1.30) | 35.15; (1.38); MAX | 31.4; (1.23); 31.0; (1.32) | 32.6; (1.28); 32.1; (1.26),unreviewed
MIL-DTL-38999-43.pdf,2,1,7,21 | G | 52.7; (2.07); 52.1; (2.05) | 36.62; (1.44); 36.35; (1.43) | 38.28; (1.507); MAX | 34.5; (1.35); 34.1; (1.34) | 35.8; (1.27); 35.3; (1.38),unreviewed
MIL-DTL-38999-43.pdf,2,1,8,23 | H | 55.9; (2.20); 55.3; (2.17) | 39.75; (1.56); 39.52; (1.55) | 41.30; (1.62); 41.00; (1.61) | 37.7; (1.48); 37.3; (1.46) | 39.0; (1.53); 38.5; (1.51),unreviewed
MIL-DTL-38999-43.pdf,2,1,9,25 | J | 59.1; (2.32); 58.4; (2.29) | 42.98; (1.55); 42.70; (1.68) | 44.50; (1.61); 44.20; (1.74) | 40.9; (1.61); 40.5; (1.59) | 42.1; (1.61); 41.6; (1.63),unreviewed
MIL-DTL-38999-43.pdf,3,1,1,Shell; size | Shell; size code | G thread | S | V; ref | W | O-ring,unreviewed
MIL-DTL-38999-43.pdf,3,1,2,11 | B | M20X1- 6g 0.100R | 32.2; (1.27); 31.3; (1.23) | 28.4; (1.11); 27.5; (1.08) | 3.0; (.118); 2.4; (.094) | AS 3582-; 022,unreviewed
MIL-DTL-38999-43.pdf,3,1,3,13 | C | M25X1- 6g 0.100R | 35.4; (1.39); 34.5; (1.35) |  |  | AS 3582-; 024,unreviewed
MIL-DTL-38999-43.pdf,3,1,4,15 | D | M28X1- 6g 0.100R | 38.6; (1.51); 37.7; (1.48) |  |  | AS 3582-; 026,unreviewed
MIL-DTL-38999-43.pdf,3,1,5,17 | E | M32X1- 6g 0.100R; see note 2 | 41.7; (1.64); 40.8; (1.60) |  |  | AS 3582-; 028,unreviewed
MIL-DTL-38999-43.pdf,3,1,6,19 | F | M35X1- 6g 0.100R | 46.5; (1.83); 45.6; (1.79) |  | 3.8; (.149); 3.2; (.125) | AS 3582-; 128,unreviewed
MIL-DTL-38999-43.pdf,3,1,7,21 | G | M38X1- 6g 0.100R | 49.7; (1.95); 48.8; (1.92) |  |  | AS 3582-; 130,unreviewed
MIL-DTL-38999-43.pdf,3,1,8,23 | H | M41X1- 6g 0.100R | 52.8; (2.07); 51.9; (2.04) |  |  | AS 3582-; 132,unreviewed
MIL-DTL-38999-43.pdf,3,1,9,25 | J | M44X1- 6g 0.100R | 56.0; (2.20); 55.1; (2.16) |  |  | AS 3582-; 134,unreviewed
MIL-DTL-38999-43.pdf,4,1,1,. prefix; ation s | he |  |  |  | ,unreviewed
MIL-DTL-38999-43.pdf,4,1,2, |  | e | t |  | ,unreviewed
MIL-DTL-38999-43.pdf,4,1,3, | en |  |  |  | ,unreviewed
MIL-DTL-38999-44.pdf,3,1,1,Shell; size | Shell; size; code | A; dia | B; flat | F; dia | G; thread; plated | J; dia | K; dia | S | V | W | Z max; (see; note 2) | Z max; (see; note 3),unreviewed
MIL-DTL-38999-44.pdf,3,1,2,11 | B | 38.6; (1.520); 37.6; (1.480) | 23.93; (.942); 23.74; (.935) | 27.84; (1.096); 27.55; (1.085) | M25x1-; 6g 0.1R | 20.42; (.804); 20.17; (.794) | 25.40; (1.000); 25.15; (.990) | 35.4; (1.394); 34.4; (1.354) | 28.4; (1.118); 27.5; (1.083) | 2.7; (.106); 1.9; (.075) | 32.0; (1.260) | 39.5; (1.555),unreviewed
MIL-DTL-38999-44.pdf,3,1,3,13 | C | 41.7; (1.642); 40.7; (1.602) | 27.08; (1.066); 26.89; (1.059) | 31.02; (1.221); 30.73; (1.210) | M28X1-; 6g 0.1R | 23.57; (.928); 23.32; (.918) | 28.58; (1.125); 28.33; (1.115) | 38.6; (1.520); 37.6; (1.480) |  |  |  | ,unreviewed
MIL-DTL-38999-44.pdf,3,1,4,15 | D | 44.9; (1.768); 43.9; (1.728) | 30.26; (1.191); 30.07; (1.184) | 34.19; (1.346); 33.90; (1.335) | M31X1-; 6g 0.1R | 26.56; (1.046); 26.31; (1.036) | 31.75; (1.250); 31.50; (1.240) | 41.7; (1.642); 40.7; (1.602) |  |  |  | ,unreviewed
MIL-DTL-38999-44.pdf,3,1,5,17 | E | 49.7; (1.957); 48.7; (1.917) | 33.56; (1.321); 33.37; (1.314) | 37.67; (1.483); 37.38; (1.472) | M34X1-; 6g 0.1R | 30.02; (1.182); 29.77; (1.172) | 34.92; (1.375); 34.67; (1.365) | 45.7; (1.799); 44.7; (1.760) |  |  |  | ,unreviewed
MIL-DTL-38999-44.pdf,3,1,6,19 | F | 51.7; (2.035); 50.7; (1.996) | 36.61; (1.441); 36.42; (1.434) | 40.85; (1.608); 40.56; (1.597) | M38X1-; 6g 0.1R | 32.91; (1.296); 32.66; (1.286) | 38.10; (1.500); 37.85; (1.490) | 48.5; (1.909); 47.5; (1.870) |  |  |  | ,unreviewed
MIL-DTL-38999-44.pdf,3,1,7,21 | G | 54.8; (2.157); 53.8; (2.118) | 39.78; (1.566); 39.59; (1.559) | 44.02; (1.733); 43.73; (1.722) | M41X1-; 6g 0.1R | 36.11; (1.422); 35.86; (1.412) | 41.28; (1.625); 41.03; (1.615) | 51.7; (2.035); 50.7; (1.996) |  |  |  | ,unreviewed
MIL-DTL-38999-44.pdf,3,1,8,23 | H | 58.0; (2.283); 57.0; (2.244) | 42.96; (1.691); 42.77; (1.684) | 47.20; (1.858); 46.91; (1.847) | M44X1-; 6g 0.1R | 39.26; (1.546); 39.01; (1.536) | 44.45; (1.750); 44.20; (1.740) | 54.8; (2.157); 53.8; (2.118) |  |  |  | ,unreviewed
MIL-DTL-38999-44.pdf,3,1,9,25 | J | 61.2; (2.409); 60.2; (2.370) | 46.13; (1.816); 45.94; (1.809) | 50.37; (1.983); 50.08; (1.972) | M47X1-; 6g 0.1R | 42.46; (1.672); 42.21; (1.662) | 47.63; (1.875); 47.38; (1.865) | 58.0; (2.283); 57.0; (2.244) |  |  |  | ,unreviewed
MIL-DTL-38999-44.pdf,4,1,1, |  |  |  |  |  |  | ,unreviewed
MIL-DTL-38999-45.pdf,2,1,1,Shell; size | Shell; size; code | F; dia; max | S; dia; max | T; dia,unreviewed
MIL-DTL-38999-45.pdf,2,1,2,11 | B | 19.9; (.783) | 21.9; (.862) | 20.15; (.793); 19.76; (.777),unreviewed
MIL-DTL-38999-45.pdf,2,1,3,13 | C | 23.1; (.909) | 25.1; (.988) | 23.35; (.919); 22.96; (.903),unreviewed
MIL-DTL-38999-45.pdf,2,1,4,15 | D | 26.3; (1.03) | 28.2; (1.11) | 26.52; (1.04); 26.13; (1.02),unreviewed
MIL-DTL-38999-45.pdf,2,1,5,17 | E | 29.4; (1.157) | 31.4; (1.23) | 29.72; (1.17); 29.33; (1.15),unreviewed
MIL-DTL-38999-45.pdf,2,1,6,19 | F | 31.8; (1.251) | 33.8; (1.33) | 32.87; (1.29); 32.48; (1.27),unreviewed
MIL-DTL-38999-45.pdf,2,1,7,21 | G | 35.0; (1.377) | 37.0; (1.45) | 36.05; (1.41); 35.66; (1.40),unreviewed
MIL-DTL-38999-45.pdf,2,1,8,23 | H | 38.2; (1.503) | 40.2; (1.58) | 39.22; (1.54); 38.83; (1.52),unreviewed
MIL-DTL-38999-45.pdf,2,1,9,25 | J | 41.4; (1.62) | 43.3; (1.70) | 42.40; (1.66); 42.01; (1.65),unreviewed
MIL-DTL-38999-45.pdf,3,1,1,. prefi; ation | x; she |  |  | ,unreviewed
MIL-DTL-38999-45.pdf,3,1,2, |  | et | no. | ,unreviewed
MIL-DTL-38999-45.pdf,3,1,3, | e; ment |  |  | ,unreviewed
MIL-DTL-38999-47.pdf,2,1,1,Shell size | Shell size; code | C; min | E; dia max | S; dia max | W; max | Z max | ,unreviewed
MIL-DTL-38999-47.pdf,2,1,2, |  |  |  |  |  | Mated | Unmated,unreviewed
MIL-DTL-38999-47.pdf,2,1,3,11 | B | 4.8; (.189) | 19.7 (.776) | 26.6; (1.047) | 27.0; (1.063) | 36.5; (1.437) | 38.9; (1.531),unreviewed
MIL-DTL-38999-47.pdf,2,1,4,13 | C |  | 22.9 (.902) | 31.0; (1.220) |  |  | ,unreviewed
MIL-DTL-38999-47.pdf,2,1,5,15 | D |  | 26.4 (1.039) | 34.2; (1.346) |  |  | ,unreviewed
MIL-DTL-38999-47.pdf,2,1,6,17 | E |  | 29.2 (1.150) | 37.4; (1.472) |  |  | ,unreviewed
MIL-DTL-38999-47.pdf,2,1,7,19 | F |  | 32.4 (1.276) | 40.2; (1.583) |  |  | ,unreviewed
MIL-DTL-38999-47.pdf,2,1,8,21 | G |  | 35.6 (1.402) | 43.3; (1.705) |  |  | ,unreviewed
MIL-DTL-38999-47.pdf,2,1,9,23 | H |  | 38.8 (1.528) | 46.5; (1.831) |  |  | ,unreviewed
MIL-DTL-38999-47.pdf,2,1,10,25 | J |  | 41.9 (1.650) | 49.7; (1.957) |  |  | ,unreviewed
MIL-DTL-38999-47.pdf,3,1,1,efix; cation sheet |  |  |  | ,unreviewed
MIL-DTL-38999-47.pdf,3,1,2, |  | n | o. | ,unreviewed
MIL-DTL-38999-47.pdf,3,1,3, |  |  |  | ,unreviewed
MIL-DTL-38999-48.pdf,1,1,1,mm Inches | mm Inches | mm Inches | mm Inches,unreviewed
MIL-DTL-38999-48.pdf,1,1,2,0.17 .007; 0.90 .035; 1.0 .040 | 1.3 .05; 1.5 .06; 1.8 .07 | 2.5 .10; 10.7 .42; 19.2 .76 | 20.8 .82; 25.0 .98,unreviewed
MIL-DTL-38999-48.pdf,2,1,1,Shell; size | Shell; size code | S; dia | T; dia | U; dia | V; dia; max,unreviewed
MIL-DTL-38999-48.pdf,2,1,2,11 | B | 28.1 / 27.8; (1.11 / 1.09) | 26.3 / 26.0; (1.04 / 1.02) | 20.15 / 19.76; (.79 / .78) | 15.88; (.63),unreviewed
MIL-DTL-38999-48.pdf,2,1,3,13 | C | 31.3 / 31.0; (1.23 / 1.22) | 29.5 / 29.2; (1.16 / 1.15) | 23.35 / 22.96; (.92 / .90) | 19.05; (.75),unreviewed
MIL-DTL-38999-48.pdf,2,1,4,15 | D | 34.5 / 34.2; (1.36 / 1.35) | 32.7 / 32.4; (1.29 / 1.28) | 26.52 / 26.13; (1.23 / 1.22) | 23.01; (.91),unreviewed
MIL-DTL-38999-48.pdf,2,1,5,17 | E | 36.7 / 36.4; (1.44 / 1.43) | 34.9 / 34.6; (1.37 / 1.36) | 29.72 /29.33; (1.17 / 1.15) | 25.81; (1.02),unreviewed
MIL-DTL-38999-48.pdf,2,1,6,19 | F | 40.4 / 40.1; (1.59 / 1.58) | 38.6 / 38.3; (1.52 / 1.51) | 32.87 /32.48; (1.29 / 1.28) | 28.98; (1.14),unreviewed
MIL-DTL-38999-48.pdf,2,1,7,21 | G | 44.0 / 43.7; (1.73 / 1.72) | 42.2 / 41.9; (1.66 / 1.65) | 36.05 /33.66; (1.42 / 1.33) | 32.16; (1.27),unreviewed
MIL-DTL-38999-48.pdf,2,1,8,23 | H | 48.2 / 47.9; (1.90 / 1.89) | 46.4 / 46.1; (1.83 / 1.81) | 39.22 / 38.83; (1.54 / 1.53) | 34.93; (1.38),unreviewed
MIL-DTL-38999-48.pdf,2,1,9,25 | J | 50.4 / 50.1; (1.98 / 1.97) | 48.6 / 48.3; (1.91 / 1.90) | 42.40 / 42.01; (1.67 / 1.65) | 37.69; (1.48),unreviewed
MIL-DTL-38999-48.pdf,3,1,1,no. prefi; ication | x; sh |  | ,unreviewed
MIL-DTL-38999-48.pdf,3,1,2, |  | eet n | ,unreviewed
MIL-DTL-38999-48.pdf,3,1,3, | e; ment |  | ,unreviewed
MIL-DTL-38999-49.pdf,2,1,1,Shell; size | Shell; size code | S; dia; max | T; dia | V | W | Z; max,unreviewed
MIL-DTL-38999-49.pdf,2,1,2,11 | B | 26.78; (1.05) | 20.15 / 19.76; (.79 / .78) | 20.8 / 19.2; (.82 / .76) | 2.6 / 2.1; (.10 / .08 ) | 32.0; (1.26),unreviewed
MIL-DTL-38999-49.pdf,2,1,3,13 | C | 31.15; (1.23) | 23.35 / 22.96; (.92 / .90 ) |  |  | ,unreviewed
MIL-DTL-38999-49.pdf,2,1,4,15 | D | 34.32; (1.35) | 26.52 / 26.13; (1.04 / 1.03) |  |  | ,unreviewed
MIL-DTL-38999-49.pdf,2,1,5,17 | E | 37.50; (1.48) | 29.72 / 29.33; (1.17 / 1.15) |  |  | ,unreviewed
MIL-DTL-38999-49.pdf,2,1,6,19 | F | 40.29; (1.59) | 32.87 / 32.48; (1.29 / 1.28) |  |  | ,unreviewed
MIL-DTL-38999-49.pdf,2,1,7,21 | G | 43.46; (1.71) | 36.05 / 35.66; (1.42 / 1.40) |  | 3.4 / 2.9; (.13 / .11) | ,unreviewed
MIL-DTL-38999-49.pdf,2,1,8,23 | H | 46.64; (1.84) | 39.22 /38.83; (1.54 / 1.53) |  |  | ,unreviewed
MIL-DTL-38999-49.pdf,2,1,9,25 | J | 49.89; (1.96) | 42.40 / 42.01; (1.67 / 1.65) |  |  | ,unreviewed
MIL-DTL-38999-50.pdf,1,1,1,mm Inches | mm Inches,unreviewed
MIL-DTL-38999-50.pdf,1,1,2,0.13 .005; 0.40 .016 | 0.90 .035; 20.02 .788,unreviewed
MIL-DTL-38999-50.pdf,2,1,1,Shell; size | Shell; size code | P; dia | R; BSC | S | T; dia | V | W,unreviewed
MIL-DTL-38999-50.pdf,2,1,2,11 | B | 3.5 / 3.1; (.138/.122) | 10.31; (.406) | 26.7 / 25.6; (1.05/1.01) | 20.15 / 19.76; (.793/.778) | 20.8/; 19.2; (.819/; .756) | 2.6/; 2.1; (.102/; .083),unreviewed
MIL-DTL-38999-50.pdf,2,1,3,13 | C |  | 11.51; (.453) | 29.1 / 28.0; (1.15/1.10) | 23.35 / 22.96; (.919/.904) |  | ,unreviewed
MIL-DTL-38999-50.pdf,2,1,4,15 | D |  | 12.31; (.485) | 31.5 / 30.4; (1.24/1.20) | 26.52 / 26.13; (1.04/1.03) |  | ,unreviewed
MIL-DTL-38999-50.pdf,2,1,5,17 | E |  | 13.49; (.531) | 33.9 / 32.8; (1.33/1.29) | 29.72 / 29.33; (1.17/1.15) |  | ,unreviewed
MIL-DTL-38999-50.pdf,2,1,6,19 | F |  | 14.68; (.578) | 37.1 / 36.0; (1.46/1.42) | 32.87 / 32.48; (1.29/1.28) |  | ,unreviewed
MIL-DTL-38999-50.pdf,2,1,7,21 | G |  | 15.88; (.625) | 40.2 / 39.1; (1.58/1.54) | 36.05 / 35.66; (1.42/1.40) |  | 3.4/; 2.9; (.134/; .114),unreviewed
MIL-DTL-38999-50.pdf,2,1,8,23 | H | 4.0 / 3.6; (.157/.142) | 17.46; (.687) | 43.4 / 42.3; (1.71/1.67) | 39.22 / 38.83; (1.54/1.53) |  | ,unreviewed
MIL-DTL-38999-50.pdf,2,1,9,25 | J |  | 19.05; (.750) | 46.6 / 45.5; (1.83/1.79) | 42.40 / 42.01; (1.67/1.65) |  | ,unreviewed
MIL-DTL-38999-50.pdf,3,1,1,Lot size | Sampling size,unreviewed
MIL-DTL-38999-50.pdf,3,1,2,"1 to 13; 14 to 150; 151 to 280; 281 to 500; 501 to 1,200; 1,201 to 3,200; 3,201 and up | 100 percent; 13 units; 20 units; 29 units; 34 units; 42 units; 54 units",unreviewed
MIL-DTL-38999-51.pdf,3,1,1,Dimensions |  |  |  |  |  |  |  |  | ,unreviewed
MIL-DTL-38999-51.pdf,3,1,2,Shell; size | A; max dia | B; max dia | C; dia | D; dia | E; dia | F | H | J; dia; min | U; max,unreviewed
MIL-DTL-38999-51.pdf,3,1,3,11 | 35.05; (1.380) | 20.14; (.793) | 12.929; (.509); 12.776; (.503) | 14.986; (.590); 14.884; (.586) | 16.26; (.640); 16.15; (.636) | 17.145; (.675); 16.993; (.669) | 7.010; (.276) | 10.74; (.423) | 1.651; (.065),unreviewed
MIL-DTL-38999-51.pdf,3,1,4,13 | 39.88; (1.570) | 23.34; (.919) | 16.10; (.634); 15.95; (.628) | 18.313; (.721); 18.212; (.717) | 19.33; (.761); 19.23; (.757) |  |  | 13.64; (.537) | ,unreviewed
MIL-DTL-38999-51.pdf,3,1,5,15 | 42.17; (1.660) | 26.52; (1.044) | 19.28; (.759); 19.13; (.753) | 21.463; (.845); 21.361; (.841) | 22.48; (.885); 22.38; (.881) |  |  | 16.81; (.662) | 2.159; (.085),unreviewed
MIL-DTL-38999-51.pdf,3,1,6,17 | 49.47; (1.790) | 29.72; (1.170) | 22.48; (.885); 22.33; (.879) | 24.638; (.970); 24.536; (.966) | 25.65; (1.010); 25.55; (1.006) |  |  | 19.99; (.787) | ,unreviewed
MIL-DTL-38999-51.pdf,3,1,7,19 | 48.77; (1.920) | 32.87; (1.294) | 25.63; (1.009); 25.48; (1.003) | 27.81; (1.095); 27.76; (1.093) | 27.66; (1.089); 27.56; (1.085) | 16.891; (.665); 16.739; (.659) | 6.756; (.266) | 22.25; (.876) | 2.667; (.105),unreviewed
MIL-DTL-38999-51.pdf,3,1,8,21 | 52.33; (2.060) | 36.04; (1.419) | 28.80; (1.134); 28.65; (1.128) | 30.99; (1.220); 30.48; (1.200) | 30.84; (1.214); 30.73; (1.210) |  |  | 25.43; (1.001) | ,unreviewed
MIL-DTL-38999-51.pdf,3,1,9,23 | 57.15; (2.250) | 39.22; (1.544) | 31.98; (1.259); 31.83; (1.253) | 34.29; (1.350); 33.78; (1.330) | 34.11; (1.343); 34.01; (1.339) |  |  | 28.60; (1.126) | 3.175; (.125),unreviewed
MIL-DTL-38999-51.pdf,3,1,10,25 | 60.45; (2.380) | 42.39; (1.669) | 35.15; (1.384); 35.00; (1.378) | 37.34; (1.470); 36.83; (1.450) | 37.34; (1.470); 37.24; (1.466) |  |  | 31.78; (1.251) | ,unreviewed
MIL-DTL-38999-51.pdf,4,1,1,Dimensions |  |  |  | ,unreviewed
MIL-DTL-38999-51.pdf,4,1,2,Shell; size | K; dia max | L; dia min | M | N,unreviewed
MIL-DTL-38999-51.pdf,4,1,3,11 | 27.0; (1.063) | 18.0; (.709) | 20.50; (.807); 18.00; (.709) | 127.00; (5.00),unreviewed
MIL-DTL-38999-51.pdf,4,1,4,13 | 30.0; (1.181) | 20.0; (.788) | 27.00; (1.06); 20.00; (.788) | 127.00; (5.00),unreviewed
MIL-DTL-38999-51.pdf,4,1,5,15 | 31.0; (1.220) | 23.0; (.907) | 22.50; (0.886); 18.00; (.709) | 127.00; (5.00),unreviewed
MIL-DTL-38999-51.pdf,4,1,6,17 | 37.0; (1.457) | 26.0; (1.025) | 30.50; ( 1.201 ); 23.50 | 127.00; (5.00),unreviewed
MIL-DTL-38999-51.pdf,5,1,1, |  |  | (.925) | ,unreviewed
MIL-DTL-38999-51.pdf,5,2,1,Shell; size | K; dia max | L; dia min | M | N,unreviewed
MIL-DTL-38999-51.pdf,5,2,2,19 | 40.0; (1.575) | 29.0; (1.141) | 31.50; (1.240); 25.00; (.984) | 127.00; (5.00),unreviewed
MIL-DTL-38999-51.pdf,5,2,3,21 | 44.0; (1.732) | 32.0; (1.260) | 33.00; (1.30); 26.50; (1.043) | 127.00; (5.00),unreviewed
MIL-DTL-38999-51.pdf,5,2,4,23 | 46.0; (1.811) | 34.0; (1.339) | 34.000; (1.339); 27.50; (1.083) | 127.00; (5.00),unreviewed
MIL-DTL-38999-51.pdf,5,2,5,25 | 49.0; (1.929) | 39.0; (1.538) | 38.00; ( 1.496 ); 30.00; (1.181) | 127.00; (5.00),unreviewed
MIL-DTL-38999-51.pdf,6,1,1, | ,unreviewed
MIL-DTL-38999-51.pdf,6,1,2,Lot size | Sampling size,unreviewed
MIL-DTL-38999-51.pdf,6,1,3,"1 to 13; 14 to 150; 151 to 280; 281 to 500; 501 to 1,200; 1,201 to 3,200 | 100 percent; 13 units; 20 units; 29 units; 34 units; 42 units",unreviewed
MIL-DTL-38999-52.pdf,1,1,1,mm Inches | mm Inches | mm Inches,unreviewed
MIL-DTL-38999-52.pdf,1,1,2,4.80 .189; 6.35 .25 | 27.64 1.088; 27.79 1.094 | 34.93 1.375; 127.00 5.00,unreviewed
MIL-DTL-38999-52.pdf,2,1,1,Dimensions |  |  | ,unreviewed
MIL-DTL-38999-52.pdf,2,1,2,Shell; size | A; dia; max | B; dia; max | C; BSC,unreviewed
MIL-DTL-38999-52.pdf,2,1,3,11 | 26.59 (1.047) | 19.18 (.775) | 2.84 (.112),unreviewed
MIL-DTL-38999-52.pdf,2,1,4,13 | 30.99 (1.220) | 22.86 (.900) | 2.87 (.113),unreviewed
MIL-DTL-38999-52.pdf,2,1,5,15 | 34.19 (1.346) | 26.42 (1.040) | 3.37 (.133),unreviewed
MIL-DTL-38999-52.pdf,2,1,6,17 | 37.39 (1.472) | 29.21 (1.150) | 3.37 (.133),unreviewed
MIL-DTL-38999-52.pdf,2,1,7,19 | 40.21 (1.583) | 32.39 (1.275) | 3.89 (.153),unreviewed
MIL-DTL-38999-52.pdf,2,1,8,21 | 43.31 (1.705) | 35.56 (1.400) | 3.89 (.153),unreviewed
MIL-DTL-38999-52.pdf,2,1,9,23 | 46.50 (1.831) | 38.74 (1.525) | 4.39 (.173),unreviewed
MIL-DTL-38999-52.pdf,2,1,10,25 | 49.71 (1.957) | 41.91 (1.650) | 4.39 (.173),unreviewed
MIL-DTL-38999-52.pdf,2,2,1,Dimensions |  |  |  | ,unreviewed
MIL-DTL-38999-52.pdf,2,2,2,Shell; size | D°; BSC; REF | E°; BSC; REF | F°; BSC; REF | G°; BSC; REF,unreviewed
MIL-DTL-38999-52.pdf,2,2,3,11 | 47° 21’ | 148° 21’ | 211° 47’ | 312° 39’,unreviewed
MIL-DTL-38999-52.pdf,2,2,4,13 | 46° 34’ | 148° 22’ | 211° 38’ | 313° 26’,unreviewed
MIL-DTL-38999-52.pdf,2,2,5,15 | 46° 23’ | 148° 35’ | 211° 25’ | 313° 37’,unreviewed
MIL-DTL-38999-52.pdf,2,2,6,17 | 46° 11’ | 148° 47’ | 211° 13’ | 313° 49’,unreviewed
MIL-DTL-38999-52.pdf,2,2,7,19 | 45° 33’ | 149° 27’ | 210° 33’ | 314° 27’,unreviewed
MIL-DTL-38999-52.pdf,2,2,8,21 | 45° 28’ | 149° 29’ | 210° 31’ | 314° 32’,unreviewed
MIL-DTL-38999-52.pdf,2,2,9,23 | 45° 25’ | 149° 29’ | 210° 31’ | 314° 35’,unreviewed
MIL-DTL-38999-52.pdf,2,2,10,25 | 45° 30’ | 149° 34’ | 210° 26’ | 314° 30’,unreviewed
MIL-DTL-38999-52.pdf,3,1,1,"Shell; size | K; dia max; (class H,; N and Y) | K; dia max; (see note 4; for classes) | L; dia min; (class H,; N and Y) | L; dia min; (see note 4; for classes) | M; (class H,; N and Y) | M; (see note 4; for classes) | N",unreviewed
MIL-DTL-38999-52.pdf,3,1,2,11 | 32.0; (1.26) | 35.0; (1.38) | 21.97; (.86) | 25.12; (.99) | 21.00 / 18.00; (.83/.71) | 22.50 /19.50; (.89/.76) | 127.00; (5.00),unreviewed
MIL-DTL-38999-52.pdf,3,1,3,13 | 37.0; (1.46) | 37.0; (1.46) | 25.12; (.99) | 29.92; (1.18) | 22.50 / 18.50; (.89/.73) | 25.00 /23.50; (.98/.93) | 127.00; (5.00),unreviewed
MIL-DTL-38999-52.pdf,3,1,4,15 | 40.0; (1.57) | 42; (1.65) | 29.92; (1.18) | 31.50; (1.24) | 25.00 / 23.50; (.98/.93) | 27.00 / 24.50; (1.06/.96) | 127.00; (5.00),unreviewed
MIL-DTL-38999-52.pdf,3,1,5,17 | 44.0; (1.73) | 46; (1.81) | 32.00; (1.26) | 34.75; (1.37) | 31.00 / 25.00; (1.22/.98) | 32.00 / 26.00; (1.26/1.02) | 127.00; (5.00),unreviewed
MIL-DTL-38999-52.pdf,3,1,6,19 | 46.0; (1.81) | 49.0; (1.93) | 36.27; (1.43) | 38.05; (1.50) | 32.50 / 26.50; (1.28/1.04) | 34.00 / 28.00; (1.34/1.10) | 127.00; (5.00),unreviewed
MIL-DTL-38999-52.pdf,3,1,7,21 | 49.0; (1.93) | 54.0; (2.13) | 38.25; (1.51) | 42.55; (1.68) | 34.00 / 28.00; (1.34/1.10) | 36.50 / 30.50; (1.44/1.20) | 127.00; (5.00),unreviewed
MIL-DTL-38999-52.pdf,3,1,8,23 | 54.0; (2.13) | 56.0; (2.20) | 42.62; (1.68) | 44.35; (1.75) | 35.50 / 30.00; (1.40/1.18) | 36.50 / 31.00; (1.44/1.22) | 127.00; (5.00),unreviewed
MIL-DTL-38999-52.pdf,3,1,9,25 | 56.0; (2.20) | 59.0; (2.32) | 44.45; (1.75) | 47.55; (1.87) | 37.50 / 31.50; (1.48/1.24) | 39.00 / 33.00; (1.54/1.30) | 127.00; (5.00),unreviewed
MIL-DTL-38999-52.pdf,5,1,1, | ,unreviewed
MIL-DTL-38999-52.pdf,5,1,2,Lot size | Sampling size,unreviewed
MIL-DTL-38999-52.pdf,5,1,3,"1 to 13; 14 to 150; 151 to 280; 281 to 500; 501 to 1,200; 1,201 to 3,200; 3,201 and up | 100 percent; 13 units; 20 units; 29 units; 34 units; 42 units; 54 units",unreviewed
MIL-DTL-38999-60.pdf,2,1,1,Dimensions |  |  |  |  | ,unreviewed
MIL-DTL-38999-60.pdf,2,1,2,Shell; size | Shell size; code | B dia; + .2; - .0 | K max | S; dia max | Z max,unreviewed
MIL-DTL-38999-60.pdf,2,1,3,25 | J | 44.3 | 44.9 | 48.0 | 31.0,unreviewed
MIL-DTL-38999-61.pdf,2,1,1,Dimensions |  |  |  |  |  | ,unreviewed
MIL-DTL-38999-61.pdf,2,1,2,Shell size | Shell size; code | P; ± 0.20 | PP; ± 0.20 | R1; (see note 2) | R2; (see note 3) | S; ± 0.30,unreviewed
MIL-DTL-38999-61.pdf,2,1,3,25 | J | 3.91 | 6.15 | 38.10 | 34.93 | 46.00,unreviewed
MIL-DTL-38999-61.pdf,2,2,1,Dimensions |  |  |  | ,unreviewed
MIL-DTL-38999-61.pdf,2,2,2,Shell; size | Shell size; code | V; + 0.00; - 0.13 | W | Z; max,unreviewed
MIL-DTL-38999-61.pdf,2,2,3,25 | J | 20.07 | 3.20/2.10 | 31.50,unreviewed
MIL-DTL-38999-62.pdf,3,1,1,Lot size | Sampling size,unreviewed
MIL-DTL-38999-62.pdf,3,1,2,"1 to 13; 14 to 150; 151 to 280; 281 to 500; 501 to 1,200; 1,201 to 3,200; 3,201 and up | 100 percent; 13 units; 20 units; 29 units; 34 units; 42 units; 54 units",unreviewed
MIL-DTL-38999-9.pdf,3,1,1,Dimensions |  |  |  |  |  |  |  | ,unreviewed
MIL-DTL-38999-9.pdf,3,1,2,Shell; size | K; +.015; -.000 | M; ±.010 | T; dia; +.010; -.005 | R; BSC | S; ±.020 | J; +.010; -.015 | X; (TP) | Y; (TP),unreviewed
MIL-DTL-38999-9.pdf,3,1,3,9 | .085 | .727 | .128 | .3595 | .938 | .567 | 77° | 113°,unreviewed
MIL-DTL-38999-9.pdf,3,1,4,11 |  |  |  | .406 | 1.031 |  | 67° | 123°,unreviewed
MIL-DTL-38999-9.pdf,3,1,5,13 |  |  |  | .453 | 1.125 |  | 63° | 127°,unreviewed
MIL-DTL-38999-9.pdf,3,1,6,15 |  |  |  | .4845 | 1.219 |  | 61° | 129°,unreviewed
MIL-DTL-38999-9.pdf,3,1,7,17 |  |  |  | .531 | 1.312 |  | 65° | 125°,unreviewed
MIL-DTL-38999-9.pdf,3,1,8,19 |  |  |  | .578 | 1.438 |  | 65° | 125°,unreviewed
MIL-DTL-38999-9.pdf,3,1,9,21 | .115 | .697 |  | .625 | 1.562 |  | 65° | 125°,unreviewed
MIL-DTL-38999-9.pdf,3,1,10,23 |  |  | .147 | .6875 | 1.688 |  | 69° | 121°,unreviewed
MIL-DTL-38999-9.pdf,3,1,11,25 |  |  |  | .750 | 1.812 |  | 69° | 121°,unreviewed
MIL-DTL-38999-9.pdf,3,2,1,Inches mm | Inches mm | Inches mm | Inches mm,unreviewed
MIL-DTL-38999-9.pdf,3,2,2,.005 0.13; .010 0.25; .015 0.38; .063 1.60; .085 2.16; .115 2.92; .128 3.25; .147 3.73 | .3539 9.13; .406 10.31; .453 11.51; .4845 12.31; .531 13.49; .567 14.30; .578 14.68; .602 15.29 | .625 15.88; .632 16.05; .6875 17.46; .697 17.70; .727 18.47; .750 19.05; .938 23.83; 1.031 26.19 | 1.125 28.58; 1.219 30.96; 1.312 33.32; 1.438 36.53; 1.562 39.67; 1.688 42.88; 1.812 46.02,unreviewed
MIL-DTL-38999-9.pdf,4,1,1,mber prefix; cation sheet number; ze | ,unreviewed
MIL-DTL-38999-9.pdf,5,1,1,Lot size | Sampling size,unreviewed
MIL-DTL-38999-9.pdf,5,1,2,"1 to 13; 14 to 150; 151 to 280; 281 to 500; 501 to 1,200; 1,201 to 3,200; 3,201 and up | 100 percent; 13 units; 20 units; 29 units; 34 units; 42 units; 54 units",unreviewed
