arrangement,contact_id,x,y,unit,pdf_page,status
9-3,A,+.056,+.018,in,20,unreviewed
9-3,B,+.000,-.079,in,20,unreviewed
9-3,C,-.056,+.018,in,20,unreviewed
9-6,1,+.045,+.078,in,21,unreviewed
9-6,2,+.078,-.045,in,21,unreviewed
9-6,3,+.000,-.090,in,21,unreviewed
9-6,4,-.078,-.045,in,21,unreviewed
9-6,5,-.045,+.078,in,21,unreviewed
9-6,6,+.000,+.000,in,21,unreviewed
9-7,A,+1.18,+2.06,in,22,unreviewed
9-7,G,+.000,+.000,in,22,unreviewed
9-23,1,+.000,+.105,in,23,unreviewed
9-23,6,-.074,-.074,in,23,unreviewed
9-23,2,+.074,+.074,in,23,unreviewed
9-23,7,-.105,+.000,in,23,unreviewed
9-23,3,+.105,+.000,in,23,unreviewed
9-23,8,-.074,+.074,in,23,unreviewed
9-23,4,+.074,-.074,in,23,unreviewed
9-23,9,+.000,+.000,in,23,unreviewed
9-23,5,+.000,-.105,in,23,unreviewed
9-35,1,+.045,+.078,in,24,unreviewed
9-35,2,+.078,-.045,in,24,unreviewed
9-35,3,+.000,-.090,in,24,unreviewed
9-35,4,-.078,-.045,in,24,unreviewed
9-35,5,-.045,+.078,in,24,unreviewed
9-35,6,+.000,+.000,in,24,unreviewed
9-44,1,+.000,+.081,in,25,unreviewed
9-44,2,+.080,+.021,in,25,unreviewed
9-44,3,+.000,-.050,in,25,unreviewed
9-44,4,-.080,+.021,in,25,unreviewed
9-98,A,+.065,+.038,in,26,unreviewed
9-98,B,+.000,-.075,in,26,unreviewed
9-98,C,-.065,+.038,in,26,unreviewed
11-2,A,+.095,+.000,in,27,unreviewed
11-2,B,-.095,+.000,in,27,unreviewed
11-4,A,+.065,+.065,in,28,unreviewed
11-4,B,+.065,-.065,in,28,unreviewed
11-4,C,-.065,-.065,in,28,unreviewed
11-4,D,-.065,+.065,in,28,unreviewed
11-5,A,+.065,+.056,in,29,unreviewed
11-5,B,+.113,-.065,in,29,unreviewed
11-5,C,+.000,-.130,in,29,unreviewed
11-5,D,-.113,-.065,in,29,unreviewed
11-5,E,-.065,+.056,in,29,unreviewed
11-13,1,+.000,+.146,in,30,unreviewed
11-13,8,-.138,-.045,in,30,unreviewed
11-13,2,+.085,+.118,in,30,unreviewed
11-13,9,-.138,+.045,in,30,unreviewed
11-13,3,+.138,+.045,in,30,unreviewed
11-13,10,-.085,+.118,in,30,unreviewed
11-13,4,+.138,-.045,in,30,unreviewed
11-13,11,+.000,+.056,in,30,unreviewed
11-13,5,+.085,-.118,in,30,unreviewed
11-13,12,+.049,-.035,in,30,unreviewed
11-13,6,+.000,-.146,in,30,unreviewed
11-13,13,-.049,-.035,in,30,unreviewed
11-13,7,-.085,-.118,in,30,unreviewed
11-23,1,+.000,+.161,in,31,unreviewed
11-23,11,-.139,+.080,in,31,unreviewed
11-23,2,+.070,+.120,in,31,unreviewed
11-23,12,-.070,+.120,in,31,unreviewed
11-23,3,+.139,+.080,in,31,unreviewed
11-23,13,+.000,+.080,in,31,unreviewed
11-23,4,+.139,+.000,in,31,unreviewed
11-23,14,+.070,+.040,in,31,unreviewed
11-23,5,+.139,-.080,in,31,unreviewed
11-23,15,+.070,-.040,in,31,unreviewed
11-23,6,+.070,-.120,in,31,unreviewed
11-23,16,+.000,-.080,in,31,unreviewed
11-23,7,+.000,-.161,in,31,unreviewed
11-23,17,-.070,-.040,in,31,unreviewed
11-23,8,-.070,-.120,in,31,unreviewed
11-23,18,-.070,+.040,in,31,unreviewed
11-23,9,-.139,-.080,in,31,unreviewed
11-23,19,+.000,+.000,in,31,unreviewed
11-23,10,-.139,+.000,in,31,unreviewed
11-35,1,+.000,+.146,in,32,unreviewed
11-35,8,-.138,-.045,in,32,unreviewed
11-35,2,+.085,+.118,in,32,unreviewed
11-35,9,-.138,+.045,in,32,unreviewed
11-35,3,+.138,+.045,in,32,unreviewed
11-35,10,-.085,+.118,in,32,unreviewed
11-35,4,+.138,-.045,in,32,unreviewed
11-35,11,+.000,+.056,in,32,unreviewed
11-35,5,+.085,-.118,in,32,unreviewed
11-35,12,+.049,-.035,in,32,unreviewed
11-35,6,+.000,-.146,in,32,unreviewed
11-35,13,-.049,-.035,in,32,unreviewed
11-35,7,-.085,-.118,in,32,unreviewed
11-98,A,+.000,+.130,in,33,unreviewed
11-98,B,+.130,+.000,in,33,unreviewed
11-98,C,+.065,-.113,in,33,unreviewed
11-98,D,-.065,-.113,in,33,unreviewed
11-98,E,-.130,+.000,in,33,unreviewed
11-98,F,+.000,+.000,in,33,unreviewed
11-99,A,+.065,+.113,in,34,unreviewed
11-99,B,+.130,+.000,in,34,unreviewed
11-99,C,+.065,-.113,in,34,unreviewed
11-99,D,-.065,-.113,in,34,unreviewed
11-99,E,-.130,+.000,in,34,unreviewed
11-99,F,-.065,+.113,in,34,unreviewed
11-99,G,+.000,+.000,in,34,unreviewed
13-4,A,+.000,+.150,in,35,unreviewed
13-4,B,+.146,+.035,in,35,unreviewed
13-4,C,+.000,-.083,in,35,unreviewed
13-4,D,-.146,+.035,in,35,unreviewed
13-8,A,+.065,+.157,in,36,unreviewed
13-8,B,+.170,+.000,in,36,unreviewed
13-8,C,+.120,-.120,in,36,unreviewed
13-8,D,+.000,-.170,in,36,unreviewed
13-8,E,-.120,-.120,in,36,unreviewed
13-8,F,-.170,+.000,in,36,unreviewed
13-8,G,-.065,+.157,in,36,unreviewed
13-8,H,+.000,+.044,in,36,unreviewed
13-22,1,+.045,+.197,in,37,unreviewed
13-22,12,-.182,+.088,in,37,unreviewed
13-22,2,+.126,+.158,in,37,unreviewed
13-22,13,-.126,+.158,in,37,unreviewed
13-22,3,+.182,+.088,in,37,unreviewed
13-22,14,-.045,+.197,in,37,unreviewed
13-22,4,+.203,+.000,in,37,unreviewed
13-22,15,+.045,+.107,in,37,unreviewed
13-22,5,+.182,-.088,in,37,unreviewed
13-22,16,+.117,+.026,in,37,unreviewed
13-22,6,+.126,-.158,in,37,unreviewed
13-22,17,+.093,-.075,in,37,unreviewed
13-22,7,+.045,-.197,in,37,unreviewed
13-22,18,+.000,-.120,in,37,unreviewed
13-22,8,-.045,-.197,in,37,unreviewed
13-22,19,-.093,-.075,in,37,unreviewed
13-22,9,-.126,-.158,in,37,unreviewed
13-22,20,-.117,+.026,in,37,unreviewed
13-22,10,-.182,-.088,in,37,unreviewed
13-22,21,-.045,+.107,in,37,unreviewed
13-22,11,-.203,+.000,in,37,unreviewed
13-22,22,+.000,-.030,in,37,unreviewed
13-23,1,+.000,+.224,in,39,unreviewed
13-23,17,-.081,+.209,in,39,unreviewed
13-23,2,+.081,+.209,in,39,unreviewed
13-23,18,+.000,+.143,in,39,unreviewed
13-23,3,+.151,+.165,in,39,unreviewed
13-23,19,+.078,+.121,in,39,unreviewed
13-23,4,+.200,+.100,in,39,unreviewed
13-23,20,+.130,+.059,in,39,unreviewed
13-23,5,+.223,+.021,in,39,unreviewed
13-23,21,+.142,-.021,in,39,unreviewed
13-23,6,+.215,-.061,in,39,unreviewed
13-23,22,+.108,-.094,in,39,unreviewed
13-23,7,+.178,-.135,in,39,unreviewed
13-23,23,+.041,-.137,in,39,unreviewed
13-23,8,+.118,-.190,in,39,unreviewed
13-23,24,-.041,-.137,in,39,unreviewed
13-23,9,+.041,-.220,in,39,unreviewed
13-23,25,-.108,-.094,in,39,unreviewed
13-23,10,-.041,-.220,in,39,unreviewed
13-23,26,-.142,-.021,in,39,unreviewed
13-23,11,-.118,-.190,in,39,unreviewed
13-23,27,-.130,+.059,in,39,unreviewed
13-23,12,-.178,-.135,in,39,unreviewed
13-23,28,-.078,+.121,in,39,unreviewed
13-23,13,-.215,-.061,in,39,unreviewed
13-23,29,+.000,+.063,in,39,unreviewed
13-23,14,-.223,+.021,in,39,unreviewed
13-23,30,+.063,+.000,in,39,unreviewed
13-23,15,-.200,+.100,in,39,unreviewed
13-23,31,+.000,-.063,in,39,unreviewed
13-23,16,-.151,+.165,in,39,unreviewed
13-23,32,-.063,+.000,in,39,unreviewed
13-35,1,+.045,+.197,in,40,unreviewed
13-35,12,-.182,+.088,in,40,unreviewed
13-35,2,+.126,+.158,in,40,unreviewed
13-35,13,-.126,+.158,in,40,unreviewed
13-35,3,+.182,+.088,in,40,unreviewed
13-35,14,-.045,+.197,in,40,unreviewed
13-35,4,+.203,+.000,in,40,unreviewed
13-35,15,+.045,+.107,in,40,unreviewed
13-35,5,+.182,-.088,in,40,unreviewed
13-35,16,+.117,+.026,in,40,unreviewed
13-35,6,+.126,-.158,in,40,unreviewed
13-35,17,+.093,-.075,in,40,unreviewed
13-35,7,+.045,-.197,in,40,unreviewed
13-35,18,+.000,-.120,in,40,unreviewed
13-35,8,-.045,-.197,in,40,unreviewed
13-35,19,-.093,-.075,in,40,unreviewed
13-35,9,-.126,-.158,in,40,unreviewed
13-35,20,-.117,+.026,in,40,unreviewed
13-35,10,-.182,-.088,in,40,unreviewed
13-35,21,-.045,+.107,in,40,unreviewed
13-35,11,-.203,+.000,in,40,unreviewed
13-35,22,+.000,-.030,in,40,unreviewed
13-98,A,+.000,+.195,in,41,unreviewed
13-98,B,+.125,+.150,in,41,unreviewed
13-98,C,+.193,+.030,in,41,unreviewed
13-98,D,+.164,-.105,in,41,unreviewed
13-98,E,+.000,-.135,in,41,unreviewed
13-98,F,-.164,-.105,in,41,unreviewed
13-98,G,-.193,+.030,in,41,unreviewed
13-98,H,-.125,+.150,in,41,unreviewed
13-98,J,+.065,-.015,in,41,unreviewed
13-98,K,-.065,-.015,in,41,unreviewed
15-5,A,+.000,+.100,in,42,unreviewed
15-5,B,+.174,+.024,in,42,unreviewed
15-5,C,+.094,-.148,in,42,unreviewed
15-5,D,-.094,-.148,in,42,unreviewed
15-5,E,-.174,+.024,in,42,unreviewed
15-15,A,+.100,+.225,in,43,unreviewed
15-15,J,-.244,+.014,in,43,unreviewed
15-15,B,+.202,+.140,in,43,unreviewed
15-15,K,-.202,+.140,in,43,unreviewed
15-15,C,+.244,+.014,in,43,unreviewed
15-15,L,-.100,+.225,in,43,unreviewed
15-15,D,+.218,-.113,in,43,unreviewed
15-15,M,+.000,+.140,in,43,unreviewed
15-15,E,+.126,-.209,in,43,unreviewed
15-15,N,+.110,+.040,in,43,unreviewed
15-15,F,+.000,-.245,in,43,unreviewed
15-15,P,+.000,-.077,in,43,unreviewed
15-15,G,-.126,-.209,in,43,unreviewed
15-15,R,-.110,+.040,in,43,unreviewed
15-15,H,-.218,-.113,in,43,unreviewed
15-18,A,+.065,+.252,in,44,unreviewed
15-18,K,-.195,+.113,in,44,unreviewed
15-18,B,+.195,+.113,in,44,unreviewed
15-18,L,-.065,+.252,in,44,unreviewed
15-18,C,+.260,+.000,in,44,unreviewed
15-18,M,-.065,+.113,in,44,unreviewed
15-18,D,+.195,-.113,in,44,unreviewed
15-18,N,+.065,+.113,in,44,unreviewed
15-18,E,+.130,-.225,in,44,unreviewed
15-18,P,+.130,+.000,in,44,unreviewed
15-18,F,+.000,-.225,in,44,unreviewed
15-18,R,+.065,-.113,in,44,unreviewed
15-18,G,-.130,-.225,in,44,unreviewed
15-18,S,-.065,-.113,in,44,unreviewed
15-18,H,-.195,-.113,in,44,unreviewed
15-18,T,-.130,+.000,in,44,unreviewed
15-18,J,-.260,+.000,in,44,unreviewed
15-18,U,+.000,+.000,in,44,unreviewed
15-19,A,+.000,+.225,in,45,unreviewed
15-19,L,-.195,+.113,in,45,unreviewed
15-19,B,+.130,+.225,in,45,unreviewed
15-19,M,-.130,+.225,in,45,unreviewed
15-19,C,+.195,+.113,in,45,unreviewed
15-19,N,-.065,+.113,in,45,unreviewed
15-19,D,+.260,+.000,in,45,unreviewed
15-19,P,+.065,+.113,in,45,unreviewed
15-19,E,+.195,-.113,in,45,unreviewed
15-19,R,+.130,+.000,in,45,unreviewed
15-19,F,+.130,-.225,in,45,unreviewed
15-19,S,+.065,-.113,in,45,unreviewed
15-19,G,+.000,-.225,in,45,unreviewed
15-19,T,-.065,-.113,in,45,unreviewed
15-19,H,-.130,-.225,in,45,unreviewed
15-19,U,-.130,+.000,in,45,unreviewed
15-19,J,-.195,-.113,in,45,unreviewed
15-19,V,+.000,+.000,in,45,unreviewed
15-19,K,-.260,+.000,in,45,unreviewed
15-21,A,+.105,+.242,in,46,unreviewed
15-21,M,-.105,+.242,in,46,unreviewed
15-21,B,+.250,+.075,in,46,unreviewed
15-21,N,+.000,+.185,in,46,unreviewed
15-21,C,+.270,-.020,in,46,unreviewed
15-21,P,+.120,+.115,in,46,unreviewed
15-21,D,+.215,-.125,in,46,unreviewed
15-21,R,+.170,-.020,in,46,unreviewed
15-21,E,+.137,-.221,in,46,unreviewed
15-21,S,+.095,-.140,in,46,unreviewed
15-21,F,+.048,-.256,in,46,unreviewed
15-21,T,+.000,-.170,in,46,unreviewed
15-21,G,-.048,-.256,in,46,unreviewed
15-21,U,-.095,-.140,in,46,unreviewed
15-21,H,-.137,-.221,in,46,unreviewed
15-21,V,-.170,-.020,in,46,unreviewed
15-21,J,-.215,-.125,in,46,unreviewed
15-21,W,-.120,+.115,in,46,unreviewed
15-21,K,-.270,-.020,in,46,unreviewed
15-21,X,+.000,-.000,in,46,unreviewed
15-21,L,-.250,+.075,in,46,unreviewed
15-23,1,-.080,+.278,in,48,unreviewed
15-23,29,+.080,+.000,in,48,unreviewed
15-23,2,+.000,+.278,in,48,unreviewed
15-23,30,+.161,+.000,in,48,unreviewed
15-23,3,+.080,+.278,in,48,unreviewed
15-23,31,+.241,+.000,in,48,unreviewed
15-23,4,-.201,+.209,in,48,unreviewed
15-23,32,-.281,-.070,in,48,unreviewed
15-23,5,-.121,+.209,in,48,unreviewed
15-23,33,-.201,-.070,in,48,unreviewed
15-23,6,-.040,+.209,in,48,unreviewed
15-23,34,-.121,-.070,in,48,unreviewed
15-23,7,+.040,+.209,in,48,unreviewed
15-23,35,-.040,-.070,in,48,unreviewed
15-23,8,+.121,+.209,in,48,unreviewed
15-23,36,+.040,-.070,in,48,unreviewed
15-23,9,+.201,+.209,in,48,unreviewed
15-23,37,+.121,-.070,in,48,unreviewed
15-23,10,-.241,+.139,in,48,unreviewed
15-23,38,+.201,-.070,in,48,unreviewed
15-23,11,-.161,+.139,in,48,unreviewed
15-23,39,+.281,-.070,in,48,unreviewed
15-23,12,-.080,+.139,in,49,unreviewed
15-23,40,-.241,-.139,in,49,unreviewed
15-23,13,+.000,+.139,in,49,unreviewed
15-23,41,-.161,-.139,in,49,unreviewed
15-23,14,+.080,+.139,in,49,unreviewed
15-23,42,-.080,-.139,in,49,unreviewed
15-23,15,+.161,+.139,in,49,unreviewed
15-23,43,+.000,-.139,in,49,unreviewed
15-23,16,+.241,+.139,in,49,unreviewed
15-23,44,+.080,-.139,in,49,unreviewed
15-23,17,-.281,+.070,in,49,unreviewed
15-23,45,+.161,-.139,in,49,unreviewed
15-23,18,-.201,+.070,in,49,unreviewed
15-23,46,+.241,-.139,in,49,unreviewed
15-23,19,-.121,+.070,in,49,unreviewed
15-23,47,-.201,-.209,in,49,unreviewed
15-23,20,-.040,+.070,in,49,unreviewed
15-23,48,-.121,-.209,in,49,unreviewed
15-23,21,+.040,+.070,in,49,unreviewed
15-23,49,-.040,-.209,in,49,unreviewed
15-23,22,+.121,+.070,in,49,unreviewed
15-23,50,+.040,-.209,in,49,unreviewed
15-23,23,+.201,+.070,in,49,unreviewed
15-23,51,+.121,-.209,in,49,unreviewed
15-23,24,+.281,+.070,in,49,unreviewed
15-23,52,+.201,-.209,in,49,unreviewed
15-23,25,-.241,+.000,in,49,unreviewed
15-23,53,-.080,-.278,in,49,unreviewed
15-23,26,-.161,+.000,in,49,unreviewed
15-23,54,+.000,-.278,in,49,unreviewed
15-23,27,-.080,+.000,in,49,unreviewed
15-23,55,+.080,-.278,in,49,unreviewed
15-23,28,+.000,+.000,in,49,unreviewed
15-35,1,+.045,+.262,in,50,unreviewed
15-35,20,+.123,+.119,in,50,unreviewed
15-35,2,+.123,+.217,in,50,unreviewed
15-35,21,+.170,+.040,in,50,unreviewed
15-35,3,+.211,+.160,in,50,unreviewed
15-35,22,+.170,-.050,in,50,unreviewed
15-35,4,+.254,+.080,in,50,unreviewed
15-35,23,+.123,-.127,in,50,unreviewed
15-35,5,+.266,-.010,in,50,unreviewed
15-35,24,+.045,-.172,in,50,unreviewed
15-35,6,+.247,-.098,in,50,unreviewed
15-35,25,-.045,-.172,in,50,unreviewed
15-35,7,+.200,-.175,in,50,unreviewed
15-35,26,-.123,-.127,in,50,unreviewed
15-35,8,+.130,-.232,in,50,unreviewed
15-35,27,-.170,-.050,in,50,unreviewed
15-35,9,+.045,-.262,in,50,unreviewed
15-35,28,-.170,+.040,in,50,unreviewed
15-35,10,-.045,-.262,in,50,unreviewed
15-35,29,-.123,+.119,in,50,unreviewed
15-35,11,-.130,-.232,in,50,unreviewed
15-35,30,-.045,+.172,in,50,unreviewed
15-35,12,-.200,-.175,in,50,unreviewed
15-35,31,+.045,+.074,in,50,unreviewed
15-35,13,-.247,-.098,in,50,unreviewed
15-35,32,+.090,-.004,in,50,unreviewed
15-35,14,-.266,-.010,in,50,unreviewed
15-35,33,+.045,-.082,in,50,unreviewed
15-35,15,-.254,+.080,in,50,unreviewed
15-35,34,-.045,-.082,in,50,unreviewed
15-35,16,-.211,+.160,in,51,unreviewed
15-35,35,-.090,-.004,in,51,unreviewed
15-35,17,-.123,+.217,in,51,unreviewed
15-35,36,-.045,+.074,in,51,unreviewed
15-35,18,-.045,+.262,in,51,unreviewed
15-35,37,+.000,-.004,in,51,unreviewed
15-35,19,+.045,+.172,in,51,unreviewed
15-37,1,+.045,+.262,in,52,unreviewed
15-37,20,+.123,+.119,in,52,unreviewed
15-37,2,+.123,+.217,in,52,unreviewed
15-37,21,+.170,+.040,in,52,unreviewed
15-37,3,+.211,+.160,in,52,unreviewed
15-37,22,+.170,-.050,in,52,unreviewed
15-37,4,+.254,+.080,in,52,unreviewed
15-37,23,+.123,-.127,in,52,unreviewed
15-37,5,+.266,-.010,in,52,unreviewed
15-37,24,+.045,-.172,in,52,unreviewed
15-37,6,+.247,-.098,in,52,unreviewed
15-37,25,-.045,-.172,in,52,unreviewed
15-37,7,+.200,-.175,in,52,unreviewed
15-37,26,-.123,-.127,in,52,unreviewed
15-37,8,+.130,-.232,in,52,unreviewed
15-37,27,-.170,-.050,in,52,unreviewed
15-37,9,+.045,-.262,in,52,unreviewed
15-37,28,-.170,+.040,in,52,unreviewed
15-37,10,-.045,-.262,in,52,unreviewed
15-37,29,-.123,+.119,in,52,unreviewed
15-37,11,-.130,-.232,in,52,unreviewed
15-37,30,-.045,+.172,in,52,unreviewed
15-37,12,-.200,-.175,in,52,unreviewed
15-37,31,+.045,+.074,in,52,unreviewed
15-37,13,-.247,-.098,in,52,unreviewed
15-37,32,+.090,-.004,in,52,unreviewed
15-37,14,-.266,-.010,in,52,unreviewed
15-37,33,+.045,-.082,in,52,unreviewed
15-37,15,-.254,+.080,in,52,unreviewed
15-37,34,-.045,-.082,in,52,unreviewed
15-37,16,-.211,+.160,in,53,unreviewed
15-37,35,-.090,-.004,in,53,unreviewed
15-37,17,-.123,+.217,in,53,unreviewed
15-37,36,-.045,+.074,in,53,unreviewed
15-37,18,-.045,+.262,in,53,unreviewed
15-37,37,+.000,-.004,in,53,unreviewed
15-37,19,+.045,+.172,in,53,unreviewed
15-97,A,+.065,+.234,in,54,unreviewed
15-97,G,-.207,-.095,in,54,unreviewed
15-97,B,+.178,+.178,in,54,unreviewed
15-97,H,-.234,+.065,in,54,unreviewed
15-97,C,+.230,-.023,in,54,unreviewed
15-97,J,-.178,+.178,in,54,unreviewed
15-97,D,+.178,-.178,in,54,unreviewed
15-97,K,-.065,+.234,in,54,unreviewed
15-97,E,+.065,-.234,in,54,unreviewed
15-97,L,-.047,+.081,in,54,unreviewed
15-97,F,-.089,-.235,in,54,unreviewed
15-97,M,+.047,-.081,in,54,unreviewed
17-2,1,+.046,+.325,in,55,unreviewed
17-2,21,-.133,+.299,in,55,unreviewed
17-2,2,+.133,+.299,in,55,unreviewed
17-2,22,-.046,+.325,in,55,unreviewed
17-2,3,+.211,+.251,in,55,unreviewed
17-2,23,+.046,+.231,in,55,unreviewed
17-2,4,+.272,+.183,in,55,unreviewed
17-2,24,+.129,+.197,in,55,unreviewed
17-2,5,+.312,+.101,in,55,unreviewed
17-2,25,+.194,+.133,in,55,unreviewed
17-2,6,+.328,+.011,in,55,unreviewed
17-2,26,+.230,+.050,in,55,unreviewed
17-2,7,+.318,-.079,in,55,unreviewed
17-2,27,+.232,-.040,in,55,unreviewed
17-2,8,+.284,-.164,in,55,unreviewed
17-2,28,+.200,-.125,in,55,unreviewed
17-2,9,+.228,-.236,in,55,unreviewed
17-2,29,+.137,-.191,in,55,unreviewed
17-2,10,+.154,-.289,in,55,unreviewed
17-2,30,+.055,-.229,in,55,unreviewed
17-2,11,+.068,-.321,in,55,unreviewed
17-2,31,-.055,-.229,in,55,unreviewed
17-2,12,-.068,-.321,in,55,unreviewed
17-2,32,-.137,-.191,in,55,unreviewed
17-2,13,-.154,-.289,in,55,unreviewed
17-2,33,-.200,-.125,in,55,unreviewed
17-2,14,-.228,-.236,in,55,unreviewed
17-2,34,-.232,-.040,in,55,unreviewed
17-2,15,-.284,-.164,in,55,unreviewed
17-2,35,-.230,+.050,in,55,unreviewed
17-2,16,-.318,-.079,in,55,unreviewed
17-2,36,-.194,+.133,in,55,unreviewed
17-2,17,-.328,+.011,in,56,unreviewed
17-2,37,-.129,+.197,in,56,unreviewed
17-2,18,-.312,+.101,in,56,unreviewed
17-2,38,-.046,+.231,in,56,unreviewed
17-2,19,-.272,+.183,in,56,unreviewed
17-2,39,+.000,-.000,in,56,unreviewed
17-2,20,-.211,+.251,in,56,unreviewed
17-3,1,+.046,+.325,in,57,unreviewed
17-3,21,-.133,+.299,in,57,unreviewed
17-3,2,+.133,+.299,in,57,unreviewed
17-3,22,-.046,+.325,in,57,unreviewed
17-3,3,+.211,+.251,in,57,unreviewed
17-3,23,+.046,+.231,in,57,unreviewed
17-3,4,+.272,+.183,in,57,unreviewed
17-3,24,+.129,+.197,in,57,unreviewed
17-3,5,+.312,+.101,in,57,unreviewed
17-3,25,+.194,+.133,in,57,unreviewed
17-3,6,+.328,+.011,in,57,unreviewed
17-3,26,+.230,+.050,in,57,unreviewed
17-3,7,+.318,-.079,in,57,unreviewed
17-3,27,+.232,-.040,in,57,unreviewed
17-3,8,+.284,-.164,in,57,unreviewed
17-3,28,+.200,-.125,in,57,unreviewed
17-3,9,+.228,-.236,in,57,unreviewed
17-3,29,+.137,-.191,in,57,unreviewed
17-3,10,+.154,-.289,in,57,unreviewed
17-3,30,+.055,-.229,in,57,unreviewed
17-3,11,+.068,-.321,in,57,unreviewed
17-3,31,-.055,-.229,in,57,unreviewed
17-3,12,-.068,-.321,in,57,unreviewed
17-3,32,-.137,-.191,in,57,unreviewed
17-3,13,-.154,-.289,in,57,unreviewed
17-3,33,-.200,-.125,in,57,unreviewed
17-3,14,-.228,-.236,in,57,unreviewed
17-3,34,-.232,-.040,in,57,unreviewed
17-3,15,-.284,-.164,in,57,unreviewed
17-3,35,-.230,+.050,in,57,unreviewed
17-3,16,-.318,-.079,in,57,unreviewed
17-3,36,-.194,+.133,in,57,unreviewed
17-3,17,-.328,+.011,in,58,unreviewed
17-3,37,-.129,+.197,in,58,unreviewed
17-3,18,-.312,+.101,in,58,unreviewed
17-3,38,-.046,+.231,in,58,unreviewed
17-3,19,-.272,+.183,in,58,unreviewed
17-3,39,+.000,-.000,in,58,unreviewed
17-3,20,-.211,+.251,in,58,unreviewed
17-6,A,+.121,+.209,in,59,unreviewed
17-6,B,+.241,+.000,in,59,unreviewed
17-6,C,+.000,-.241,in,59,unreviewed
17-6,D,-.241,+.000,in,59,unreviewed
17-6,E,-.121,+.209,in,59,unreviewed
17-6,F,+.000,+.000,in,59,unreviewed
17-8,A,+.000,+.236,in,60,unreviewed
17-8,B,+.128,+.086,in,60,unreviewed
17-8,C,+.230,-.078,in,60,unreviewed
17-8,D,+.094,-.216,in,60,unreviewed
17-8,E,-.094,-.216,in,60,unreviewed
17-8,F,-.230,-.078,in,60,unreviewed
17-8,G,-.128,+.086,in,60,unreviewed
17-8,H,+.000,-.052,in,60,unreviewed
17-11,A,+.000,+.290,in,61,unreviewed
17-11,G,-.190,-.199,in,61,unreviewed
17-11,B,+.200,+.100,in,61,unreviewed
17-11,H,-.275,-.088,in,61,unreviewed
17-11,C,+.275,-.088,in,61,unreviewed
17-11,J,-.200,+.100,in,61,unreviewed
17-11,D,+.190,-.199,in,61,unreviewed
17-11,K,+.000,+.150,in,61,unreviewed
17-11,E,+.071,-.282,in,61,unreviewed
17-11,L,+.000,-.075,in,61,unreviewed
17-11,F,-.071,-.282,in,61,unreviewed
17-23,1,-.040,+.348,in,62,unreviewed
17-23,38,+.080,+.000,in,62,unreviewed
17-23,2,+.040,+.348,in,62,unreviewed
17-23,39,+.161,+.000,in,62,unreviewed
17-23,3,-.161,+.278,in,62,unreviewed
17-23,40,+.241,+.000,in,62,unreviewed
17-23,4,-.080,+.278,in,62,unreviewed
17-23,41,+.321,+.000,in,62,unreviewed
17-23,5,+.000,+.278,in,62,unreviewed
17-23,42,-.281,-.070,in,62,unreviewed
17-23,6,+.080,+.278,in,62,unreviewed
17-23,43,-.201,-.070,in,62,unreviewed
17-23,7,+.161,+.278,in,62,unreviewed
17-23,44,-.121,-.070,in,62,unreviewed
17-23,8,-.281,+.209,in,62,unreviewed
17-23,45,-.040,-.070,in,62,unreviewed
17-23,9,-.201,+.209,in,62,unreviewed
17-23,46,+.040,-.070,in,62,unreviewed
17-23,10,-.121,+.209,in,62,unreviewed
17-23,47,+.121,-.070,in,62,unreviewed
17-23,11,-.040,+.209,in,63,unreviewed
17-23,48,+.201,-.070,in,63,unreviewed
17-23,12,+.040,+.209,in,63,unreviewed
17-23,49,+.281,-.070,in,63,unreviewed
17-23,13,+.121,+.209,in,63,unreviewed
17-23,50,-.321,-.139,in,63,unreviewed
17-23,14,+.201,+.209,in,63,unreviewed
17-23,51,-.241,-.139,in,63,unreviewed
17-23,15,+.281,+.209,in,63,unreviewed
17-23,52,-.161,-.139,in,63,unreviewed
17-23,16,-.321,+.139,in,63,unreviewed
17-23,53,-.080,-.139,in,63,unreviewed
17-23,17,-.241,+.139,in,63,unreviewed
17-23,54,+.000,-.139,in,63,unreviewed
17-23,18,-.161,+.139,in,63,unreviewed
17-23,55,+.080,-.139,in,63,unreviewed
17-23,19,-.080,+.139,in,63,unreviewed
17-23,56,+.161,-.139,in,63,unreviewed
17-23,20,+.000,+.139,in,63,unreviewed
17-23,57,+.241,-.139,in,63,unreviewed
17-23,21,+.080,+.139,in,63,unreviewed
17-23,58,+.321,-.139,in,63,unreviewed
17-23,22,+.161,+.139,in,63,unreviewed
17-23,59,-.281,-.209,in,63,unreviewed
17-23,23,+.241,+.139,in,63,unreviewed
17-23,60,-.201,-.209,in,63,unreviewed
17-23,24,+.321,+.139,in,63,unreviewed
17-23,61,-.121,-.209,in,63,unreviewed
17-23,25,-.281,+.070,in,63,unreviewed
17-23,62,-.040,-.209,in,63,unreviewed
17-23,26,-.201,+.070,in,63,unreviewed
17-23,63,+.040,-.209,in,63,unreviewed
17-23,27,-.121,+.070,in,63,unreviewed
17-23,64,+.121,-.209,in,63,unreviewed
17-23,28,-.040,+.070,in,63,unreviewed
17-23,65,+.201,-.209,in,63,unreviewed
17-23,29,+.040,+.070,in,63,unreviewed
17-23,66,+.281,-.209,in,63,unreviewed
17-23,30,+.121,+.070,in,63,unreviewed
17-23,67,-.161,-.278,in,63,unreviewed
17-23,31,+.201,+.070,in,63,unreviewed
17-23,68,-.080,-.278,in,63,unreviewed
17-23,32,+.281,+.070,in,63,unreviewed
17-23,69,+.000,-.278,in,63,unreviewed
17-23,33,-.321,+.000,in,63,unreviewed
17-23,70,+.080,-.278,in,63,unreviewed
17-23,34,-.241,+.000,in,63,unreviewed
17-23,71,+.161,-.278,in,63,unreviewed
17-23,35,-.161,+.000,in,63,unreviewed
17-23,72,-.040,-.348,in,63,unreviewed
17-23,36,-.080,+.000,in,63,unreviewed
17-23,73,+.040,-.348,in,63,unreviewed
17-23,37,+.000,+.000,in,63,unreviewed
17-26,A,+.000,+.321,in,64,unreviewed
17-26,P,-.239,+.214,in,64,unreviewed
17-26,B,+.131,+.293,in,64,unreviewed
17-26,R,-.131,+.293,in,64,unreviewed
17-26,C,+.239,+.214,in,64,unreviewed
17-26,S,-.070,+.177,in,64,unreviewed
17-26,D,+.305,+.099,in,64,unreviewed
17-26,T,+.070,+.177,in,64,unreviewed
17-26,E,+.319,-.034,in,64,unreviewed
17-26,U,+.175,+.094,in,64,unreviewed
17-26,F,+.278,-.161,in,64,unreviewed
17-26,V,+.178,-.036,in,64,unreviewed
17-26,G,+.189,-.260,in,64,unreviewed
17-26,W,+.119,-.151,in,64,unreviewed
17-26,H,+.067,-.314,in,64,unreviewed
17-26,X,+.000,-.203,in,64,unreviewed
17-26,J,-.067,-.314,in,64,unreviewed
17-26,Y,-.119,-.151,in,64,unreviewed
17-26,K,-.189,-.260,in,64,unreviewed
17-26,Z,-.178,-.036,in,64,unreviewed
17-26,L,-.278,-.161,in,64,unreviewed
17-26,a,-.175,+.094,in,64,unreviewed
17-26,M,-.319,-.034,in,64,unreviewed
17-26,b,+.000,+.065,in,64,unreviewed
17-26,N,-.305,+.099,in,64,unreviewed
17-26,c,+.000,-.065,in,64,unreviewed
17-35,1,-.312,+.086,in,65,unreviewed
17-35,29,.000,-.094,in,65,unreviewed
17-35,2,-.312,-.004,in,65,unreviewed
17-35,30,.000,-.184,in,65,unreviewed
17-35,3,-.312,-.094,in,65,unreviewed
17-35,31,.000,-.274,in,65,unreviewed
17-35,4,-.242,+.221,in,65,unreviewed
17-35,32,+.089,+.316,in,65,unreviewed
17-35,5,-.234,+.131,in,65,unreviewed
17-35,33,+.078,+.221,in,65,unreviewed
17-35,6,-.234,+.041,in,65,unreviewed
17-35,34,+.078,+.131,in,65,unreviewed
17-35,7,-.234,-.049,in,65,unreviewed
17-35,35,+.078,+.041,in,65,unreviewed
17-35,8,-.234,-.139,in,65,unreviewed
17-35,36,+.078,-.049,in,65,unreviewed
17-35,9,-.234,-.229,in,65,unreviewed
17-35,37,+.078,-.139,in,65,unreviewed
17-35,10,-.172,+.279,in,65,unreviewed
17-35,38,+.078,-.229,in,65,unreviewed
17-35,11,-.156,+.176,in,65,unreviewed
17-35,39,+.078,-.319,in,65,unreviewed
17-35,12,-.156,+.086,in,65,unreviewed
17-35,40,+.172,+.279,in,65,unreviewed
17-35,13,-.156,-.004,in,65,unreviewed
17-35,41,+.156,+.176,in,65,unreviewed
17-35,14,-.156,-.094,in,65,unreviewed
17-35,42,+.156,+.086,in,65,unreviewed
17-35,15,-.156,-.184,in,65,unreviewed
17-35,43,+.156,-.004,in,65,unreviewed
17-35,16,-.156,-.274,in,65,unreviewed
17-35,44,+.156,-.094,in,65,unreviewed
17-35,17,-.089,+.316,in,65,unreviewed
17-35,45,+.156,-.184,in,65,unreviewed
17-35,18,-.078,+.221,in,65,unreviewed
17-35,46,+.156,-.274,in,65,unreviewed
17-35,19,-.078,+.131,in,66,unreviewed
17-35,47,+.242,+.221,in,66,unreviewed
17-35,20,-.078,+.041,in,66,unreviewed
17-35,48,+.234,+.131,in,66,unreviewed
17-35,21,-.078,-.049,in,66,unreviewed
17-35,49,+.234,+.041,in,66,unreviewed
17-35,22,-.078,-.139,in,66,unreviewed
17-35,50,+.234,-.049,in,66,unreviewed
17-35,23,-.078,-.229,in,66,unreviewed
17-35,51,+.234,-.139,in,66,unreviewed
17-35,24,-.078,-.319,in,66,unreviewed
17-35,52,+.234,-.229,in,66,unreviewed
17-35,25,.000,+.329,in,66,unreviewed
17-35,53,+.312,+.086,in,66,unreviewed
17-35,26,.000,+.176,in,66,unreviewed
17-35,54,+.312,-.004,in,66,unreviewed
17-35,27,.000,+.086,in,66,unreviewed
17-35,55,+.312,-.094,in,66,unreviewed
17-35,28,.000,-.004,in,66,unreviewed
17-55,1,-.312,+.086,in,67,unreviewed
17-55,29,+.000,-.094,in,67,unreviewed
17-55,2,-.312,-.004,in,67,unreviewed
17-55,30,+.000,-.184,in,67,unreviewed
17-55,3,-.312,-.094,in,67,unreviewed
17-55,31,+.000,-.274,in,67,unreviewed
17-55,4,-.242,+.221,in,67,unreviewed
17-55,32,+.089,+.316,in,67,unreviewed
17-55,5,-.234,+.131,in,67,unreviewed
17-55,33,+.078,+.221,in,67,unreviewed
17-55,6,-.234,+.041,in,67,unreviewed
17-55,34,+.078,+.131,in,67,unreviewed
17-55,7,-.234,-.049,in,67,unreviewed
17-55,35,+.078,+.041,in,67,unreviewed
17-55,8,-.234,-.139,in,67,unreviewed
17-55,36,+.078,-.049,in,67,unreviewed
17-55,9,-.234,-.229,in,67,unreviewed
17-55,37,+.078,-.139,in,67,unreviewed
17-55,10,-.172,+.279,in,67,unreviewed
17-55,38,+.078,-.229,in,67,unreviewed
17-55,11,-.156,+.176,in,67,unreviewed
17-55,39,+.078,-.319,in,67,unreviewed
17-55,12,-.156,+.086,in,67,unreviewed
17-55,40,+.172,+.279,in,67,unreviewed
17-55,13,-.156,-.004,in,67,unreviewed
17-55,41,+.156,+.176,in,67,unreviewed
17-55,14,-.156,-.094,in,67,unreviewed
17-55,42,+.156,+.086,in,67,unreviewed
17-55,15,-.156,-.184,in,67,unreviewed
17-55,43,+.156,-.004,in,67,unreviewed
17-55,16,-.156,-.274,in,67,unreviewed
17-55,44,+.156,-.094,in,67,unreviewed
17-55,17,-.089,+.316,in,67,unreviewed
17-55,45,+.156,-.184,in,67,unreviewed
17-55,18,-.078,+.221,in,67,unreviewed
17-55,46,+.156,-.274,in,67,unreviewed
17-55,19,-.078,+.131,in,68,unreviewed
17-55,47,+.242,+.221,in,68,unreviewed
17-55,20,-.078,+.041,in,68,unreviewed
17-55,48,+.234,+.131,in,68,unreviewed
17-55,21,-.078,-.049,in,68,unreviewed
17-55,49,+.234,+.041,in,68,unreviewed
17-55,22,-.078,-.139,in,68,unreviewed
17-55,50,+.234,-.049,in,68,unreviewed
17-55,23,-.078,-.229,in,68,unreviewed
17-55,51,+.234,-.139,in,68,unreviewed
17-55,24,-.078,-.319,in,68,unreviewed
17-55,52,+.234,-.229,in,68,unreviewed
17-55,25,+.000,+.329,in,68,unreviewed
17-55,53,+.312,+.086,in,68,unreviewed
17-55,26,+.000,+.176,in,68,unreviewed
17-55,54,+.312,-.004,in,68,unreviewed
17-55,27,+.000,+.086,in,68,unreviewed
17-55,55,+.312,-.094,in,68,unreviewed
17-55,28,+.000,-.004,in,68,unreviewed
17-99,A,.000,+.321,in,69,unreviewed
17-99,N,-.305,+.099,in,69,unreviewed
17-99,B,+.131,+.293,in,69,unreviewed
17-99,P,-.239,+.214,in,69,unreviewed
17-99,C,+.239,+.214,in,69,unreviewed
17-99,R,-.131,+.293,in,69,unreviewed
17-99,D,+.305,+.099,in,69,unreviewed
17-99,S,-.070,+.177,in,69,unreviewed
17-99,E,+.319,-.034,in,69,unreviewed
17-99,T,+.070,+.177,in,69,unreviewed
17-99,F,+.278,-.161,in,69,unreviewed
17-99,U,+.175,+.094,in,69,unreviewed
17-99,G,+.189,-.260,in,69,unreviewed
17-99,V,+.150,-.075,in,69,unreviewed
17-99,H,+.067,-.314,in,69,unreviewed
17-99,W,+.000,-.161,in,69,unreviewed
17-99,J,-.067,-.314,in,69,unreviewed
17-99,X,-.150,-.075,in,69,unreviewed
17-99,K,-.189,-.260,in,69,unreviewed
17-99,Y,-.175,+.094,in,69,unreviewed
17-99,L,-.278,-.161,in,69,unreviewed
17-99,Z,+.000,+.025,in,69,unreviewed
17-99,M,-.319,-.034,in,69,unreviewed
19-11,A,+.105,+.260,in,70,unreviewed
19-11,G,-.275,-.053,in,70,unreviewed
19-11,B,+.250,+.132,in,70,unreviewed
19-11,H,-.250,+.132,in,70,unreviewed
19-11,C,+.275,-.053,in,70,unreviewed
19-11,J,-.105,+.260,in,70,unreviewed
19-11,D,+.179,-.215,in,70,unreviewed
19-11,K,+.000,+.105,in,70,unreviewed
19-11,E,+.000,-.281,in,70,unreviewed
19-11,L,+.000,-.092,in,70,unreviewed
19-11,F,-.179,-.215,in,70,unreviewed
19-18,A,+.068,+.380,in,71,unreviewed
19-18,K,-.180,-.180,in,71,unreviewed
19-18,B,+.180,+.180,in,71,unreviewed
19-18,L,-.377,-.065,in,71,unreviewed
19-18,C,+.377,+.065,in,71,unreviewed
19-18,M,-.317,+.000,in,71,unreviewed
19-18,D,+.317,+.000,in,71,unreviewed
19-18,N,-.377,+.065,in,71,unreviewed
19-18,E,+.377,-.065,in,71,unreviewed
19-18,P,-.180,+.180,in,71,unreviewed
19-18,F,+.180,-.180,in,71,unreviewed
19-18,R,-.068,+.380,in,71,unreviewed
19-18,G,+.068,-.380,in,71,unreviewed
19-18,S,+.000,+.319,in,71,unreviewed
19-18,H,+.000,-.319,in,71,unreviewed
19-18,T,+.000,+.044,in,71,unreviewed
19-18,J,-.068,-.380,in,71,unreviewed
19-18,U,+.000,-.044,in,71,unreviewed
19-19,A,+.068,+.380,in,72,unreviewed
19-19,K,-.180,-.180,in,72,unreviewed
19-19,B,+.180,+.180,in,72,unreviewed
19-19,L,-.377,-.065,in,72,unreviewed
19-19,C,+.377,+.065,in,72,unreviewed
19-19,M,-.317,+.000,in,72,unreviewed
19-19,D,+.317,+.000,in,72,unreviewed
19-19,N,-.377,+.065,in,72,unreviewed
19-19,E,+.377,-.065,in,72,unreviewed
19-19,P,-.180,+.180,in,72,unreviewed
19-19,F,+.180,-.180,in,72,unreviewed
19-19,R,-.068,+.380,in,72,unreviewed
19-19,G,+.068,-.380,in,72,unreviewed
19-19,S,+.000,+.319,in,72,unreviewed
19-19,H,+.000,-.319,in,72,unreviewed
19-19,T,+.000,+.044,in,72,unreviewed
19-19,J,-.068,-.380,in,72,unreviewed
19-19,U,+.000,-.044,in,72,unreviewed
19-23,1,+.000,+.393,in,73,unreviewed
19-23,45,-.156,-.271,in,73,unreviewed
19-23,2,+.082,+.385,in,73,unreviewed
19-23,46,-.221,-.221,in,73,unreviewed
19-23,3,+.160,+.359,in,73,unreviewed
19-23,47,-.271,-.156,in,73,unreviewed
19-23,4,+.231,+.318,in,73,unreviewed
19-23,48,-.302,-.081,in,73,unreviewed
19-23,5,+.292,+.263,in,73,unreviewed
19-23,49,-.313,+.000,in,73,unreviewed
19-23,6,+.341,+.197,in,73,unreviewed
19-23,50,-.302,+.081,in,73,unreviewed
19-23,7,+.374,+.122,in,73,unreviewed
19-23,51,-.271,+.156,in,73,unreviewed
19-23,8,+.391,+.041,in,73,unreviewed
19-23,52,-.221,+.221,in,73,unreviewed
19-23,9,+.391,-.041,in,74,unreviewed
19-23,53,-.156,+.271,in,74,unreviewed
19-23,10,+.374,-.122,in,74,unreviewed
19-23,54,-.081,+.302,in,74,unreviewed
19-23,11,+.341,-.197,in,74,unreviewed
19-23,55,+.000,+.233,in,74,unreviewed
19-23,12,+.292,-.263,in,74,unreviewed
19-23,56,+.080,+.219,in,74,unreviewed
19-23,13,+.231,-.318,in,74,unreviewed
19-23,57,+.150,+.178,in,74,unreviewed
19-23,14,+.160,-.359,in,74,unreviewed
19-23,58,+.201,+.116,in,74,unreviewed
19-23,15,+.082,-.385,in,74,unreviewed
19-23,59,+.229,+.041,in,74,unreviewed
19-23,16,+.000,-.393,in,74,unreviewed
19-23,60,+.229,-.041,in,74,unreviewed
19-23,17,-.082,-.385,in,74,unreviewed
19-23,61,+.201,-.116,in,74,unreviewed
19-23,18,-.160,-.359,in,74,unreviewed
19-23,62,+.150,-.178,in,74,unreviewed
19-23,19,-.231,-.318,in,74,unreviewed
19-23,63,+.080,-.219,in,74,unreviewed
19-23,20,-.292,-.263,in,74,unreviewed
19-23,64,+.000,-.233,in,74,unreviewed
19-23,65,-.080,-.219,in,74,unreviewed
19-23,22,-.374,-.122,in,74,unreviewed
19-23,66,-.150,-.178,in,74,unreviewed
19-23,23,-.391,-.041,in,74,unreviewed
19-23,67,-.201,-.116,in,74,unreviewed
19-23,24,-.391,+.041,in,74,unreviewed
19-23,68,-.229,-.041,in,74,unreviewed
19-23,25,-.374,+.122,in,74,unreviewed
19-23,69,-.229,+.041,in,74,unreviewed
19-23,26,-.341,+.197,in,74,unreviewed
19-23,70,-.201,+.116,in,74,unreviewed
19-23,27,-.292,+.263,in,74,unreviewed
19-23,71,-.150,+.178,in,74,unreviewed
19-23,28,-.231,+.318,in,74,unreviewed
19-23,72,-.080,+.219,in,74,unreviewed
19-23,29,-.160,+.359,in,74,unreviewed
19-23,73,+.000,+.152,in,74,unreviewed
19-23,30,-.082,+.385,in,74,unreviewed
19-23,74,+.082,+.128,in,74,unreviewed
19-23,31,+.000,+.313,in,74,unreviewed
19-23,75,+.139,+.063,in,74,unreviewed
19-23,32,+.081,+.302,in,74,unreviewed
19-23,76,+.151,-.022,in,74,unreviewed
19-23,33,+.156,+.271,in,74,unreviewed
19-23,77,+.115,-.100,in,74,unreviewed
19-23,34,+.221,+.221,in,74,unreviewed
19-23,78,+.043,-.146,in,74,unreviewed
19-23,35,+.271,+.156,in,74,unreviewed
19-23,79,-.043,-.146,in,74,unreviewed
19-23,36,+.302,+.081,in,75,unreviewed
19-23,80,-.115,-.100,in,75,unreviewed
19-23,37,+.313,+.000,in,75,unreviewed
19-23,81,-.151,-.022,in,75,unreviewed
19-23,38,+.302,-.081,in,75,unreviewed
19-23,82,-.139,+.063,in,75,unreviewed
19-23,39,+.271,-.156,in,75,unreviewed
19-23,83,-.082,+.128,in,75,unreviewed
19-23,40,+.221,-.221,in,75,unreviewed
19-23,84,+.000,+.072,in,75,unreviewed
19-23,41,+.156,-.271,in,75,unreviewed
19-23,85,+.069,+.022,in,75,unreviewed
19-23,42,+.081,-.302,in,75,unreviewed
19-23,86,+.043,-.058,in,75,unreviewed
19-23,43,+.000,-.313,in,75,unreviewed
19-23,87,-.043,-.058,in,75,unreviewed
19-23,44,-.081,-.302,in,75,unreviewed
19-23,88,-.069,+.022,in,75,unreviewed
19-28,A,+.066,+.353,in,76,unreviewed
19-28,R,-.286,+.217,in,76,unreviewed
19-28,B,+.189,+.305,in,76,unreviewed
19-28,S,-.189,+.305,in,76,unreviewed
19-28,C,+.286,+.217,in,76,unreviewed
19-28,T,-.066,+.353,in,76,unreviewed
19-28,D,+.345,+.098,in,76,unreviewed
19-28,U,+.000,+.230,in,76,unreviewed
19-28,E,+.357,-.033,in,76,unreviewed
19-28,V,+.124,+.193,in,76,unreviewed
19-28,F,+.321,-.160,in,76,unreviewed
19-28,W,+.209,+.095,in,76,unreviewed
19-28,G,+.242,-.265,in,76,unreviewed
19-28,X,+.228,-.033,in,76,unreviewed
19-28,H,+.130,-.335,in,76,unreviewed
19-28,Y,+.174,-.151,in,76,unreviewed
19-28,J,+.000,-.359,in,76,unreviewed
19-28,Z,+.000,-.191,in,76,unreviewed
19-28,K,-.130,-.335,in,76,unreviewed
19-28,a,-.174,-.151,in,76,unreviewed
19-28,L,-.242,-.265,in,76,unreviewed
19-28,b,-.228,-.033,in,76,unreviewed
19-28,M,-.321,-.160,in,76,unreviewed
19-28,c,-.209,+.095,in,76,unreviewed
19-28,N,-.357,-.033,in,76,unreviewed
19-28,d,-.124,+.193,in,76,unreviewed
19-28,P,-.345,+.098,in,76,unreviewed
19-28,e,+.000,+.062,in,76,unreviewed
19-30,A,+.065,+.346,in,77,unreviewed
19-30,S,-.065,+.346,in,77,unreviewed
19-30,B,+.186,+.299,in,77,unreviewed
19-30,T,+.084,+.217,in,77,unreviewed
19-30,C,+.282,+.210,in,77,unreviewed
19-30,U,+.181,+.129,in,77,unreviewed
19-30,D,+.340,+.093,in,77,unreviewed
19-30,V,+.228,+.008,in,77,unreviewed
19-30,E,+.351,-.033,in,77,unreviewed
19-30,W,+.193,-.117,in,77,unreviewed
19-30,F,+.315,-.158,in,77,unreviewed
19-30,X,+.096,-.203,in,77,unreviewed
19-30,G,+.236,-.261,in,77,unreviewed
19-30,Y,+.000,-.290,in,77,unreviewed
19-30,H,+.124,-.330,in,77,unreviewed
19-30,Z,-.096,-.203,in,77,unreviewed
19-30,J,-.124,-.330,in,77,unreviewed
19-30,a,-.193,-.117,in,77,unreviewed
19-30,K,-.236,-.261,in,77,unreviewed
19-30,b,-.228,+.008,in,77,unreviewed
19-30,L,-.315,-.158,in,77,unreviewed
19-30,c,-.181,+.129,in,77,unreviewed
19-30,M,-.351,-.033,in,77,unreviewed
19-30,d,-.084,+.217,in,77,unreviewed
19-30,N,-.340,+.093,in,77,unreviewed
19-30,e,+.000,+.072,in,77,unreviewed
19-30,P,-.282,+.210,in,77,unreviewed
19-30,f,+.069,-.076,in,77,unreviewed
19-30,R,-.186,+.299,in,77,unreviewed
19-30,g,-.069,-.076,in,77,unreviewed
19-32,A,+.066,+.353,in,78,unreviewed
19-32,T,-.066,+.353,in,78,unreviewed
19-32,B,+.189,+.305,in,78,unreviewed
19-32,U,+.000,+.230,in,78,unreviewed
19-32,C,+.286,+.217,in,78,unreviewed
19-32,V,+.124,+.193,in,78,unreviewed
19-32,D,+.345,+.098,in,78,unreviewed
19-32,W,+.209,+.095,in,78,unreviewed
19-32,E,+.357,-.033,in,78,unreviewed
19-32,X,+.228,-.033,in,78,unreviewed
19-32,F,+.321,-.160,in,78,unreviewed
19-32,Y,+.174,-.151,in,78,unreviewed
19-32,G,+.242,-.265,in,78,unreviewed
19-32,Z,+.065,-.221,in,78,unreviewed
19-32,H,+.130,-.335,in,78,unreviewed
19-32,a,-.065,-.221,in,78,unreviewed
19-32,J,-.000,-.359,in,78,unreviewed
19-32,b,-.174,-.151,in,78,unreviewed
19-32,K,-.130,-.335,in,78,unreviewed
19-32,c,-.228,-.033,in,78,unreviewed
19-32,L,-.242,-.265,in,78,unreviewed
19-32,d,-.209,+.095,in,78,unreviewed
19-32,M,-.321,-.160,in,78,unreviewed
19-32,e,-.124,+.193,in,78,unreviewed
19-32,N,-.357,-.033,in,78,unreviewed
19-32,f,+.000,+.096,in,78,unreviewed
19-32,P,-.345,+.098,in,78,unreviewed
19-32,g,+.096,+.000,in,78,unreviewed
19-32,R,-.286,+.217,in,78,unreviewed
19-32,h,+.000,-.096,in,78,unreviewed
19-32,S,-.189,+.305,in,78,unreviewed
19-32,j,-.096,+.000,in,78,unreviewed
19-35,1,-.357,+.090,in,79,unreviewed
19-35,34,+.045,+.360,in,79,unreviewed
19-35,2,-.357,+.000,in,79,unreviewed
19-35,35,+.045,+.270,in,79,unreviewed
19-35,3,-.357,-.090,in,79,unreviewed
19-35,36,+.045,+.180,in,79,unreviewed
19-35,4,-.279,+.225,in,79,unreviewed
19-35,37,+.045,+.090,in,79,unreviewed
19-35,5,-.279,+.135,in,79,unreviewed
19-35,38,+.045,+.000,in,79,unreviewed
19-35,6,-.279,+.045,in,79,unreviewed
19-35,39,+.045,-.090,in,79,unreviewed
19-35,7,-.279,-.045,in,79,unreviewed
19-35,40,+.045,-.180,in,79,unreviewed
19-35,8,-.279,-.135,in,79,unreviewed
19-35,41,+.045,-.270,in,79,unreviewed
19-35,9,-.279,-.225,in,79,unreviewed
19-35,42,+.045,-.360,in,79,unreviewed
19-35,10,-.201,+.270,in,79,unreviewed
19-35,43,+.123,+.315,in,79,unreviewed
19-35,11,-.201,+.180,in,79,unreviewed
19-35,44,+.123,+.225,in,79,unreviewed
19-35,12,-.201,+.090,in,79,unreviewed
19-35,45,+.123,+.135,in,79,unreviewed
19-35,13,-.201,+.000,in,79,unreviewed
19-35,46,+.123,+.045,in,79,unreviewed
19-35,14,-.201,-.090,in,79,unreviewed
19-35,47,+.123,-.045,in,79,unreviewed
19-35,15,-.201,-.180,in,79,unreviewed
19-35,48,+.123,-.135,in,79,unreviewed
19-35,16,-.201,-.270,in,79,unreviewed
19-35,49,+.123,-.225,in,79,unreviewed
19-35,17,-.123,+.315,in,79,unreviewed
19-35,50,+.123,-.315,in,79,unreviewed
19-35,18,-.123,+.225,in,80,unreviewed
19-35,51,+.201,+.270,in,80,unreviewed
19-35,19,-.123,+.135,in,80,unreviewed
19-35,52,+.201,+.180,in,80,unreviewed
19-35,20,-.123,+.045,in,80,unreviewed
19-35,53,+.201,+.090,in,80,unreviewed
19-35,21,-.123,-.045,in,80,unreviewed
19-35,54,+.201,+.000,in,80,unreviewed
19-35,22,-.123,-.135,in,80,unreviewed
19-35,55,+.201,-.090,in,80,unreviewed
19-35,23,-.123,-.225,in,80,unreviewed
19-35,56,+.201,-.180,in,80,unreviewed
19-35,24,-.123,-.315,in,80,unreviewed
19-35,57,+.201,-.270,in,80,unreviewed
19-35,25,-.045,+.360,in,80,unreviewed
19-35,58,+.279,+.225,in,80,unreviewed
19-35,26,-.045,+.270,in,80,unreviewed
19-35,59,+.279,+.135,in,80,unreviewed
19-35,27,-.045,+.180,in,80,unreviewed
19-35,60,+.279,+.045,in,80,unreviewed
19-35,28,-.045,+.090,in,80,unreviewed
19-35,61,+.279,-.045,in,80,unreviewed
19-35,29,-.045,+.000,in,80,unreviewed
19-35,62,+.279,-.135,in,80,unreviewed
19-35,30,-.045,-.090,in,80,unreviewed
19-35,63,+.279,-.225,in,80,unreviewed
19-35,31,-.045,-.180,in,80,unreviewed
19-35,64,+.357,+.090,in,80,unreviewed
19-35,32,-.045,-.270,in,80,unreviewed
19-35,65,+.357,+.000,in,80,unreviewed
19-35,33,-.045,-.360,in,80,unreviewed
19-35,66,+.357,-.090,in,80,unreviewed
19-45,1,-.357,+.081,in,81,unreviewed
19-45,35,+.088,+.360,in,81,unreviewed
19-45,2,-.357,-.009,in,81,unreviewed
19-45,36,+.045,+.261,in,81,unreviewed
19-45,3,-.357,-.099,in,81,unreviewed
19-45,37,+.045,+.171,in,81,unreviewed
19-45,4,-.304,+.213,in,81,unreviewed
19-45,38,+.045,+.081,in,81,unreviewed
19-45,5,-.279,+.126,in,81,unreviewed
19-45,39,+.045,-.009,in,81,unreviewed
19-45,6,-.279,+.036,in,81,unreviewed
19-45,40,+.045,-.099,in,81,unreviewed
19-45,7,-.279,-.054,in,81,unreviewed
19-45,41,+.045,-.189,in,81,unreviewed
19-45,8,-.279,-.144,in,81,unreviewed
19-45,42,+.045,-.279,in,81,unreviewed
19-45,9,-.279,-.234,in,81,unreviewed
19-45,43,+.045,-.369,in,81,unreviewed
19-45,10,-.244,+.280,in,81,unreviewed
19-45,44,+.156,+.301,in,81,unreviewed
19-45,11,-.201,+.171,in,81,unreviewed
19-45,45,+.123,+.216,in,81,unreviewed
19-45,12,-.201,+.081,in,81,unreviewed
19-45,46,+.123,+.126,in,81,unreviewed
19-45,13,-.201,-.009,in,81,unreviewed
19-45,47,+.123,+.036,in,81,unreviewed
19-45,14,-.201,-.099,in,81,unreviewed
19-45,48,+.123,-.054,in,81,unreviewed
19-45,15,-.201,-.189,in,81,unreviewed
19-45,49,+.123,-.144,in,81,unreviewed
19-45,16,-.201,-.279,in,81,unreviewed
19-45,50,+.123,-.234,in,81,unreviewed
19-45,17,-.156,+.301,in,81,unreviewed
19-45,51,+.123,-.324,in,81,unreviewed
19-45,18,-.123,+.216,in,82,unreviewed
19-45,52,+.244,+.280,in,82,unreviewed
19-45,19,-.123,+.126,in,82,unreviewed
19-45,53,+.201,+.171,in,82,unreviewed
19-45,20,-.123,+.036,in,82,unreviewed
19-45,54,+.201,+.081,in,82,unreviewed
19-45,21,-.123,-.054,in,82,unreviewed
19-45,55,+.201,-.009,in,82,unreviewed
19-45,22,-.123,-.144,in,82,unreviewed
19-45,56,+.201,-.099,in,82,unreviewed
19-45,23,-.123,-.234,in,82,unreviewed
19-45,57,+.201,-.189,in,82,unreviewed
19-45,24,-.123,-.324,in,82,unreviewed
19-45,58,+.201,-.279,in,82,unreviewed
19-45,25,-.088,+.360,in,82,unreviewed
19-45,59,+.304,+.213,in,82,unreviewed
19-45,26,+.000,+.339,in,82,unreviewed
19-45,60,+.279,+.126,in,82,unreviewed
19-45,27,-.045,+.261,in,82,unreviewed
19-45,61,+.279,+.036,in,82,unreviewed
19-45,28,-.045,+.171,in,82,unreviewed
19-45,62,+.279,-.054,in,82,unreviewed
19-45,29,-.045,+.081,in,82,unreviewed
19-45,63,+.279,-.144,in,82,unreviewed
19-45,30,-.045,-.009,in,82,unreviewed
19-45,64,+.279,-.234,in,82,unreviewed
19-45,31,-.045,-.099,in,82,unreviewed
19-45,65,+.357,+.081,in,82,unreviewed
19-45,32,-.045,-.189,in,82,unreviewed
19-45,66,+.357,-.009,in,82,unreviewed
19-45,33,-.045,-.279,in,82,unreviewed
19-45,67,+.357,-.099,in,82,unreviewed
19-45,34,-.045,-.369,in,82,unreviewed
19-66,1,-.357,+.090,in,83,unreviewed
19-66,34,+.045,+.360,in,83,unreviewed
19-66,2,-.357,+.000,in,83,unreviewed
19-66,35,+.045,+.270,in,83,unreviewed
19-66,3,-.357,-.090,in,83,unreviewed
19-66,36,+.045,+.180,in,83,unreviewed
19-66,4,-.279,+.225,in,83,unreviewed
19-66,37,+.045,+.090,in,83,unreviewed
19-66,5,-.279,+.135,in,83,unreviewed
19-66,38,+.045,+.000,in,83,unreviewed
19-66,6,-.279,+.045,in,83,unreviewed
19-66,39,+.045,-.090,in,83,unreviewed
19-66,7,-.279,-.045,in,83,unreviewed
19-66,40,+.045,-.180,in,83,unreviewed
19-66,8,-.279,-.135,in,83,unreviewed
19-66,41,+.045,-.270,in,83,unreviewed
19-66,9,-.279,-.225,in,83,unreviewed
19-66,42,+.045,-.360,in,83,unreviewed
19-66,10,-.201,+.270,in,83,unreviewed
19-66,43,+.123,+.315,in,83,unreviewed
19-66,11,-.201,+.180,in,83,unreviewed
19-66,44,+.123,+.225,in,83,unreviewed
19-66,12,-.201,+.090,in,83,unreviewed
19-66,45,+.123,+.135,in,83,unreviewed
19-66,13,-.201,+.000,in,83,unreviewed
19-66,46,+.123,+.045,in,83,unreviewed
19-66,14,-.201,-.090,in,83,unreviewed
19-66,47,+.123,-.045,in,83,unreviewed
19-66,15,-.201,-.180,in,83,unreviewed
19-66,48,+.123,-.135,in,83,unreviewed
19-66,16,-.201,-.270,in,83,unreviewed
19-66,49,+.123,-.225,in,83,unreviewed
19-66,17,-.123,+.315,in,83,unreviewed
19-66,50,+.123,-.315,in,83,unreviewed
19-66,18,-.123,+.225,in,84,unreviewed
19-66,51,+.201,+.270,in,84,unreviewed
19-66,19,-.123,+.135,in,84,unreviewed
19-66,52,+.201,+.180,in,84,unreviewed
19-66,20,-.123,+.045,in,84,unreviewed
19-66,53,+.201,+.090,in,84,unreviewed
19-66,21,-.123,-.045,in,84,unreviewed
19-66,54,+.201,+.000,in,84,unreviewed
19-66,22,-.123,-.135,in,84,unreviewed
19-66,55,+.201,-.090,in,84,unreviewed
19-66,23,-.123,-.225,in,84,unreviewed
19-66,56,+.201,-.180,in,84,unreviewed
19-66,24,-.123,-.315,in,84,unreviewed
19-66,57,+.201,-.270,in,84,unreviewed
19-66,25,-.045,+.360,in,84,unreviewed
19-66,58,+.279,+.225,in,84,unreviewed
19-66,26,-.045,+.270,in,84,unreviewed
19-66,59,+.279,+.135,in,84,unreviewed
19-66,27,-.045,+.180,in,84,unreviewed
19-66,60,+.279,+.045,in,84,unreviewed
19-66,28,-.045,+.090,in,84,unreviewed
19-66,61,+.279,-.045,in,84,unreviewed
19-66,29,-.045,+.000,in,84,unreviewed
19-66,62,+.279,-.135,in,84,unreviewed
19-66,30,-.045,-.090,in,84,unreviewed
19-66,63,+.279,-.225,in,84,unreviewed
19-66,31,-.045,-.180,in,84,unreviewed
19-66,64,+.357,+.090,in,84,unreviewed
19-66,32,-.045,-.270,in,84,unreviewed
19-66,65,+.357,+.000,in,84,unreviewed
19-66,33,-.045,-.360,in,84,unreviewed
19-66,66,+.357,-.090,in,84,unreviewed
19-67,1,-.357,+.081,in,85,unreviewed
19-67,35,+.088,+.360,in,85,unreviewed
19-67,2,-.357,-.009,in,85,unreviewed
19-67,36,+.045,+.261,in,85,unreviewed
19-67,3,-.357,-.099,in,85,unreviewed
19-67,37,+.045,+.171,in,85,unreviewed
19-67,4,-.304,+.213,in,85,unreviewed
19-67,38,+.045,+.081,in,85,unreviewed
19-67,5,-.279,+.126,in,85,unreviewed
19-67,39,+.045,-.009,in,85,unreviewed
19-67,6,-.279,+.036,in,85,unreviewed
19-67,40,+.045,-.099,in,85,unreviewed
19-67,7,-.279,-.054,in,85,unreviewed
19-67,41,+.045,-.189,in,85,unreviewed
19-67,8,-.279,-.144,in,85,unreviewed
19-67,42,+.045,-.279,in,85,unreviewed
19-67,9,-.279,-.234,in,85,unreviewed
19-67,43,+.045,-.369,in,85,unreviewed
19-67,10,-.244,+.280,in,85,unreviewed
19-67,44,+.156,+.301,in,85,unreviewed
19-67,11,-.201,+.171,in,85,unreviewed
19-67,45,+.123,+.216,in,85,unreviewed
19-67,12,-.201,+.081,in,85,unreviewed
19-67,46,+.123,+.126,in,85,unreviewed
19-67,13,-.201,-.009,in,85,unreviewed
19-67,47,+.123,+.036,in,85,unreviewed
19-67,14,-.201,-.099,in,85,unreviewed
19-67,48,+.123,-.054,in,85,unreviewed
19-67,15,-.201,-.189,in,85,unreviewed
19-67,49,+.123,-.144,in,85,unreviewed
19-67,16,-.201,-.279,in,85,unreviewed
19-67,50,+.123,-.234,in,85,unreviewed
19-67,17,-.156,+.301,in,85,unreviewed
19-67,51,+.123,-.324,in,85,unreviewed
19-67,18,-.123,+.216,in,86,unreviewed
19-67,52,+.244,+.280,in,86,unreviewed
19-67,19,-.123,+.126,in,86,unreviewed
19-67,53,+.201,+.171,in,86,unreviewed
19-67,20,-.123,+.036,in,86,unreviewed
19-67,54,+.201,+.081,in,86,unreviewed
19-67,21,-.123,-.054,in,86,unreviewed
19-67,55,+.201,-.009,in,86,unreviewed
19-67,22,-.123,-.144,in,86,unreviewed
19-67,56,+.201,-.099,in,86,unreviewed
19-67,23,-.123,-.234,in,86,unreviewed
19-67,57,+.201,-.189,in,86,unreviewed
19-67,24,-.123,-.324,in,86,unreviewed
19-67,58,+.201,-.279,in,86,unreviewed
19-67,25,-.088,+.360,in,86,unreviewed
19-67,59,+.304,+.213,in,86,unreviewed
19-67,26,-.000,+.339,in,86,unreviewed
19-67,60,+.279,+.126,in,86,unreviewed
19-67,27,-.045,+.261,in,86,unreviewed
19-67,61,+.279,+.036,in,86,unreviewed
19-67,28,-.045,+.171,in,86,unreviewed
19-67,62,+.279,-.054,in,86,unreviewed
19-67,29,-.045,+.081,in,86,unreviewed
19-67,63,+.279,-.144,in,86,unreviewed
19-67,30,-.045,-.009,in,86,unreviewed
19-67,64,+.279,-.234,in,86,unreviewed
19-67,31,-.045,-.099,in,86,unreviewed
19-67,65,+.357,+.081,in,86,unreviewed
19-67,32,-.045,-.189,in,86,unreviewed
19-67,66,+.357,-.009,in,86,unreviewed
19-67,33,-.045,-.279,in,86,unreviewed
19-67,67,+.357,-.099,in,86,unreviewed
19-67,34,-.045,-.369,in,86,unreviewed
21-1,1,+.053,+.426,in,87,unreviewed
21-1,41,-.098,-.322,in,87,unreviewed
21-1,2,+.146,+.404,in,87,unreviewed
21-1,42,-.184,-.280,in,87,unreviewed
21-1,3,+.232,+.362,in,87,unreviewed
21-1,43,-.258,-.220,in,87,unreviewed
21-1,4,+.306,+.302,in,87,unreviewed
21-1,44,-.311,-.141,in,87,unreviewed
21-1,5,+.365,+.227,in,87,unreviewed
21-1,45,-.332,-.048,in,87,unreviewed
21-1,6,+.406,+.141,in,87,unreviewed
21-1,46,-.332,+.048,in,87,unreviewed
21-1,7,+.427,+.048,in,87,unreviewed
21-1,47,-.311,+.141,in,87,unreviewed
21-1,8,+.427,-.048,in,87,unreviewed
21-1,48,-.258,+.220,in,87,unreviewed
21-1,9,+.406,-.141,in,87,unreviewed
21-1,49,-.184,+.280,in,87,unreviewed
21-1,10,+.365,-.227,in,87,unreviewed
21-1,50,-.098,+.322,in,87,unreviewed
21-1,11,+.306,-.302,in,87,unreviewed
21-1,51,-.048,+.241,in,87,unreviewed
21-1,12,+.232,-.362,in,87,unreviewed
21-1,52,+.048,+.241,in,87,unreviewed
21-1,13,+.146,-.404,in,87,unreviewed
21-1,53,+.134,+.199,in,87,unreviewed
21-1,14,+.053,-.426,in,87,unreviewed
21-1,54,+.208,+.139,in,87,unreviewed
21-1,15,-.053,-.426,in,87,unreviewed
21-1,55,+.237,+.048,in,87,unreviewed
21-1,16,-.146,-.404,in,87,unreviewed
21-1,56,+.237,-.048,in,87,unreviewed
21-1,17,-.232,-.362,in,87,unreviewed
21-1,57,+.208,-.139,in,87,unreviewed
21-1,18,-.306,-.302,in,87,unreviewed
21-1,58,+.134,-.199,in,87,unreviewed
21-1,19,-.365,-.227,in,88,unreviewed
21-1,59,+.048,-.241,in,88,unreviewed
21-1,20,-.406,-.141,in,88,unreviewed
21-1,60,-.048,-.241,in,88,unreviewed
21-1,21,-.427,-.048,in,88,unreviewed
21-1,61,-.134,-.199,in,88,unreviewed
21-1,22,-.427,+.048,in,88,unreviewed
21-1,62,-.208,-.139,in,88,unreviewed
21-1,23,-.406,+.141,in,88,unreviewed
21-1,63,-.237,-.048,in,88,unreviewed
21-1,24,-.365,+.227,in,88,unreviewed
21-1,64,-.237,+.048,in,88,unreviewed
21-1,25,-.306,+.302,in,88,unreviewed
21-1,65,-.208,+.139,in,88,unreviewed
21-1,26,-.232,+.362,in,88,unreviewed
21-1,66,-.134,+.199,in,88,unreviewed
21-1,27,-.146,+.404,in,88,unreviewed
21-1,67,-.048,+.146,in,88,unreviewed
21-1,28,-.053,+.426,in,88,unreviewed
21-1,68,+.048,+.146,in,88,unreviewed
21-1,29,+.000,+.323,in,88,unreviewed
21-1,69,+.125,+.090,in,88,unreviewed
21-1,30,+.098,+.322,in,88,unreviewed
21-1,70,+.155,+.000,in,88,unreviewed
21-1,31,+.184,+.280,in,88,unreviewed
21-1,71,+.125,-.090,in,88,unreviewed
21-1,32,+.258,+.220,in,88,unreviewed
21-1,72,+.048,-.146,in,88,unreviewed
21-1,33,+.311,+.141,in,88,unreviewed
21-1,73,-.048,-.146,in,88,unreviewed
21-1,34,+.332,+.048,in,88,unreviewed
21-1,74,-.125,-.090,in,88,unreviewed
21-1,35,+.332,-.048,in,88,unreviewed
21-1,75,-.155,+.000,in,88,unreviewed
21-1,36,+.311,-.141,in,88,unreviewed
21-1,76,-.125,+.090,in,88,unreviewed
21-1,37,+.258,-.220,in,88,unreviewed
21-1,77,+.000,+.053,in,88,unreviewed
21-1,38,+.184,-.280,in,88,unreviewed
21-1,78,+.048,-.029,in,88,unreviewed
21-1,39,+.098,-.322,in,88,unreviewed
21-1,79,-.048,-.029,in,88,unreviewed
21-1,40,+.000,-.347,in,88,unreviewed
21-11,A,+.121,+.332,in,89,unreviewed
21-11,G,-.348,-.061,in,89,unreviewed
21-11,B,+.306,+.177,in,89,unreviewed
21-11,H,-.306,+.177,in,89,unreviewed
21-11,C,+.348,-.061,in,89,unreviewed
21-11,J,-.121,+.332,in,89,unreviewed
21-11,D,+.227,-.270,in,89,unreviewed
21-11,K,+.000,+.123,in,89,unreviewed
21-11,E,+.000,-.353,in,89,unreviewed
21-11,L,+.000,-.115,in,89,unreviewed
21-11,F,-.227,-.270,in,89,unreviewed
21-16,A,+.118,+.322,in,90,unreviewed
21-16,J,-.341,+.036,in,90,unreviewed
21-16,B,+.271,+.211,in,90,unreviewed
21-16,K,-.271,+.211,in,90,unreviewed
21-16,C,+.341,+.036,in,90,unreviewed
21-16,L,-.118,+.322,in,90,unreviewed
21-16,D,+.308,-.150,in,90,unreviewed
21-16,M,+.000,+.175,in,90,unreviewed
21-16,E,+.182,-.290,in,90,unreviewed
21-16,N,+.154,+.062,in,90,unreviewed
21-16,F,+.000,-.343,in,90,unreviewed
21-16,P,+.094,-.122,in,90,unreviewed
21-16,G,-.182,-.290,in,90,unreviewed
21-16,R,-.094,-.122,in,90,unreviewed
21-16,H,-.308,-.150,in,90,unreviewed
21-16,S,-.154,+.062,in,90,unreviewed
21-23,1,-.161,+.417,in,91,unreviewed
21-23,62,+.080,+.000,in,91,unreviewed
21-23,2,-.080,+.417,in,91,unreviewed
21-23,63,+.161,+.000,in,91,unreviewed
21-23,3,+.000,+.417,in,91,unreviewed
21-23,64,+.241,+.000,in,91,unreviewed
21-23,4,+.080,+.417,in,91,unreviewed
21-23,65,+.321,+.000,in,91,unreviewed
21-23,5,+.161,+.417,in,91,unreviewed
21-23,66,+.402,+.000,in,91,unreviewed
21-23,6,-.281,+.348,in,91,unreviewed
21-23,67,-.442,-.070,in,91,unreviewed
21-23,7,-.201,+.348,in,92,unreviewed
21-23,68,-.361,-.070,in,92,unreviewed
21-23,8,-.121,+.348,in,92,unreviewed
21-23,69,-.281,-.070,in,92,unreviewed
21-23,9,-.040,+.348,in,92,unreviewed
21-23,70,-.201,-.070,in,92,unreviewed
21-23,10,+.040,+.348,in,92,unreviewed
21-23,71,-.121,-.070,in,92,unreviewed
21-23,11,+.121,+.348,in,92,unreviewed
21-23,72,-.040,-.070,in,92,unreviewed
21-23,12,+.201,+.348,in,92,unreviewed
21-23,73,+.040,-.070,in,92,unreviewed
21-23,13,+.281,+.348,in,92,unreviewed
21-23,74,+.121,-.070,in,92,unreviewed
21-23,14,-.321,+.278,in,92,unreviewed
21-23,75,+.201,-.070,in,92,unreviewed
21-23,15,-.241,+.278,in,92,unreviewed
21-23,76,+.281,-.070,in,92,unreviewed
21-23,16,-.161,+.278,in,92,unreviewed
21-23,77,+.361,-.070,in,92,unreviewed
21-23,17,-.080,+.278,in,92,unreviewed
21-23,78,+.442,-.070,in,92,unreviewed
21-23,18,+.000,+.278,in,92,unreviewed
21-23,79,-.402,-.139,in,92,unreviewed
21-23,19,+.080,+.278,in,92,unreviewed
21-23,80,-.321,-.139,in,92,unreviewed
21-23,20,+.161,+.278,in,92,unreviewed
21-23,81,-.241,-.139,in,92,unreviewed
21-23,21,+.241,+.278,in,92,unreviewed
21-23,82,-.161,-.139,in,92,unreviewed
21-23,22,+.321,+.278,in,92,unreviewed
21-23,83,-.080,-.139,in,92,unreviewed
21-23,23,-.361,+.209,in,92,unreviewed
21-23,84,+.000,-.139,in,92,unreviewed
21-23,24,-.281,+.209,in,92,unreviewed
21-23,85,+.080,-.139,in,92,unreviewed
21-23,25,-.201,+.209,in,92,unreviewed
21-23,86,+.161,-.139,in,92,unreviewed
21-23,26,-.121,+.209,in,92,unreviewed
21-23,87,+.241,-.139,in,92,unreviewed
21-23,27,-.040,+.209,in,92,unreviewed
21-23,88,+.321,-.139,in,92,unreviewed
21-23,28,+.040,+.209,in,92,unreviewed
21-23,89,+.402,-.139,in,92,unreviewed
21-23,29,+.121,+.209,in,92,unreviewed
21-23,90,-.361,-.209,in,92,unreviewed
21-23,30,+.201,+.209,in,92,unreviewed
21-23,91,-.281,-.209,in,92,unreviewed
21-23,31,+.281,+.209,in,92,unreviewed
21-23,92,-.201,-.209,in,92,unreviewed
21-23,32,+.361,+.209,in,92,unreviewed
21-23,93,-.121,-.209,in,92,unreviewed
21-23,33,-.402,+.139,in,92,unreviewed
21-23,94,-.040,-.209,in,92,unreviewed
21-23,34,-.321,+.139,in,92,unreviewed
21-23,95,+.040,-.209,in,92,unreviewed
21-23,35,-.241,+.139,in,92,unreviewed
21-23,96,+.121,-.209,in,92,unreviewed
21-23,36,-.161,+.139,in,92,unreviewed
21-23,97,+.201,-.209,in,92,unreviewed
21-23,37,-.080,+.139,in,93,unreviewed
21-23,98,+.281,-.209,in,93,unreviewed
21-23,38,+.000,+.139,in,93,unreviewed
21-23,99,+.361,-.209,in,93,unreviewed
21-23,39,+.080,+.139,in,93,unreviewed
21-23,100,-.321,-.278,in,93,unreviewed
21-23,40,+.161,+.139,in,93,unreviewed
21-23,101,-.241,-.278,in,93,unreviewed
21-23,41,+.241,+.139,in,93,unreviewed
21-23,102,-.161,-.278,in,93,unreviewed
21-23,42,+.321,+.139,in,93,unreviewed
21-23,103,-.080,-.278,in,93,unreviewed
21-23,43,+.402,+.139,in,93,unreviewed
21-23,104,+.000,-.278,in,93,unreviewed
21-23,44,-.442,+.070,in,93,unreviewed
21-23,105,+.080,-.278,in,93,unreviewed
21-23,45,-.361,+.070,in,93,unreviewed
21-23,106,+.161,-.278,in,93,unreviewed
21-23,46,-.281,+.070,in,93,unreviewed
21-23,107,+.241,-.278,in,93,unreviewed
21-23,47,-.201,+.070,in,93,unreviewed
21-23,108,+.321,-.278,in,93,unreviewed
21-23,48,-.121,+.070,in,93,unreviewed
21-23,109,-.281,-.348,in,93,unreviewed
21-23,49,-.040,+.070,in,93,unreviewed
21-23,110,-.201,-.348,in,93,unreviewed
21-23,50,+.040,+.070,in,93,unreviewed
21-23,111,-.121,-.348,in,93,unreviewed
21-23,51,+.121,+.070,in,93,unreviewed
21-23,112,-.040,-.348,in,93,unreviewed
21-23,52,+.201,+.070,in,93,unreviewed
21-23,113,+.040,-.348,in,93,unreviewed
21-23,53,+.281,+.070,in,93,unreviewed
21-23,114,+.121,-.348,in,93,unreviewed
21-23,54,+.361,+.070,in,93,unreviewed
21-23,115,+.201,-.348,in,93,unreviewed
21-23,55,+.442,+.070,in,93,unreviewed
21-23,116,+.281,-.348,in,93,unreviewed
21-23,56,-.402,+.000,in,93,unreviewed
21-23,117,-.161,-.417,in,93,unreviewed
21-23,57,-.321,+.000,in,93,unreviewed
21-23,118,-.080,-.417,in,93,unreviewed
21-23,58,-.241,+.000,in,93,unreviewed
21-23,119,+.000,-.417,in,93,unreviewed
21-23,59,-.161,+.000,in,93,unreviewed
21-23,120,+.080,-.417,in,93,unreviewed
21-23,60,-.080,+.000,in,93,unreviewed
21-23,121,+.161,-.417,in,93,unreviewed
21-23,61,+.000,+.000,in,93,unreviewed
21-24,A,+.175,+.375,in,94,unreviewed
21-24,N,+.150,+.200,in,94,unreviewed
21-24,B,+.350,+.200,in,94,unreviewed
21-24,P,+.250,+.000,in,94,unreviewed
21-24,C,+.400,+.000,in,94,unreviewed
21-24,R,+.200,-.150,in,94,unreviewed
21-24,D,+.350,-.200,in,94,unreviewed
21-24,S,+.075,-.250,in,94,unreviewed
21-24,E,+.200,-.350,in,94,unreviewed
21-24,T,-.075,-.250,in,94,unreviewed
21-24,F,+.000,-.400,in,94,unreviewed
21-24,U,-.200,-.150,in,94,unreviewed
21-24,G,-.200,-.350,in,94,unreviewed
21-24,V,-.250,+.000,in,94,unreviewed
21-24,H,-.350,-.200,in,94,unreviewed
21-24,W,-.150,+.200,in,94,unreviewed
21-24,J,-.400,+.000,in,94,unreviewed
21-24,X,+.000,+.150,in,94,unreviewed
21-24,K,-.350,+.200,in,94,unreviewed
21-24,Y,+.100,+.025,in,94,unreviewed
21-24,L,-.175,+.375,in,94,unreviewed
21-24,Z,+.000,-.100,in,94,unreviewed
21-24,M,+.000,+.300,in,94,unreviewed
21-24,a,-.100,+.025,in,94,unreviewed
21-25,A,+.000,+.400,in,95,unreviewed
21-25,P,-.225,+.225,in,95,unreviewed
21-25,B,+.150,+.375,in,95,unreviewed
21-25,R,-.150,+.375,in,95,unreviewed
21-25,C,+.225,+.225,in,95,unreviewed
21-25,S,+.075,+.225,in,95,unreviewed
21-25,D,+.375,+.175,in,95,unreviewed
21-25,T,+.250,+.075,in,95,unreviewed
21-25,E,+.400,+.025,in,95,unreviewed
21-25,U,+.150,-.200,in,95,unreviewed
21-25,F,+.375,-.125,in,95,unreviewed
21-25,V,-.150,-.200,in,95,unreviewed
21-25,G,+.275,-.300,in,95,unreviewed
21-25,W,-.250,+.075,in,95,unreviewed
21-25,H,+.100,-.400,in,95,unreviewed
21-25,X,-.075,+.225,in,95,unreviewed
21-25,J,-.100,-.400,in,95,unreviewed
21-25,Y,+.000,+.075,in,95,unreviewed
21-25,K,-.275,-.300,in,95,unreviewed
21-25,Z,+.125,-.025,in,95,unreviewed
21-25,L,-.375,-.125,in,95,unreviewed
21-25,a,+.000,-.125,in,95,unreviewed
21-25,M,-.400,+.025,in,95,unreviewed
21-25,b,-.125,-.025,in,95,unreviewed
21-25,N,-.375,+.175,in,95,unreviewed
21-27,A,+.000,+.400,in,96,unreviewed
21-27,R,-.150,+.375,in,96,unreviewed
21-27,B,+.150,+.375,in,96,unreviewed
21-27,S,+.125,+.225,in,96,unreviewed
21-27,C,+.275,+.275,in,96,unreviewed
21-27,T,+.225,+.100,in,96,unreviewed
21-27,D,+.375,+.150,in,96,unreviewed
21-27,U,+.250,-.050,in,96,unreviewed
21-27,E,+.400,+.000,in,96,unreviewed
21-27,V,+.150,-.200,in,96,unreviewed
21-27,F,+.375,-.150,in,96,unreviewed
21-27,W,+.000,-.250,in,96,unreviewed
21-27,G,+.275,-.300,in,96,unreviewed
21-27,X,-.150,-.200,in,96,unreviewed
21-27,H,+.100,-.400,in,96,unreviewed
21-27,Y,-.250,-.050,in,96,unreviewed
21-27,J,-.100,-.400,in,96,unreviewed
21-27,Z,-.225,+.100,in,96,unreviewed
21-27,K,-.275,-.300,in,96,unreviewed
21-27,a,-.125,+.225,in,96,unreviewed
21-27,L,-.375,-.150,in,96,unreviewed
21-27,b,+.000,+.100,in,96,unreviewed
21-27,M,-.400,+.000,in,96,unreviewed
21-27,c,+.100,-.025,in,96,unreviewed
21-27,N,-.375,+.150,in,96,unreviewed
21-27,d,-.100,-.025,in,96,unreviewed
21-27,P,-.275,+.275,in,96,unreviewed
21-29,1,+.067,+.412,in,97,unreviewed
21-29,15,-.412,+.060,in,97,unreviewed
21-29,2,+.194,+.372,in,97,unreviewed
21-29,16,-.310,+.146,in,97,unreviewed
21-29,3,+.305,+.281,in,97,unreviewed
21-29,17,-.305,+.281,in,97,unreviewed
21-29,4,+.310,+.146,in,97,unreviewed
21-29,18,-.194,+.372,in,97,unreviewed
21-29,5,+.412,+.060,in,97,unreviewed
21-29,19,-.067,+.412,in,97,unreviewed
21-29,6,+.409,-.074,in,97,unreviewed
21-29,20,+.126,+.200,in,97,unreviewed
21-29,7,+.311,-.169,in,97,unreviewed
21-29,21,+.264,-.003,in,97,unreviewed
21-29,8,+.289,-.302,in,97,unreviewed
21-29,22,+.125,-.207,in,97,unreviewed
21-29,9,+.124,-.397,in,97,unreviewed
21-29,23,-.125,-.207,in,97,unreviewed
21-29,10,-.000,-.347,in,97,unreviewed
21-29,24,-.264,-.003,in,97,unreviewed
21-29,11,-.124,-.397,in,97,unreviewed
21-29,25,-.126,+.200,in,97,unreviewed
21-29,12,-.289,-.302,in,97,unreviewed
21-29,13,-.311,-.169,in,97,unreviewed
21-29,27,-.088,-.003,in,97,unreviewed
21-29,14,-.409,-.074,in,97,unreviewed
21-35,1,+.053,+.426,in,99,unreviewed
21-35,41,-.098,-.322,in,99,unreviewed
21-35,2,+.146,+.404,in,99,unreviewed
21-35,42,-.184,-.280,in,99,unreviewed
21-35,3,+.232,+.362,in,99,unreviewed
21-35,43,-.258,-.220,in,99,unreviewed
21-35,4,+.306,+.302,in,99,unreviewed
21-35,44,-.311,-.141,in,99,unreviewed
21-35,5,+.365,+.227,in,99,unreviewed
21-35,45,-.332,-.048,in,99,unreviewed
21-35,6,+.406,+.141,in,99,unreviewed
21-35,46,-.332,+.048,in,99,unreviewed
21-35,7,+.427,+.048,in,99,unreviewed
21-35,47,-.311,+.141,in,99,unreviewed
21-35,8,+.427,-.048,in,99,unreviewed
21-35,48,-.258,+.220,in,99,unreviewed
21-35,9,+.406,-.141,in,99,unreviewed
21-35,49,-.184,+.280,in,99,unreviewed
21-35,10,+.365,-.227,in,99,unreviewed
21-35,50,-.098,+.322,in,99,unreviewed
21-35,11,+.306,-.302,in,99,unreviewed
21-35,51,-.048,+.241,in,99,unreviewed
21-35,12,+.232,-.362,in,99,unreviewed
21-35,52,+.048,+.241,in,99,unreviewed
21-35,13,+.146,-.404,in,99,unreviewed
21-35,53,+.134,+.199,in,99,unreviewed
21-35,14,+.053,-.426,in,99,unreviewed
21-35,54,+.208,+.139,in,99,unreviewed
21-35,15,-.053,-.426,in,99,unreviewed
21-35,55,+.237,+.048,in,99,unreviewed
21-35,16,-.146,-.404,in,99,unreviewed
21-35,56,+.237,-.048,in,99,unreviewed
21-35,17,-.232,-.362,in,99,unreviewed
21-35,57,+.208,-.139,in,99,unreviewed
21-35,18,-.306,-.302,in,100,unreviewed
21-35,58,+.134,-.199,in,100,unreviewed
21-35,19,-.365,-.227,in,100,unreviewed
21-35,59,+.048,-.241,in,100,unreviewed
21-35,20,-.406,-.141,in,100,unreviewed
21-35,60,-.048,-.241,in,100,unreviewed
21-35,21,-.427,-.048,in,100,unreviewed
21-35,61,-.134,-.199,in,100,unreviewed
21-35,22,-.427,+.048,in,100,unreviewed
21-35,62,-.208,-.139,in,100,unreviewed
21-35,23,-.406,+.141,in,100,unreviewed
21-35,63,-.237,-.048,in,100,unreviewed
21-35,24,-.365,+.227,in,100,unreviewed
21-35,64,-.237,+.048,in,100,unreviewed
21-35,25,-.306,+.302,in,100,unreviewed
21-35,65,-.208,+.139,in,100,unreviewed
21-35,26,-.232,+.362,in,100,unreviewed
21-35,66,-.134,+.199,in,100,unreviewed
21-35,27,-.146,+.404,in,100,unreviewed
21-35,67,-.048,+.146,in,100,unreviewed
21-35,28,-.053,+.426,in,100,unreviewed
21-35,68,+.048,+.146,in,100,unreviewed
21-35,29,+.000,+.323,in,100,unreviewed
21-35,69,+.125,+.090,in,100,unreviewed
21-35,30,+.098,+.322,in,100,unreviewed
21-35,70,+.155,+.000,in,100,unreviewed
21-35,31,+.184,+.280,in,100,unreviewed
21-35,71,+.125,-.090,in,100,unreviewed
21-35,32,+.258,+.220,in,100,unreviewed
21-35,72,+.048,-.146,in,100,unreviewed
21-35,33,+.311,+.141,in,100,unreviewed
21-35,73,-.048,-.146,in,100,unreviewed
21-35,34,+.332,+.048,in,100,unreviewed
21-35,74,-.125,-.090,in,100,unreviewed
21-35,35,+.332,-.048,in,100,unreviewed
21-35,75,-.155,+.000,in,100,unreviewed
21-35,36,+.311,-.141,in,100,unreviewed
21-35,76,-.125,+.090,in,100,unreviewed
21-35,37,+.258,-.220,in,100,unreviewed
21-35,77,+.000,+.053,in,100,unreviewed
21-35,38,+.184,-.280,in,100,unreviewed
21-35,78,+.048,-.029,in,100,unreviewed
21-35,39,+.098,-.322,in,100,unreviewed
21-35,79,-.048,-.029,in,100,unreviewed
21-35,40,+.000,-.347,in,100,unreviewed
21-39,A,+.065,+.411,in,101,unreviewed
21-39,X,+.000,+.295,in,101,unreviewed
21-39,B,+.189,+.371,in,101,unreviewed
21-39,Y,+.126,+.256,in,101,unreviewed
21-39,C,+.294,+.294,in,101,unreviewed
21-39,Z,+.232,+.179,in,101,unreviewed
21-39,D,+.371,+.189,in,101,unreviewed
21-39,a,+.280,+.057,in,101,unreviewed
21-39,E,+.411,+.065,in,101,unreviewed
21-39,b,+.280,-.074,in,101,unreviewed
21-39,F,+.411,-.065,in,101,unreviewed
21-39,c,+.217,-.189,in,101,unreviewed
21-39,G,+.371,-.189,in,101,unreviewed
21-39,d,+.112,-.265,in,101,unreviewed
21-39,H,+.294,-.294,in,101,unreviewed
21-39,e,-.112,-.265,in,101,unreviewed
21-39,J,+.189,-.371,in,101,unreviewed
21-39,f,-.217,-.189,in,101,unreviewed
21-39,K,+.065,-.411,in,101,unreviewed
21-39,g,-.280,-.074,in,101,unreviewed
21-39,L,-.065,-.411,in,101,unreviewed
21-39,h,-.280,+.057,in,101,unreviewed
21-39,M,-.189,-.371,in,101,unreviewed
21-39,i,-.232,+.179,in,101,unreviewed
21-39,N,-.294,-.294,in,101,unreviewed
21-39,j,-.126,+.256,in,101,unreviewed
21-39,P,-.371,-.189,in,101,unreviewed
21-39,k,+.000,+.164,in,101,unreviewed
21-39,R,-.411,-.065,in,101,unreviewed
21-39,m,+.114,+.048,in,101,unreviewed
21-39,S,-.411,+.065,in,102,unreviewed
21-39,n,+.106,-.107,in,102,unreviewed
21-39,T,-.371,+.189,in,102,unreviewed
21-39,p,+.000,-.189,in,102,unreviewed
21-39,U,-.294,+.294,in,102,unreviewed
21-39,q,-.106,-.107,in,102,unreviewed
21-39,V,-.189,+.371,in,102,unreviewed
21-39,r,-.114,+.048,in,102,unreviewed
21-39,W,-.065,+.411,in,102,unreviewed
21-41,A,+.000,+.418,in,104,unreviewed
21-41,Y,+.132,+.251,in,104,unreviewed
21-41,B,+.129,+.397,in,104,unreviewed
21-41,Z,+.233,+.161,in,104,unreviewed
21-41,C,+.245,+.338,in,104,unreviewed
21-41,a,+.281,+.034,in,104,unreviewed
21-41,D,+.338,+.245,in,104,unreviewed
21-41,b,+.265,-.101,in,104,unreviewed
21-41,E,+.397,+.129,in,104,unreviewed
21-41,c,+.188,-.212,in,104,unreviewed
21-41,F,+.418,+.000,in,104,unreviewed
21-41,d,+.068,-.275,in,104,unreviewed
21-41,G,+.397,-.129,in,104,unreviewed
21-41,e,-.068,-.275,in,104,unreviewed
21-41,H,+.338,-.245,in,104,unreviewed
21-41,f,-.188,-.212,in,104,unreviewed
21-41,J,+.245,-.338,in,104,unreviewed
21-41,g,-.265,-.101,in,104,unreviewed
21-41,K,+.129,-.397,in,104,unreviewed
21-41,h,-.281,+.034,in,104,unreviewed
21-41,L,-.000,-.418,in,104,unreviewed
21-41,i,-.233,+.161,in,104,unreviewed
21-41,M,-.129,-.397,in,104,unreviewed
21-41,j,-.132,+.251,in,104,unreviewed
21-41,N,-.245,-.338,in,104,unreviewed
21-41,k,+.000,+.150,in,104,unreviewed
21-41,P,-.338,-.245,in,104,unreviewed
21-41,m,+.117,+.094,in,104,unreviewed
21-41,R,-.397,-.129,in,104,unreviewed
21-41,n,+.146,-.033,in,104,unreviewed
21-41,S,-.418,+.000,in,104,unreviewed
21-41,p,+.065,-.135,in,104,unreviewed
21-41,T,-.397,+.129,in,104,unreviewed
21-41,q,-.065,-.135,in,104,unreviewed
21-41,U,-.338,+.245,in,104,unreviewed
21-41,r,-.146,-.033,in,104,unreviewed
21-41,V,-.245,+.338,in,104,unreviewed
21-41,s,-.117,+.094,in,104,unreviewed
21-41,W,-.129,+.397,in,104,unreviewed
21-41,t,+.000,+.000,in,104,unreviewed
21-41,X,+.000,+.284,in,104,unreviewed
21-75,A,+.180,+.180,in,105,unreviewed
21-75,B,+.180,-.180,in,105,unreviewed
21-75,C,-.180,-.180,in,105,unreviewed
21-75,D,-.180,+.180,in,105,unreviewed
21-76,A,+.180,+.180,in,106,unreviewed
21-76,B,+.180,-.180,in,106,unreviewed
21-76,C,-.180,-.180,in,106,unreviewed
21-76,D,-.180,+.180,in,106,unreviewed
23-1,1,-.428,+.241,in,107,unreviewed
23-1,51,+.000,-.047,in,107,unreviewed
23-1,2,-.467,+.154,in,107,unreviewed
23-1,52,+.000,-.142,in,107,unreviewed
23-1,3,-.488,+.061,in,107,unreviewed
23-1,53,+.000,-.237,in,107,unreviewed
23-1,4,-.415,+.000,in,107,unreviewed
23-1,54,+.000,-.332,in,107,unreviewed
23-1,5,-.488,-.061,in,107,unreviewed
23-1,55,+.000,-.427,in,107,unreviewed
23-1,6,-.428,-.142,in,107,unreviewed
23-1,56,+.083,+.475,in,107,unreviewed
23-1,7,-.428,-.237,in,107,unreviewed
23-1,57,+.083,+.380,in,107,unreviewed
23-1,8,-.332,+.333,in,107,unreviewed
23-1,58,+.083,+.285,in,107,unreviewed
23-1,9,-.332,+.238,in,107,unreviewed
23-1,59,+.083,+.190,in,107,unreviewed
23-1,10,-.332,+.143,in,107,unreviewed
23-1,60,+.083,+.095,in,107,unreviewed
23-1,11,-.332,+.048,in,107,unreviewed
23-1,61,+.083,+.000,in,107,unreviewed
23-1,12,-.332,-.047,in,107,unreviewed
23-1,62,+.083,-.095,in,107,unreviewed
23-1,13,-.332,-.142,in,107,unreviewed
23-1,63,+.083,-.190,in,107,unreviewed
23-1,14,-.332,-.237,in,107,unreviewed
23-1,64,+.083,-.285,in,107,unreviewed
23-1,15,-.332,-.332,in,107,unreviewed
23-1,65,+.083,-.380,in,107,unreviewed
23-1,16,-.249,+.380,in,107,unreviewed
23-1,66,+.083,-.475,in,107,unreviewed
23-1,17,-.249,+.285,in,107,unreviewed
23-1,67,+.166,+.428,in,107,unreviewed
23-1,18,-.249,+.190,in,108,unreviewed
23-1,68,+.166,+.333,in,108,unreviewed
23-1,19,-.249,+.095,in,108,unreviewed
23-1,69,+.166,+.238,in,108,unreviewed
23-1,20,-.249,+.000,in,108,unreviewed
23-1,70,+.166,+.143,in,108,unreviewed
23-1,21,-.249,-.095,in,108,unreviewed
23-1,71,+.166,+.048,in,108,unreviewed
23-1,22,-.249,-.190,in,108,unreviewed
23-1,72,+.166,-.047,in,108,unreviewed
23-1,23,-.249,-.285,in,108,unreviewed
23-1,73,+.166,-.142,in,108,unreviewed
23-1,24,-.249,-.380,in,108,unreviewed
23-1,74,+.166,-.237,in,108,unreviewed
23-1,25,-.166,+.428,in,108,unreviewed
23-1,75,+.166,-.332,in,108,unreviewed
23-1,26,-.166,+.333,in,108,unreviewed
23-1,76,+.166,-.427,in,108,unreviewed
23-1,27,-.166,+.238,in,108,unreviewed
23-1,77,+.249,+.380,in,108,unreviewed
23-1,28,-.166,+.143,in,108,unreviewed
23-1,78,+.249,+.285,in,108,unreviewed
23-1,29,-.166,+.048,in,108,unreviewed
23-1,79,+.249,+.190,in,108,unreviewed
23-1,30,-.166,-.047,in,108,unreviewed
23-1,80,+.249,+.095,in,108,unreviewed
23-1,31,-.166,-.142,in,108,unreviewed
23-1,81,+.249,+.000,in,108,unreviewed
23-1,32,-.166,-.237,in,108,unreviewed
23-1,82,+.249,-.095,in,108,unreviewed
23-1,33,-.166,-.332,in,108,unreviewed
23-1,83,+.249,-.190,in,108,unreviewed
23-1,34,-.166,-.427,in,108,unreviewed
23-1,84,+.249,-.285,in,108,unreviewed
23-1,35,-.083,+.475,in,108,unreviewed
23-1,85,+.249,-.380,in,108,unreviewed
23-1,36,-.083,+.380,in,108,unreviewed
23-1,86,+.332,+.333,in,108,unreviewed
23-1,37,-.083,+.285,in,108,unreviewed
23-1,87,+.332,+.238,in,108,unreviewed
23-1,38,-.083,+.190,in,108,unreviewed
23-1,88,+.332,+.143,in,108,unreviewed
23-1,39,-.083,+.095,in,108,unreviewed
23-1,89,+.332,+.048,in,108,unreviewed
23-1,40,-.083,+.000,in,108,unreviewed
23-1,90,+.332,-.047,in,108,unreviewed
23-1,41,-.083,-.095,in,108,unreviewed
23-1,91,+.332,-.142,in,108,unreviewed
23-1,42,-.083,-.190,in,108,unreviewed
23-1,92,+.332,-.237,in,108,unreviewed
23-1,43,-.083,-.285,in,108,unreviewed
23-1,93,+.332,-.332,in,108,unreviewed
23-1,44,-.083,-.380,in,108,unreviewed
23-1,94,+.428,+.241,in,108,unreviewed
23-1,45,-.083,-.475,in,108,unreviewed
23-1,95,+.467,+.154,in,108,unreviewed
23-1,46,+.000,+.428,in,108,unreviewed
23-1,96,+.488,+.061,in,108,unreviewed
23-1,47,+.000,+.333,in,109,unreviewed
23-1,97,+.415,+.000,in,109,unreviewed
23-1,48,+.000,+.238,in,109,unreviewed
23-1,98,+.488,-.061,in,109,unreviewed
23-1,49,+.000,+.143,in,109,unreviewed
23-1,99,+.428,-.142,in,109,unreviewed
23-1,50,+.000,+.048,in,109,unreviewed
23-1,100,+.428,-.237,in,109,unreviewed
23-2,1,-.455,+.159,in,110,unreviewed
23-2,44,+.000,-.106,in,110,unreviewed
23-2,2,-.455,+.053,in,110,unreviewed
23-2,45,+.000,-.212,in,110,unreviewed
23-2,3,-.482,-.053,in,110,unreviewed
23-2,46,+.000,-.318,in,110,unreviewed
23-2,4,-.455,-.159,in,110,unreviewed
23-2,47,+.000,-.424,in,110,unreviewed
23-2,5,-.364,+.318,in,110,unreviewed
23-2,48,+.091,+.477,in,110,unreviewed
23-2,6,-.364,+.212,in,110,unreviewed
23-2,49,+.091,+.371,in,110,unreviewed
23-2,7,-.364,+.106,in,110,unreviewed
23-2,50,+.091,+.265,in,110,unreviewed
23-2,8,-.364,+.000,in,110,unreviewed
23-2,51,+.091,+.159,in,110,unreviewed
23-2,9,-.364,-.106,in,110,unreviewed
23-2,52,+.091,+.053,in,110,unreviewed
23-2,10,-.364,-.212,in,110,unreviewed
23-2,53,+.091,-.053,in,110,unreviewed
23-2,11,-.364,-.318,in,110,unreviewed
23-2,54,+.091,-.159,in,110,unreviewed
23-2,12,-.273,+.371,in,110,unreviewed
23-2,55,+.091,-.265,in,110,unreviewed
23-2,13,-.273,+.265,in,110,unreviewed
23-2,56,+.091,-.371,in,110,unreviewed
23-2,14,-.273,+.159,in,110,unreviewed
23-2,57,+.091,-.477,in,110,unreviewed
23-2,15,-.273,+.053,in,110,unreviewed
23-2,58,+.182,+.424,in,110,unreviewed
23-2,16,-.273,-.053,in,110,unreviewed
23-2,59,+.182,+.318,in,110,unreviewed
23-2,17,-.273,-.159,in,110,unreviewed
23-2,60,+.182,+.212,in,110,unreviewed
23-2,18,-.273,-.265,in,111,unreviewed
23-2,61,+.182,+.106,in,111,unreviewed
23-2,19,-.287,-.390,in,111,unreviewed
23-2,62,+.182,+.000,in,111,unreviewed
23-2,20,-.182,+.424,in,111,unreviewed
23-2,63,+.182,-.106,in,111,unreviewed
23-2,21,-.182,+.318,in,111,unreviewed
23-2,64,+.182,-.212,in,111,unreviewed
23-2,22,-.182,+.212,in,111,unreviewed
23-2,65,+.182,-.318,in,111,unreviewed
23-2,23,-.182,+.106,in,111,unreviewed
23-2,66,+.192,-.446,in,111,unreviewed
23-2,24,-.182,+.000,in,111,unreviewed
23-2,67,+.273,+.371,in,111,unreviewed
23-2,25,-.182,-.106,in,111,unreviewed
23-2,68,+.273,+.265,in,111,unreviewed
23-2,26,-.182,-.212,in,111,unreviewed
23-2,69,+.273,+.159,in,111,unreviewed
23-2,27,-.182,-.318,in,111,unreviewed
23-2,70,+.273,+.053,in,111,unreviewed
23-2,28,-.192,-.446,in,111,unreviewed
23-2,71,+.273,-.053,in,111,unreviewed
23-2,29,-.091,+.477,in,111,unreviewed
23-2,72,+.273,-.159,in,111,unreviewed
23-2,30,-.091,+.371,in,111,unreviewed
23-2,73,+.273,-.265,in,111,unreviewed
23-2,31,-.091,+.265,in,111,unreviewed
23-2,74,+.287,-.390,in,111,unreviewed
23-2,32,-.091,+.159,in,111,unreviewed
23-2,75,+.364,+.318,in,111,unreviewed
23-2,33,-.091,+.053,in,111,unreviewed
23-2,76,+.364,+.212,in,111,unreviewed
23-2,34,-.091,-.053,in,111,unreviewed
23-2,77,+.364,+.106,in,111,unreviewed
23-2,35,-.091,-.159,in,111,unreviewed
23-2,78,+.364,+.000,in,111,unreviewed
23-2,36,-.091,-.265,in,111,unreviewed
23-2,79,+.364,-.106,in,111,unreviewed
23-2,37,-.091,-.371,in,111,unreviewed
23-2,80,+.364,-.212,in,111,unreviewed
23-2,38,-.091,-.477,in,111,unreviewed
23-2,81,+.364,-.318,in,111,unreviewed
23-2,39,+.000,+.424,in,111,unreviewed
23-2,82,+.455,+.159,in,111,unreviewed
23-2,40,+.000,+.318,in,111,unreviewed
23-2,83,+.455,+.053,in,111,unreviewed
23-2,41,+.000,+.212,in,111,unreviewed
23-2,84,+.482,-.053,in,111,unreviewed
23-2,42,+.000,+.106,in,111,unreviewed
23-2,85,+.455,-.159,in,111,unreviewed
23-2,43,+.000,+.000,in,111,unreviewed
23-21,A,+.128,+.385,in,112,unreviewed
23-21,M,-.289,+.285,in,112,unreviewed
23-21,B,+.289,+.285,in,112,unreviewed
23-21,N,-.128,+.385,in,112,unreviewed
23-21,C,+.386,+.123,in,112,unreviewed
23-21,P,+.000,+.245,in,112,unreviewed
23-21,D,+.400,-.065,in,112,unreviewed
23-21,R,+.160,+.146,in,112,unreviewed
23-21,E,+.328,-.239,in,112,unreviewed
23-21,S,+.214,-.035,in,112,unreviewed
23-21,F,+.183,-.362,in,112,unreviewed
23-21,T,+.094,-.194,in,112,unreviewed
23-21,G,+.000,-.406,in,112,unreviewed
23-21,U,-.094,-.194,in,112,unreviewed
23-21,H,-.183,-.362,in,112,unreviewed
23-21,V,-.214,-.035,in,112,unreviewed
23-21,J,-.328,-.239,in,112,unreviewed
23-21,W,-.160,+.146,in,112,unreviewed
23-21,K,-.400,-.065,in,112,unreviewed
23-21,X,+.000,+.000,in,112,unreviewed
23-21,L,-.386,+.123,in,112,unreviewed
23-23,1,-.121,+.487,in,113,unreviewed
23-23,77,+.080,+.000,in,113,unreviewed
23-23,2,-.040,+.487,in,113,unreviewed
23-23,78,+.161,+.000,in,113,unreviewed
23-23,3,+.040,+.487,in,113,unreviewed
23-23,79,+.241,+.000,in,113,unreviewed
23-23,4,+.121,+.487,in,113,unreviewed
23-23,80,+.321,+.000,in,113,unreviewed
23-23,5,-.241,+.417,in,113,unreviewed
23-23,81,+.402,+.000,in,113,unreviewed
23-23,6,-.161,+.417,in,113,unreviewed
23-23,82,+.482,+.000,in,113,unreviewed
23-23,7,-.080,+.417,in,113,unreviewed
23-23,83,-.442,-.070,in,113,unreviewed
23-23,8,+.000,+.417,in,113,unreviewed
23-23,84,-.361,-.070,in,113,unreviewed
23-23,9,+.080,+.417,in,113,unreviewed
23-23,85,-.281,-.070,in,113,unreviewed
23-23,10,+.161,+.417,in,114,unreviewed
23-23,86,-.201,-.070,in,114,unreviewed
23-23,11,+.241,+.417,in,114,unreviewed
23-23,87,-.121,-.070,in,114,unreviewed
23-23,12,-.361,+.348,in,114,unreviewed
23-23,88,-.040,-.070,in,114,unreviewed
23-23,13,-.281,+.348,in,114,unreviewed
23-23,89,+.040,-.070,in,114,unreviewed
23-23,14,-.201,+.348,in,114,unreviewed
23-23,90,+.121,-.070,in,114,unreviewed
23-23,15,-.121,+.348,in,114,unreviewed
23-23,91,+.201,-.070,in,114,unreviewed
23-23,16,-.040,+.348,in,114,unreviewed
23-23,92,+.281,-.070,in,114,unreviewed
23-23,17,+.040,+.348,in,114,unreviewed
23-23,93,+.361,-.070,in,114,unreviewed
23-23,18,+.121,+.348,in,114,unreviewed
23-23,94,+.442,-.070,in,114,unreviewed
23-23,19,+.201,+.348,in,114,unreviewed
23-23,95,-.482,-.139,in,114,unreviewed
23-23,20,+.281,+.348,in,114,unreviewed
23-23,96,-.402,-.139,in,114,unreviewed
23-23,21,+.361,+.348,in,114,unreviewed
23-23,97,-.321,-.139,in,114,unreviewed
23-23,22,-.402,+.278,in,114,unreviewed
23-23,98,-.241,-.139,in,114,unreviewed
23-23,23,-.321,+.278,in,114,unreviewed
23-23,99,-.161,-.139,in,114,unreviewed
23-23,24,-.241,+.278,in,114,unreviewed
23-23,100,-.080,-.139,in,114,unreviewed
23-23,25,-.161,+.278,in,114,unreviewed
23-23,101,+.000,-.139,in,114,unreviewed
23-23,26,-.080,+.278,in,114,unreviewed
23-23,102,+.080,-.139,in,114,unreviewed
23-23,27,+.000,+.278,in,114,unreviewed
23-23,103,+.161,-.139,in,114,unreviewed
23-23,28,+.080,+.278,in,114,unreviewed
23-23,104,+.241,-.139,in,114,unreviewed
23-23,29,+.161,+.278,in,114,unreviewed
23-23,105,+.321,-.139,in,114,unreviewed
23-23,30,+.241,+.278,in,114,unreviewed
23-23,106,+.402,-.139,in,114,unreviewed
23-23,31,+.321,+.278,in,114,unreviewed
23-23,107,+.482,-.139,in,114,unreviewed
23-23,32,+.402,+.278,in,114,unreviewed
23-23,108,-.442,-.209,in,114,unreviewed
23-23,33,-.442,+.209,in,114,unreviewed
23-23,109,-.361,-.209,in,114,unreviewed
23-23,34,-.361,+.209,in,114,unreviewed
23-23,110,-.281,-.209,in,114,unreviewed
23-23,35,-.281,+.209,in,114,unreviewed
23-23,111,-.201,-.209,in,114,unreviewed
23-23,36,-.201,+.209,in,114,unreviewed
23-23,112,-.121,-.209,in,114,unreviewed
23-23,37,-.121,+.209,in,114,unreviewed
23-23,113,-.040,-.209,in,114,unreviewed
23-23,38,-.040,+.209,in,114,unreviewed
23-23,114,+.040,-.209,in,114,unreviewed
23-23,39,+.040,+.209,in,114,unreviewed
23-23,115,+.121,-.209,in,114,unreviewed
23-23,40,+.121,+.209,in,114,unreviewed
23-23,116,+.201,-.209,in,114,unreviewed
23-23,41,+.201,+.209,in,115,unreviewed
23-23,117,+.281,-.209,in,115,unreviewed
23-23,42,+.281,+.209,in,115,unreviewed
23-23,118,+.361,-.209,in,115,unreviewed
23-23,43,+.361,+.209,in,115,unreviewed
23-23,119,+.442,-.209,in,115,unreviewed
23-23,44,+.442,+.209,in,115,unreviewed
23-23,120,-.402,-.278,in,115,unreviewed
23-23,45,-.482,+.139,in,115,unreviewed
23-23,121,-.321,-.278,in,115,unreviewed
23-23,46,-.402,+.139,in,115,unreviewed
23-23,122,-.241,-.278,in,115,unreviewed
23-23,47,-.321,+.139,in,115,unreviewed
23-23,123,-.161,-.278,in,115,unreviewed
23-23,48,-.241,+.139,in,115,unreviewed
23-23,124,-.080,-.278,in,115,unreviewed
23-23,49,-.161,+.139,in,115,unreviewed
23-23,125,+.000,-.278,in,115,unreviewed
23-23,50,-.080,+.139,in,115,unreviewed
23-23,126,+.080,-.278,in,115,unreviewed
23-23,51,+.000,+.139,in,115,unreviewed
23-23,127,+.161,-.278,in,115,unreviewed
23-23,52,+.080,+.139,in,115,unreviewed
23-23,128,+.241,-.278,in,115,unreviewed
23-23,53,+.161,+.139,in,115,unreviewed
23-23,129,+.321,-.278,in,115,unreviewed
23-23,54,+.241,+.139,in,115,unreviewed
23-23,130,+.402,-.278,in,115,unreviewed
23-23,55,+.321,+.139,in,115,unreviewed
23-23,131,-.361,-.348,in,115,unreviewed
23-23,56,+.402,+.139,in,115,unreviewed
23-23,132,-.281,-.348,in,115,unreviewed
23-23,57,+.482,+.139,in,115,unreviewed
23-23,133,-.201,-.348,in,115,unreviewed
23-23,58,-.442,+.070,in,115,unreviewed
23-23,134,-.121,-.348,in,115,unreviewed
23-23,59,-.361,+.070,in,115,unreviewed
23-23,135,-.040,-.348,in,115,unreviewed
23-23,60,-.281,+.070,in,115,unreviewed
23-23,136,+.040,-.348,in,115,unreviewed
23-23,61,-.201,+.070,in,115,unreviewed
23-23,137,+.121,-.348,in,115,unreviewed
23-23,62,-.121,+.070,in,115,unreviewed
23-23,138,+.201,-.348,in,115,unreviewed
23-23,63,-.040,+.070,in,115,unreviewed
23-23,139,+.281,-.348,in,115,unreviewed
23-23,64,+.040,+.070,in,115,unreviewed
23-23,140,+.361,-.348,in,115,unreviewed
23-23,65,+.121,+.070,in,115,unreviewed
23-23,141,-.241,-.417,in,115,unreviewed
23-23,66,+.201,+.070,in,115,unreviewed
23-23,142,-.161,-.417,in,115,unreviewed
23-23,67,+.281,+.070,in,115,unreviewed
23-23,143,-.080,-.417,in,115,unreviewed
23-23,68,+.361,+.070,in,115,unreviewed
23-23,144,+.000,-.417,in,115,unreviewed
23-23,69,+.442,+.070,in,115,unreviewed
23-23,145,+.080,-.417,in,115,unreviewed
23-23,70,-.482,+.000,in,115,unreviewed
23-23,146,+.161,-.417,in,115,unreviewed
23-23,71,-.402,+.000,in,116,unreviewed
23-23,147,+.241,-.417,in,116,unreviewed
23-23,72,-.321,+.000,in,116,unreviewed
23-23,148,-.121,-.487,in,116,unreviewed
23-23,73,-.241,+.000,in,116,unreviewed
23-23,149,-.040,-.487,in,116,unreviewed
23-23,74,-.161,+.000,in,116,unreviewed
23-23,150,+.040,-.487,in,116,unreviewed
23-23,75,-.080,+.000,in,116,unreviewed
23-23,151,+.121,-.487,in,116,unreviewed
23-23,76,+.000,+.000,in,116,unreviewed
23-32,A,+.100,+.450,in,117,unreviewed
23-32,T,+.325,+.025,in,117,unreviewed
23-32,B,+.325,+.325,in,117,unreviewed
23-32,U,+.300,-.125,in,117,unreviewed
23-32,C,+.425,+.150,in,117,unreviewed
23-32,V,+.200,-.250,in,117,unreviewed
23-32,D,+.450,-.075,in,117,unreviewed
23-32,W,+.000,-.300,in,117,unreviewed
23-32,E,+.375,-.275,in,117,unreviewed
23-32,X,-.200,-.250,in,117,unreviewed
23-32,F,+.200,-.400,in,117,unreviewed
23-32,Y,-.300,-.125,in,117,unreviewed
23-32,G,+.000,-.450,in,117,unreviewed
23-32,Z,-.325,+.025,in,117,unreviewed
23-32,H,-.200,-.400,in,117,unreviewed
23-32,a,-.250,+.175,in,117,unreviewed
23-32,J,-.375,-.275,in,117,unreviewed
23-32,b,-.150,+.300,in,117,unreviewed
23-32,K,-.450,-.075,in,117,unreviewed
23-32,c,+.100,+.150,in,117,unreviewed
23-32,L,-.425,+.150,in,117,unreviewed
23-32,d,+.150,+.000,in,117,unreviewed
23-32,M,-.325,+.325,in,117,unreviewed
23-32,e,+.075,-.150,in,117,unreviewed
23-32,N,-.100,+.450,in,117,unreviewed
23-32,f,-.075,-.150,in,117,unreviewed
23-32,P,+.000,+.325,in,117,unreviewed
23-32,g,-.150,+.000,in,117,unreviewed
23-32,R,+.150,+.300,in,117,unreviewed
23-32,h,-.100,+.150,in,117,unreviewed
23-32,S,+.250,+.175,in,117,unreviewed
23-32,J,+.000,+.000,in,117,unreviewed
23-34,A,+.000,+.450,in,118,unreviewed
23-34,U,+.000,+.300,in,118,unreviewed
23-34,B,+.175,+.425,in,118,unreviewed
23-34,V,+.200,+.225,in,118,unreviewed
23-34,C,+.325,+.325,in,118,unreviewed
23-34,W,+.300,+.050,in,118,unreviewed
23-34,D,+.425,+.175,in,118,unreviewed
23-34,X,+.300,-.100,in,118,unreviewed
23-34,E,+.450,+.025,in,118,unreviewed
23-34,Y,+.150,-.250,in,118,unreviewed
23-34,F,+.450,-.125,in,118,unreviewed
23-34,Z,+.000,-.300,in,118,unreviewed
23-34,G,+.375,-.275,in,118,unreviewed
23-34,a,-.150,-.250,in,118,unreviewed
23-34,H,+.250,-.375,in,118,unreviewed
23-34,b,-.300,-.100,in,118,unreviewed
23-34,J,+.100,-.450,in,118,unreviewed
23-34,c,-.300,+.050,in,118,unreviewed
23-34,K,-.100,-.450,in,118,unreviewed
23-34,d,-.200,+.225,in,118,unreviewed
23-34,L,-.250,-.375,in,118,unreviewed
23-34,e,+.000,+.150,in,118,unreviewed
23-34,M,-.375,-.275,in,118,unreviewed
23-34,f,+.150,+.050,in,118,unreviewed
23-34,N,-.450,-.125,in,118,unreviewed
23-34,g,+.150,-.100,in,118,unreviewed
23-34,P,-.450,+.025,in,118,unreviewed
23-34,h,+.000,-.150,in,118,unreviewed
23-34,R,-.425,+.175,in,118,unreviewed
23-34,j,-.150,-.100,in,118,unreviewed
23-34,S,-.325,+.325,in,118,unreviewed
23-34,k,-.150,+.050,in,118,unreviewed
23-34,T,-.175,+.425,in,118,unreviewed
23-34,l,+.000,+.000,in,118,unreviewed
23-35,1,-.428,+.241,in,119,unreviewed
23-35,51,+.000,-.047,in,119,unreviewed
23-35,2,-.467,+.154,in,119,unreviewed
23-35,52,+.000,-.142,in,119,unreviewed
23-35,3,-.488,+.061,in,119,unreviewed
23-35,53,+.000,-.237,in,119,unreviewed
23-35,4,-.415,+.000,in,119,unreviewed
23-35,54,+.000,-.332,in,119,unreviewed
23-35,5,-.488,-.061,in,119,unreviewed
23-35,55,+.000,-.427,in,119,unreviewed
23-35,6,-.428,-.142,in,119,unreviewed
23-35,56,+.083,+.475,in,119,unreviewed
23-35,7,-.428,-.237,in,119,unreviewed
23-35,57,+.083,+.380,in,119,unreviewed
23-35,8,-.332,+.333,in,119,unreviewed
23-35,58,+.083,+.285,in,119,unreviewed
23-35,9,-.332,+.238,in,119,unreviewed
23-35,59,+.083,+.190,in,119,unreviewed
23-35,10,-.332,+.143,in,119,unreviewed
23-35,60,+.083,+.095,in,119,unreviewed
23-35,11,-.332,+.048,in,119,unreviewed
23-35,61,+.083,+.000,in,119,unreviewed
23-35,12,-.332,-.047,in,119,unreviewed
23-35,62,+.083,-.095,in,119,unreviewed
23-35,13,-.332,-.142,in,119,unreviewed
23-35,63,+.083,-.190,in,119,unreviewed
23-35,14,-.332,-.237,in,119,unreviewed
23-35,64,+.083,-.285,in,119,unreviewed
23-35,15,-.332,-.332,in,119,unreviewed
23-35,65,+.083,-.380,in,119,unreviewed
23-35,16,-.249,+.380,in,119,unreviewed
23-35,66,+.083,-.475,in,119,unreviewed
23-35,17,-.249,+.285,in,119,unreviewed
23-35,67,+.166,+.428,in,119,unreviewed
23-35,18,-.249,+.190,in,119,unreviewed
23-35,68,+.166,+.333,in,119,unreviewed
23-35,19,-.249,+.095,in,120,unreviewed
23-35,69,+.166,+.238,in,120,unreviewed
23-35,20,-.249,+.000,in,120,unreviewed
23-35,70,+.166,+.143,in,120,unreviewed
23-35,21,-.249,-.095,in,120,unreviewed
23-35,71,+.166,+.048,in,120,unreviewed
23-35,22,-.249,-.190,in,120,unreviewed
23-35,72,+.166,-.047,in,120,unreviewed
23-35,23,-.249,-.285,in,120,unreviewed
23-35,73,+.166,-.142,in,120,unreviewed
23-35,24,-.249,-.380,in,120,unreviewed
23-35,74,+.166,-.237,in,120,unreviewed
23-35,25,-.166,+.428,in,120,unreviewed
23-35,75,+.166,-.332,in,120,unreviewed
23-35,26,-.166,+.333,in,120,unreviewed
23-35,76,+.166,-.427,in,120,unreviewed
23-35,27,-.166,+.238,in,120,unreviewed
23-35,77,+.249,+.380,in,120,unreviewed
23-35,28,-.166,+.143,in,120,unreviewed
23-35,78,+.249,+.285,in,120,unreviewed
23-35,29,-.166,+.048,in,120,unreviewed
23-35,79,+.249,+.190,in,120,unreviewed
23-35,30,-.166,-.047,in,120,unreviewed
23-35,80,+.249,+.095,in,120,unreviewed
23-35,31,-.166,-.142,in,120,unreviewed
23-35,81,+.249,+.000,in,120,unreviewed
23-35,32,-.166,-.237,in,120,unreviewed
23-35,82,+.249,-.095,in,120,unreviewed
23-35,33,-.166,-.332,in,120,unreviewed
23-35,83,+.249,-.190,in,120,unreviewed
23-35,34,-.166,-.427,in,120,unreviewed
23-35,84,+.249,-.285,in,120,unreviewed
23-35,35,-.083,+.475,in,120,unreviewed
23-35,85,+.249,-.380,in,120,unreviewed
23-35,36,-.083,+.380,in,120,unreviewed
23-35,86,+.332,+.333,in,120,unreviewed
23-35,37,-.083,+.285,in,120,unreviewed
23-35,87,+.332,+.238,in,120,unreviewed
23-35,38,-.083,+.190,in,120,unreviewed
23-35,88,+.332,+.143,in,120,unreviewed
23-35,39,-.083,+.095,in,120,unreviewed
23-35,89,+.332,+.048,in,120,unreviewed
23-35,40,-.083,+.000,in,120,unreviewed
23-35,90,+.332,-.047,in,120,unreviewed
23-35,41,-.083,-.095,in,120,unreviewed
23-35,91,+.332,-.142,in,120,unreviewed
23-35,42,-.083,-.190,in,120,unreviewed
23-35,92,+.332,-.237,in,120,unreviewed
23-35,43,-.083,-.285,in,120,unreviewed
23-35,93,+.332,-.332,in,120,unreviewed
23-35,44,-.083,-.380,in,120,unreviewed
23-35,94,+.428,+.241,in,120,unreviewed
23-35,45,-.083,-.475,in,120,unreviewed
23-35,95,+.467,+.154,in,120,unreviewed
23-35,46,+.000,+.428,in,120,unreviewed
23-35,96,+.488,+.061,in,120,unreviewed
23-35,47,+.000,+.333,in,121,unreviewed
23-35,97,+.415,+.000,in,121,unreviewed
23-35,48,+.000,+.238,in,121,unreviewed
23-35,98,+.488,-.061,in,121,unreviewed
23-35,49,+.000,+.143,in,121,unreviewed
23-35,99,+.428,-.142,in,121,unreviewed
23-35,50,+.000,+.048,in,121,unreviewed
23-35,100,+.428,-.237,in,121,unreviewed
23-36,A,+.100,+.450,in,122,unreviewed
23-36,V,+.150,+.275,in,122,unreviewed
23-36,B,+.250,+.400,in,122,unreviewed
23-36,W,+.300,+.125,in,122,unreviewed
23-36,C,+.350,+.275,in,122,unreviewed
23-36,X,+.300,-.025,in,122,unreviewed
23-36,D,+.450,+.100,in,122,unreviewed
23-36,Y,+.275,-.175,in,122,unreviewed
23-36,E,+.450,-.050,in,122,unreviewed
23-36,Z,+.150,-.275,in,122,unreviewed
23-36,F,+.425,-.200,in,122,unreviewed
23-36,a,+.000,-.300,in,122,unreviewed
23-36,G,+.300,-.350,in,122,unreviewed
23-36,b,-.150,-.275,in,122,unreviewed
23-36,H,+.150,-.425,in,122,unreviewed
23-36,c,-.275,-.175,in,122,unreviewed
23-36,J,+.000,-.450,in,122,unreviewed
23-36,d,-.300,-.025,in,122,unreviewed
23-36,K,-.150,-.425,in,122,unreviewed
23-36,e,-.300,+.125,in,122,unreviewed
23-36,L,-.300,-.350,in,122,unreviewed
23-36,f,-.150,+.275,in,122,unreviewed
23-36,M,-.425,-.200,in,122,unreviewed
23-36,g,+.000,+.150,in,122,unreviewed
23-36,N,-.450,-.050,in,122,unreviewed
23-36,h,+.150,+.125,in,122,unreviewed
23-36,P,-.450,+.100,in,122,unreviewed
23-36,j,+.150,-.025,in,122,unreviewed
23-36,R,-.350,+.275,in,123,unreviewed
23-36,k,+.000,-.150,in,123,unreviewed
23-36,S,-.250,+.400,in,123,unreviewed
23-36,l,-.150,-.025,in,123,unreviewed
23-36,T,-.100,+.450,in,123,unreviewed
23-36,m,-.150,+.125,in,123,unreviewed
23-36,U,+.000,+.325,in,123,unreviewed
23-36,n,+.000,+.000,in,123,unreviewed
23-53,A,+.112,+.455,in,124,unreviewed
23-53,e,-.225,-.260,in,124,unreviewed
23-53,B,+.225,+.390,in,124,unreviewed
23-53,f,-.336,-.195,in,124,unreviewed
23-53,C,+.336,+.325,in,124,unreviewed
23-53,g,-.336,-.065,in,124,unreviewed
23-53,D,+.450,+.130,in,124,unreviewed
23-53,h,-.336,+.065,in,124,unreviewed
23-53,E,+.450,+.000,in,124,unreviewed
23-53,k,-.336,+.195,in,124,unreviewed
23-53,F,+.450,-.130,in,124,unreviewed
23-53,m,-.225,+.260,in,124,unreviewed
23-53,G,+.336,-.325,in,124,unreviewed
23-53,n,-.112,+.325,in,124,unreviewed
23-53,H,+.225,-.410,in,124,unreviewed
23-53,p,+.000,+.260,in,124,unreviewed
23-53,J,-.225,-.410,in,124,unreviewed
23-53,q,+.112,+.195,in,124,unreviewed
23-53,K,-.336,-.325,in,124,unreviewed
23-53,r,+.225,+.130,in,124,unreviewed
23-53,L,-.450,-.130,in,124,unreviewed
23-53,s,+.225,+.000,in,124,unreviewed
23-53,M,-.450,+.000,in,124,unreviewed
23-53,t,+.225,-.130,in,124,unreviewed
23-53,N,-.450,+.130,in,124,unreviewed
23-53,u,+.112,-.195,in,124,unreviewed
23-53,P,-.336,+.325,in,124,unreviewed
23-53,v,+.000,-.260,in,124,unreviewed
23-53,R,-.225,+.390,in,124,unreviewed
23-53,w,-.112,-.195,in,124,unreviewed
23-53,S,-.112,+.455,in,124,unreviewed
23-53,x,-.225,-.130,in,124,unreviewed
23-53,T,+.000,+.390,in,124,unreviewed
23-53,y,-.225,+.000,in,124,unreviewed
23-53,U,+.112,+.325,in,124,unreviewed
23-53,z,-.225,+.130,in,124,unreviewed
23-53,V,+.225,+.260,in,124,unreviewed
23-53,W,+.336,+.195,in,125,unreviewed
23-53,X,+.336,+.065,in,125,unreviewed
23-53,Y,+.336,-.065,in,125,unreviewed
23-53,Z,+.336,-.195,in,125,unreviewed
23-53,a,+.225,-.260,in,125,unreviewed
23-53,b,+.112,-.325,in,125,unreviewed
23-53,c,+.000,-.390,in,125,unreviewed
23-53,d,-.112,-.325,in,125,unreviewed
23-55,A,+.112,+.455,in,126,unreviewed
23-55,f,-.112,-.325,in,126,unreviewed
23-55,B,+.225,+.390,in,126,unreviewed
23-55,g,-.225,-.260,in,126,unreviewed
23-55,C,+.336,+.325,in,126,unreviewed
23-55,h,-.336,-.195,in,126,unreviewed
23-55,D,+.450,+.130,in,126,unreviewed
23-55,i,-.336,-.065,in,126,unreviewed
23-55,E,+.450,+.000,in,126,unreviewed
23-55,J,-.336,+.065,in,126,unreviewed
23-55,F,+.450,-.130,in,126,unreviewed
23-55,k,-.336,+.195,in,126,unreviewed
23-55,G,+.336,-.325,in,126,unreviewed
23-55,m,-.225,+.260,in,126,unreviewed
23-55,H,+.225,-.390,in,126,unreviewed
23-55,n,-.112,+.325,in,126,unreviewed
23-55,J,+.112,-.455,in,126,unreviewed
23-55,p,+.000,+.260,in,126,unreviewed
23-55,K,-.112,-.455,in,126,unreviewed
23-55,q,+.112,+.195,in,126,unreviewed
23-55,L,-.225,-.390,in,126,unreviewed
23-55,r,+.225,+.130,in,126,unreviewed
23-55,M,-.336,-.325,in,126,unreviewed
23-55,s,+.225,+.000,in,126,unreviewed
23-55,N,-.450,-.130,in,126,unreviewed
23-55,t,+.225,-.130,in,126,unreviewed
23-55,P,-.450,+.000,in,126,unreviewed
23-55,u,+.112,-.195,in,126,unreviewed
23-55,R,-.450,+.130,in,126,unreviewed
23-55,v,+.000,-.260,in,126,unreviewed
23-55,S,-.336,+.325,in,126,unreviewed
23-55,w,-.112,-.195,in,126,unreviewed
23-55,T,-.225,+.390,in,126,unreviewed
23-55,x,-.225,-.130,in,126,unreviewed
23-55,U,-.112,+.455,in,126,unreviewed
23-55,y,-.225,+.000,in,126,unreviewed
23-55,V,+.000,+.390,in,126,unreviewed
23-55,z,-.225,+.130,in,126,unreviewed
23-55,W,+.112,+.325,in,127,unreviewed
23-55,X,+.225,+.260,in,127,unreviewed
23-55,Y,+.336,+.195,in,127,unreviewed
23-55,Z,+.336,+.065,in,127,unreviewed
23-55,a,+.336,-.065,in,127,unreviewed
23-55,b,+.336,-.195,in,127,unreviewed
23-55,c,+.225,-.260,in,127,unreviewed
23-55,d,+.112,-.325,in,127,unreviewed
23-55,e,+.000,-.390,in,127,unreviewed
23-97,A,+.000,+.344,in,128,unreviewed
23-97,J,-.328,-.239,in,128,unreviewed
23-97,B,+.210,+.270,in,128,unreviewed
23-97,K,-.400,-.065,in,128,unreviewed
23-97,C,+.386,+.123,in,128,unreviewed
23-97,L,-.386,+.123,in,128,unreviewed
23-97,D,+.400,-.065,in,128,unreviewed
23-97,M,-.210,+.270,in,128,unreviewed
23-97,E,+.328,-.239,in,128,unreviewed
23-97,N,+.000,+.156,in,128,unreviewed
23-97,F,+.183,-.362,in,128,unreviewed
23-97,P,+.120,-.030,in,128,unreviewed
23-97,G,+.000,-.406,in,128,unreviewed
23-97,R,+.000,-.218,in,128,unreviewed
23-97,H,-.183,-.362,in,128,unreviewed
23-97,S,-.120,-.030,in,128,unreviewed
23-99,A,+.000,+.404,in,129,unreviewed
23-99,G,-.404,+.000,in,129,unreviewed
23-99,B,+.300,+.270,in,129,unreviewed
23-99,H,-.300,+.270,in,129,unreviewed
23-99,C,+.404,+.000,in,129,unreviewed
23-99,J,+.120,+.150,in,129,unreviewed
23-99,D,+.240,-.210,in,129,unreviewed
23-99,K,+.000,-.060,in,129,unreviewed
23-99,E,+.000,-.300,in,129,unreviewed
23-99,L,-.120,+.150,in,129,unreviewed
23-99,F,-.240,-.210,in,129,unreviewed
25-1,1,-.479,+.279,in,130,unreviewed
25-1,65,+.000,-.047,in,130,unreviewed
25-1,2,-.520,+.190,in,130,unreviewed
25-1,66,+.000,-.142,in,130,unreviewed
25-1,3,-.546,+.095,in,130,unreviewed
25-1,67,+.000,-.237,in,130,unreviewed
25-1,4,-.555,+.000,in,130,unreviewed
25-1,68,+.000,-.332,in,130,unreviewed
25-1,5,-.546,-.095,in,130,unreviewed
25-1,69,+.000,-.427,in,130,unreviewed
25-1,6,-.520,-.190,in,130,unreviewed
25-1,70,+.000,-.555,in,130,unreviewed
25-1,7,-.479,-.279,in,130,unreviewed
25-1,71,+.083,+.475,in,130,unreviewed
25-1,8,-.424,+.357,in,130,unreviewed
25-1,72,+.083,+.380,in,130,unreviewed
25-1,9,-.415,+.190,in,130,unreviewed
25-1,73,+.083,+.285,in,130,unreviewed
25-1,10,-.415,+.095,in,130,unreviewed
25-1,74,+.083,+.190,in,130,unreviewed
25-1,11,-.415,+.000,in,130,unreviewed
25-1,75,+.083,+.095,in,130,unreviewed
25-1,12,-.415,-.095,in,130,unreviewed
25-1,76,+.083,+.000,in,130,unreviewed
25-1,13,-.415,-.190,in,130,unreviewed
25-1,77,+.083,-.095,in,130,unreviewed
25-1,14,-.424,-.357,in,130,unreviewed
25-1,78,+.083,-.190,in,130,unreviewed
25-1,15,-.332,+.444,in,130,unreviewed
25-1,79,+.083,-.285,in,130,unreviewed
25-1,16,-.332,+.332,in,130,unreviewed
25-1,80,+.083,-.380,in,130,unreviewed
25-1,17,-.332,+.237,in,131,unreviewed
25-1,81,+.083,-.475,in,131,unreviewed
25-1,18,-.332,+.142,in,131,unreviewed
25-1,82,+.160,+.531,in,131,unreviewed
25-1,19,-.332,+.047,in,131,unreviewed
25-1,83,+.166,+.427,in,131,unreviewed
25-1,20,-.332,-.047,in,131,unreviewed
25-1,84,+.166,+.332,in,131,unreviewed
25-1,21,-.332,-.142,in,131,unreviewed
25-1,85,+.166,+.237,in,131,unreviewed
25-1,22,-.332,-.237,in,131,unreviewed
25-1,86,+.166,+.142,in,131,unreviewed
25-1,23,-.332,-.332,in,131,unreviewed
25-1,87,+.166,+.047,in,131,unreviewed
25-1,24,-.332,-.427,in,131,unreviewed
25-1,88,+.166,-.047,in,131,unreviewed
25-1,25,-.249,+.496,in,131,unreviewed
25-1,89,+.166,-.142,in,131,unreviewed
25-1,26,-.249,+.380,in,131,unreviewed
25-1,90,+.166,-.237,in,131,unreviewed
25-1,27,-.249,+.285,in,131,unreviewed
25-1,91,+.166,-.332,in,131,unreviewed
25-1,28,-.249,+.190,in,131,unreviewed
25-1,92,+.166,-.427,in,131,unreviewed
25-1,29,-.249,+.095,in,131,unreviewed
25-1,93,+.166,-.522,in,131,unreviewed
25-1,30,-.249,+.000,in,131,unreviewed
25-1,94,+.249,+.496,in,131,unreviewed
25-1,31,-.249,-.095,in,131,unreviewed
25-1,95,+.249,+.380,in,131,unreviewed
25-1,32,-.249,-.190,in,131,unreviewed
25-1,96,+.249,+.285,in,131,unreviewed
25-1,33,-.249,-.285,in,131,unreviewed
25-1,97,+.249,+.190,in,131,unreviewed
25-1,34,-.249,-.380,in,131,unreviewed
25-1,98,+.249,+.095,in,131,unreviewed
25-1,35,-.249,-.475,in,131,unreviewed
25-1,99,+.249,+.000,in,131,unreviewed
25-1,36,-.160,+.531,in,131,unreviewed
25-1,100,+.249,-.095,in,131,unreviewed
25-1,37,-.166,+.427,in,131,unreviewed
25-1,101,+.249,-.190,in,131,unreviewed
25-1,38,-.166,+.332,in,131,unreviewed
25-1,102,+.249,-.285,in,131,unreviewed
25-1,39,-.166,+.237,in,131,unreviewed
25-1,103,+.249,-.380,in,131,unreviewed
25-1,40,-.166,+.142,in,131,unreviewed
25-1,104,+.249,-.475,in,131,unreviewed
25-1,41,-.166,+.047,in,131,unreviewed
25-1,105,+.332,+.444,in,131,unreviewed
25-1,42,-.166,-.047,in,131,unreviewed
25-1,106,+.332,+.332,in,131,unreviewed
25-1,43,-.166,-.142,in,131,unreviewed
25-1,107,+.332,+.237,in,131,unreviewed
25-1,44,-.166,-.237,in,131,unreviewed
25-1,108,+.332,+.142,in,131,unreviewed
25-1,45,-.166,-.332,in,131,unreviewed
25-1,109,+.332,+.047,in,131,unreviewed
25-1,46,-.166,-.427,in,131,unreviewed
25-1,110,+.332,-.047,in,131,unreviewed
25-1,47,-.166,-.522,in,131,unreviewed
25-1,111,+.332,-.142,in,131,unreviewed
25-1,48,-.083,+.475,in,131,unreviewed
25-1,112,+.332,-.237,in,131,unreviewed
25-1,49,-.083,+.380,in,131,unreviewed
25-1,113,+.332,-.332,in,131,unreviewed
25-1,50,-.083,+.285,in,132,unreviewed
25-1,114,+.332,-.427,in,132,unreviewed
25-1,51,-.083,+.190,in,132,unreviewed
25-1,115,+.424,+.357,in,132,unreviewed
25-1,52,-.083,+.095,in,132,unreviewed
25-1,116,+.415,+.190,in,132,unreviewed
25-1,53,-.083,+.000,in,132,unreviewed
25-1,117,+.415,+.095,in,132,unreviewed
25-1,54,-.083,-.095,in,132,unreviewed
25-1,118,+.415,+.000,in,132,unreviewed
25-1,55,-.083,-.190,in,132,unreviewed
25-1,119,+.415,-.095,in,132,unreviewed
25-1,56,-.083,-.285,in,132,unreviewed
25-1,120,+.415,-.190,in,132,unreviewed
25-1,57,-.083,-.380,in,132,unreviewed
25-1,121,+.424,-.357,in,132,unreviewed
25-1,58,-.083,-.475,in,132,unreviewed
25-1,122,+.479,+.279,in,132,unreviewed
25-1,59,+.000,+.522,in,132,unreviewed
25-1,123,+.520,+.190,in,132,unreviewed
25-1,60,+.000,+.427,in,132,unreviewed
25-1,124,+.546,+.095,in,132,unreviewed
25-1,61,+.000,+.332,in,132,unreviewed
25-1,125,+.555,+.000,in,132,unreviewed
25-1,62,+.000,+.237,in,132,unreviewed
25-1,126,+.546,-.095,in,132,unreviewed
25-1,63,+.000,+.142,in,132,unreviewed
25-1,127,+.520,-.190,in,132,unreviewed
25-1,64,+.000,+.047,in,132,unreviewed
25-1,128,+.479,-.279,in,132,unreviewed
25-2,1,-.550,+.039,in,133,unreviewed
25-2,51,+.053,+.502,in,133,unreviewed
25-2,2,-.550,-.068,in,133,unreviewed
25-2,52,+.053,+.397,in,133,unreviewed
25-2,3,-.459,+.253,in,133,unreviewed
25-2,53,+.053,+.292,in,133,unreviewed
25-2,4,-.523,+.175,in,133,unreviewed
25-2,54,+.053,+.187,in,133,unreviewed
25-2,5,-.459,+.092,in,133,unreviewed
25-2,55,+.053,+.082,in,133,unreviewed
25-2,6,-.459,-.014,in,133,unreviewed
25-2,56,+.053,-.023,in,133,unreviewed
25-2,7,-.459,-.122,in,133,unreviewed
25-2,57,+.053,-.128,in,133,unreviewed
25-2,8,-.509,-.215,in,133,unreviewed
25-2,58,+.053,-.233,in,133,unreviewed
25-2,9,-.459,-.307,in,133,unreviewed
25-2,59,+.053,-.338,in,133,unreviewed
25-2,10,-.354,+.420,in,133,unreviewed
25-2,60,+.053,-.443,in,133,unreviewed
25-2,11,-.354,+.315,in,133,unreviewed
25-2,61,+.053,-.548,in,133,unreviewed
25-2,12,-.354,+.210,in,133,unreviewed
25-2,62,+.154,+.525,in,133,unreviewed
25-2,13,-.354,+.105,in,133,unreviewed
25-2,63,+.154,+.420,in,133,unreviewed
25-2,14,-.354,+.000,in,133,unreviewed
25-2,64,+.154,+.315,in,133,unreviewed
25-2,15,-.354,-.105,in,133,unreviewed
25-2,65,+.154,+.210,in,133,unreviewed
25-2,16,-.354,-.210,in,133,unreviewed
25-2,66,+.154,+.105,in,133,unreviewed
25-2,17,-.354,-.315,in,134,unreviewed
25-2,67,+.154,+.000,in,134,unreviewed
25-2,18,-.354,-.420,in,134,unreviewed
25-2,68,+.154,-.105,in,134,unreviewed
25-2,19,-.255,+.457,in,134,unreviewed
25-2,69,+.154,-.210,in,134,unreviewed
25-2,20,-.255,+.352,in,134,unreviewed
25-2,70,+.154,-.315,in,134,unreviewed
25-2,21,-.255,+.247,in,134,unreviewed
25-2,71,+.154,-.420,in,134,unreviewed
25-2,22,-.255,+.142,in,134,unreviewed
25-2,72,+.154,-.525,in,134,unreviewed
25-2,23,-.255,+.037,in,134,unreviewed
25-2,73,+.255,+.457,in,134,unreviewed
25-2,24,-.255,-.068,in,134,unreviewed
25-2,74,+.255,+.352,in,134,unreviewed
25-2,25,-.255,-.173,in,134,unreviewed
25-2,75,+.255,+.247,in,134,unreviewed
25-2,26,-.255,-.278,in,134,unreviewed
25-2,76,+.255,+.142,in,134,unreviewed
25-2,27,-.255,-.383,in,134,unreviewed
25-2,77,+.255,+.037,in,134,unreviewed
25-2,28,-.255,-.488,in,134,unreviewed
25-2,78,+.255,-.068,in,134,unreviewed
25-2,29,-.154,+.525,in,134,unreviewed
25-2,79,+.255,-.173,in,134,unreviewed
25-2,30,-.154,+.420,in,134,unreviewed
25-2,80,+.255,-.278,in,134,unreviewed
25-2,31,-.154,+.315,in,134,unreviewed
25-2,81,+.255,-.383,in,134,unreviewed
25-2,32,-.154,+.210,in,134,unreviewed
25-2,82,+.255,-.488,in,134,unreviewed
25-2,33,-.154,+.105,in,134,unreviewed
25-2,83,+.354,+.420,in,134,unreviewed
25-2,34,-.154,+.000,in,134,unreviewed
25-2,84,+.354,+.315,in,134,unreviewed
25-2,35,-.154,-.105,in,134,unreviewed
25-2,85,+.354,+.210,in,134,unreviewed
25-2,36,-.154,-.210,in,134,unreviewed
25-2,86,+.354,+.105,in,134,unreviewed
25-2,37,-.154,-.315,in,134,unreviewed
25-2,87,+.354,+.000,in,134,unreviewed
25-2,38,-.154,-.420,in,134,unreviewed
25-2,88,+.354,-.105,in,134,unreviewed
25-2,39,-.154,-.525,in,134,unreviewed
25-2,89,+.354,-.210,in,134,unreviewed
25-2,40,-.053,+.502,in,134,unreviewed
25-2,90,+.354,-.315,in,134,unreviewed
25-2,41,-.053,+.397,in,134,unreviewed
25-2,91,+.354,-.420,in,134,unreviewed
25-2,42,-.053,+.292,in,134,unreviewed
25-2,92,+.459,+.253,in,134,unreviewed
25-2,43,-.053,+.187,in,134,unreviewed
25-2,93,+.523,+.175,in,134,unreviewed
25-2,44,-.053,+.082,in,134,unreviewed
25-2,94,+.459,+.092,in,134,unreviewed
25-2,45,-.053,-.023,in,134,unreviewed
25-2,95,+.459,-.014,in,134,unreviewed
25-2,46,-.053,-.128,in,135,unreviewed
25-2,96,+.459,-.122,in,135,unreviewed
25-2,47,-.053,-.233,in,135,unreviewed
25-2,97,+.509,-.215,in,135,unreviewed
25-2,48,-.053,-.338,in,135,unreviewed
25-2,98,+.459,-.307,in,135,unreviewed
25-2,49,-.053,-.443,in,135,unreviewed
25-2,99,+.550,+.039,in,135,unreviewed
25-2,50,-.053,-.548,in,135,unreviewed
25-2,100,+.550,-.068,in,135,unreviewed
25-4,A,+.069,+.531,in,136,unreviewed
25-4,f,+.412,+.000,in,136,unreviewed
25-4,B,+.203,+.495,in,136,unreviewed
25-4,g,+.377,-.132,in,136,unreviewed
25-4,C,+.324,+.425,in,136,unreviewed
25-4,h,+.311,-.251,in,136,unreviewed
25-4,D,+.424,+.326,in,136,unreviewed
25-4,k,+.212,-.344,in,136,unreviewed
25-4,E,+.493,+.205,in,136,unreviewed
25-4,m,+.086,-.397,in,136,unreviewed
25-4,F,+.531,+.069,in,136,unreviewed
25-4,n,-.086,-.397,in,136,unreviewed
25-4,G,+.531,-.069,in,136,unreviewed
25-4,p,-.212,-.344,in,136,unreviewed
25-4,H,+.493,-.205,in,136,unreviewed
25-4,q,-.311,-.251,in,136,unreviewed
25-4,J,+.424,-.326,in,136,unreviewed
25-4,r,-.377,-.132,in,136,unreviewed
25-4,K,+.324,-.425,in,136,unreviewed
25-4,s,-.412,+.000,in,136,unreviewed
25-4,L,+.203,-.495,in,136,unreviewed
25-4,t,-.377,+.132,in,136,unreviewed
25-4,M,+.069,-.531,in,136,unreviewed
25-4,u,-.311,+.251,in,136,unreviewed
25-4,N,-.069,-.531,in,136,unreviewed
25-4,v,-.212,+.344,in,136,unreviewed
25-4,P,-.203,-.495,in,136,unreviewed
25-4,w,-.086,+.397,in,136,unreviewed
25-4,R,-.324,-.425,in,136,unreviewed
25-4,x,+.069,+.263,in,136,unreviewed
25-4,S,-.424,-.326,in,136,unreviewed
25-4,y,+.172,+.149,in,136,unreviewed
25-4,T,-.493,-.205,in,136,unreviewed
25-4,z,+.258,+.000,in,136,unreviewed
25-4,U,-.531,-.069,in,136,unreviewed
25-4,V,-.531,+.069,in,136,unreviewed
25-4,W,-.493,+.205,in,136,unreviewed
25-4,X,-.424,+.326,in,137,unreviewed
25-4,Y,-.324,+.425,in,137,unreviewed
25-4,Z,-.203,+.495,in,137,unreviewed
25-4,a,-.069,+.531,in,137,unreviewed
25-4,b,+.086,+.397,in,137,unreviewed
25-4,c,+.212,+.344,in,137,unreviewed
25-4,d,+.311,+.251,in,137,unreviewed
25-4,e,+.377,+.132,in,137,unreviewed
25-7,1,-.494,+.242,in,138,unreviewed
25-7,51,+.000,-.106,in,138,unreviewed
25-7,2,-.533,+.138,in,138,unreviewed
25-7,52,+.000,-.212,in,138,unreviewed
25-7,3,-.550,+.028,in,138,unreviewed
25-7,53,+.000,-.310,in,138,unreviewed
25-7,4,-.544,-.083,in,138,unreviewed
25-7,54,+.000,-.551,in,138,unreviewed
25-7,5,-.516,-.191,in,138,unreviewed
25-7,55,+.056,+.548,in,138,unreviewed
25-7,6,-.467,-.292,in,138,unreviewed
25-7,56,+.095,+.461,in,138,unreviewed
25-7,7,-.435,+.337,in,138,unreviewed
25-7,57,+.068,+.370,in,138,unreviewed
25-7,8,-.399,+.249,in,138,unreviewed
25-7,58,+.092,+.278,in,138,unreviewed
25-7,9,-.441,+.163,in,138,unreviewed
25-7,59,+.095,+.183,in,138,unreviewed
25-7,10,-.465,+.071,in,138,unreviewed
25-7,60,+.089,-.178,in,138,unreviewed
25-7,11,-.470,-.024,in,138,unreviewed
25-7,61,+.094,-.277,in,138,unreviewed
25-7,12,-.456,-.118,in,138,unreviewed
25-7,62,+.069,-.376,in,138,unreviewed
25-7,13,-.423,-.207,in,138,unreviewed
25-7,63,+.048,-.468,in,138,unreviewed
25-7,14,-.372,-.288,in,138,unreviewed
25-7,64,+.165,+.525,in,138,unreviewed
25-7,15,-.399,-.379,in,139,unreviewed
25-7,65,+.186,+.433,in,139,unreviewed
25-7,16,-.359,+.418,in,139,unreviewed
25-7,66,+.164,+.340,in,139,unreviewed
25-7,17,-.341,+.324,in,139,unreviewed
25-7,67,+.181,+.225,in,139,unreviewed
25-7,18,-.308,+.222,in,139,unreviewed
25-7,68,+.172,-.223,in,139,unreviewed
25-7,19,-.303,-.223,in,139,unreviewed
25-7,69,+.159,-.347,in,139,unreviewed
25-7,20,-.307,-.357,in,139,unreviewed
25-7,70,+.141,-.449,in,139,unreviewed
25-7,21,-.314,-.452,in,139,unreviewed
25-7,71,+.111,-.539,in,139,unreviewed
25-7,22,-.267,+.481,in,139,unreviewed
25-7,72,+.267,+.481,in,139,unreviewed
25-7,23,-.269,+.386,in,139,unreviewed
25-7,73,+.269,+.386,in,139,unreviewed
25-7,24,-.247,+.294,in,139,unreviewed
25-7,74,+.247,+.294,in,139,unreviewed
25-7,25,-.238,+.000,in,139,unreviewed
25-7,75,+.238,+.000,in,139,unreviewed
25-7,26,-.237,-.292,in,139,unreviewed
25-7,76,+.237,-.292,in,139,unreviewed
25-7,27,-.228,-.412,in,139,unreviewed
25-7,77,+.228,-.412,in,139,unreviewed
25-7,28,-.217,-.506,in,139,unreviewed
25-7,78,+.217,-.506,in,139,unreviewed
25-7,29,-.165,+.525,in,139,unreviewed
25-7,79,+.359,+.418,in,139,unreviewed
25-7,30,-.186,+.433,in,139,unreviewed
25-7,80,+.341,+.324,in,139,unreviewed
25-7,31,-.164,+.340,in,139,unreviewed
25-7,81,+.308,+.222,in,139,unreviewed
25-7,32,-.181,+.225,in,139,unreviewed
25-7,82,+.303,-.223,in,139,unreviewed
25-7,33,-.172,-.223,in,139,unreviewed
25-7,83,+.307,-.357,in,139,unreviewed
25-7,34,-.159,-.347,in,139,unreviewed
25-7,84,+.314,-.452,in,139,unreviewed
25-7,35,-.141,-.449,in,139,unreviewed
25-7,85,+.435,+.337,in,139,unreviewed
25-7,36,-.111,-.539,in,139,unreviewed
25-7,86,+.399,+.249,in,139,unreviewed
25-7,37,-.056,+.548,in,139,unreviewed
25-7,87,+.441,+.163,in,139,unreviewed
25-7,38,-.095,+.461,in,139,unreviewed
25-7,88,+.465,+.071,in,139,unreviewed
25-7,39,-.068,+.370,in,139,unreviewed
25-7,89,+.470,-.024,in,139,unreviewed
25-7,40,-.092,+.278,in,139,unreviewed
25-7,90,+.456,-.118,in,139,unreviewed
25-7,41,-.095,+.183,in,139,unreviewed
25-7,91,+.423,-.207,in,139,unreviewed
25-7,42,-.089,-.178,in,139,unreviewed
25-7,92,+.372,-.288,in,139,unreviewed
25-7,43,-.094,-.277,in,140,unreviewed
25-7,93,+.399,-.379,in,140,unreviewed
25-7,44,-.069,-.376,in,140,unreviewed
25-7,94,+.494,+.242,in,140,unreviewed
25-7,45,-.048,-.468,in,140,unreviewed
25-7,95,+.533,+.138,in,140,unreviewed
25-7,46,+.000,+.471,in,140,unreviewed
25-7,96,+.550,+.028,in,140,unreviewed
25-7,47,+.000,+.303,in,140,unreviewed
25-7,97,+.544,-.083,in,140,unreviewed
25-7,48,+.000,+.208,in,140,unreviewed
25-7,98,+.516,-.191,in,140,unreviewed
25-7,49,+.000,+.104,in,140,unreviewed
25-7,99,+.467,-.292,in,140,unreviewed
25-7,50,+.000,+.000,in,140,unreviewed
25-8,A,+.000,+.426,in,141,unreviewed
25-8,B,+.333,+.266,in,141,unreviewed
25-8,C,+.415,-.095,in,141,unreviewed
25-8,D,+.185,-.384,in,141,unreviewed
25-8,E,-.185,-.384,in,141,unreviewed
25-8,F,-.415,-.095,in,141,unreviewed
25-8,G,-.333,+.266,in,141,unreviewed
25-8,H,+.000,+.000,in,141,unreviewed
25-9,1,-.494,+.242,in,142,unreviewed
25-9,51,+.000,-.106,in,142,unreviewed
25-9,2,-.533,+.138,in,142,unreviewed
25-9,52,+.000,-.212,in,142,unreviewed
25-9,3,-.550,+.028,in,142,unreviewed
25-9,53,+.000,-.310,in,142,unreviewed
25-9,4,-.544,-.083,in,142,unreviewed
25-9,54,+.000,-.551,in,142,unreviewed
25-9,5,-.516,-.191,in,142,unreviewed
25-9,55,+.056,+.548,in,142,unreviewed
25-9,6,-.467,-.292,in,142,unreviewed
25-9,56,+.095,+.461,in,142,unreviewed
25-9,7,-.435,+.337,in,142,unreviewed
25-9,57,+.068,+.370,in,142,unreviewed
25-9,8,-.399,+.249,in,142,unreviewed
25-9,58,+.092,+.278,in,142,unreviewed
25-9,9,-.441,+.163,in,142,unreviewed
25-9,59,+.095,+.183,in,142,unreviewed
25-9,10,-.465,+.071,in,142,unreviewed
25-9,60,+.089,-.178,in,142,unreviewed
25-9,11,-.470,-.024,in,142,unreviewed
25-9,61,+.094,-.277,in,142,unreviewed
25-9,12,-.456,-.118,in,142,unreviewed
25-9,62,+.069,-.376,in,142,unreviewed
25-9,13,-.423,-.207,in,142,unreviewed
25-9,63,+.048,-.468,in,142,unreviewed
25-9,14,-.372,-.288,in,142,unreviewed
25-9,64,+.165,+.525,in,142,unreviewed
25-9,15,-.399,-.379,in,143,unreviewed
25-9,65,+.186,+.433,in,143,unreviewed
25-9,16,-.359,+.418,in,143,unreviewed
25-9,66,+.164,+.340,in,143,unreviewed
25-9,17,-.341,+.324,in,143,unreviewed
25-9,67,+.181,+.225,in,143,unreviewed
25-9,18,-.308,+.222,in,143,unreviewed
25-9,68,+.172,-.223,in,143,unreviewed
25-9,19,-.303,-.223,in,143,unreviewed
25-9,69,+.159,-.347,in,143,unreviewed
25-9,20,-.307,-.357,in,143,unreviewed
25-9,70,+.141,-.449,in,143,unreviewed
25-9,21,-.314,-.452,in,143,unreviewed
25-9,71,+.111,-.539,in,143,unreviewed
25-9,22,-.267,+.481,in,143,unreviewed
25-9,72,+.267,+.481,in,143,unreviewed
25-9,23,-.269,+.386,in,143,unreviewed
25-9,73,+.269,+.386,in,143,unreviewed
25-9,24,-.247,+.294,in,143,unreviewed
25-9,74,+.247,+.294,in,143,unreviewed
25-9,25,-.238,+.000,in,143,unreviewed
25-9,75,+.238,+.000,in,143,unreviewed
25-9,26,-.237,-.292,in,143,unreviewed
25-9,76,+.237,-.292,in,143,unreviewed
25-9,27,-.228,-.412,in,143,unreviewed
25-9,77,+.228,-.412,in,143,unreviewed
25-9,28,-.217,-.506,in,143,unreviewed
25-9,78,+.217,-.506,in,143,unreviewed
25-9,29,-.165,+.525,in,143,unreviewed
25-9,79,+.359,+.418,in,143,unreviewed
25-9,30,-.186,+.433,in,143,unreviewed
25-9,80,+.341,+.324,in,143,unreviewed
25-9,31,-.164,+.340,in,143,unreviewed
25-9,81,+.308,+.222,in,143,unreviewed
25-9,32,-.181,+.225,in,143,unreviewed
25-9,82,+.303,-.223,in,143,unreviewed
25-9,33,-.172,-.223,in,143,unreviewed
25-9,83,+.307,-.357,in,143,unreviewed
25-9,34,-.159,-.347,in,143,unreviewed
25-9,84,+.314,-.452,in,143,unreviewed
25-9,35,-.141,-.449,in,143,unreviewed
25-9,85,+.435,+.337,in,143,unreviewed
25-9,36,-.111,-.539,in,143,unreviewed
25-9,86,+.399,+.249,in,143,unreviewed
25-9,37,-.056,+.548,in,143,unreviewed
25-9,87,+.441,+.163,in,143,unreviewed
25-9,38,-.095,+.461,in,143,unreviewed
25-9,88,+.465,+.071,in,143,unreviewed
25-9,39,-.068,+.370,in,143,unreviewed
25-9,89,+.470,-.024,in,143,unreviewed
25-9,40,-.092,+.278,in,143,unreviewed
25-9,90,+.456,-.118,in,143,unreviewed
25-9,41,-.095,+.183,in,143,unreviewed
25-9,91,+.423,-.207,in,143,unreviewed
25-9,42,-.089,-.178,in,143,unreviewed
25-9,92,+.372,-.288,in,143,unreviewed
25-9,43,-.094,-.277,in,144,unreviewed
25-9,93,+.399,-.379,in,144,unreviewed
25-9,44,-.069,-.376,in,144,unreviewed
25-9,94,+.494,+.242,in,144,unreviewed
25-9,45,-.048,-.468,in,144,unreviewed
25-9,95,+.533,+.138,in,144,unreviewed
25-9,46,+.000,+.471,in,144,unreviewed
25-9,96,+.550,+.028,in,144,unreviewed
25-9,47,+.000,+.303,in,144,unreviewed
25-9,97,+.544,-.083,in,144,unreviewed
25-9,48,+.000,+.208,in,144,unreviewed
25-9,98,+.516,-.191,in,144,unreviewed
25-9,49,+.000,+.104,in,144,unreviewed
25-9,99,+.467,-.292,in,144,unreviewed
25-9,50,+.000,+.000,in,144,unreviewed
25-10,A,+.000,+.426,in,145,unreviewed
25-10,B,+.333,+.266,in,145,unreviewed
25-10,C,+.415,-.095,in,145,unreviewed
25-10,D,+.185,-.384,in,145,unreviewed
25-10,E,-.185,-.384,in,145,unreviewed
25-10,F,-.415,-.095,in,145,unreviewed
25-10,G,-.333,+.266,in,145,unreviewed
25-10,H,+.000,+.000,in,145,unreviewed
25-11,A,+.000,+.431,in,146,unreviewed
25-11,G,-.431,+.000,in,146,unreviewed
25-11,B,+.304,+.304,in,146,unreviewed
25-11,H,-.304,+.304,in,146,unreviewed
25-11,C,+.431,+.000,in,146,unreviewed
25-11,J,+.000,+.102,in,146,unreviewed
25-11,D,+.304,-.304,in,146,unreviewed
25-11,K,+.092,-.160,in,146,unreviewed
25-11,E,+.000,-.431,in,146,unreviewed
25-11,L,-.092,-.160,in,146,unreviewed
25-11,F,-.304,-.304,in,146,unreviewed
25-19,A,+.000,+.409,in,147,unreviewed
25-19,L,-.354,+.205,in,147,unreviewed
25-19,B,+.236,+.409,in,147,unreviewed
25-19,M,-.236,+.409,in,147,unreviewed
25-19,C,+.354,+.205,in,147,unreviewed
25-19,N,-.118,+.205,in,147,unreviewed
25-19,D,+.472,+.000,in,147,unreviewed
25-19,P,+.118,+.205,in,147,unreviewed
25-19,E,+.354,-.205,in,147,unreviewed
25-19,R,+.236,+.000,in,147,unreviewed
25-19,F,+.236,-.409,in,147,unreviewed
25-19,S,+.118,-.205,in,147,unreviewed
25-19,G,+.000,-.409,in,147,unreviewed
25-19,T,-.118,-.205,in,147,unreviewed
25-19,H,-.236,-.409,in,147,unreviewed
25-19,U,-.236,+.000,in,147,unreviewed
25-19,J,-.354,-.205,in,147,unreviewed
25-19,V,+.000,+.000,in,147,unreviewed
25-19,K,-.472,+.000,in,147,unreviewed
25-20,A,+.000,+.407,in,148,unreviewed
25-20,S,-.234,+.511,in,148,unreviewed
25-20,B,+.234,+.511,in,148,unreviewed
25-20,T,+.243,+.270,in,148,unreviewed
25-20,C,+.352,+.411,in,148,unreviewed
25-20,U,+.357,+.136,in,148,unreviewed
25-20,D,+.466,+.275,in,148,unreviewed
25-20,V,+.450,-.183,in,148,unreviewed
25-20,E,+.530,+.111,in,148,unreviewed
25-20,W,+.000,-.131,in,148,unreviewed
25-20,F,+.537,-.060,in,148,unreviewed
25-20,X,-.450,-.183,in,148,unreviewed
25-20,G,+.467,-.312,in,148,unreviewed
25-20,Y,-.357,+.136,in,148,unreviewed
25-20,H,+.208,-.353,in,148,unreviewed
25-20,Z,-.243,+.270,in,148,unreviewed
25-20,J,+.000,-.541,in,148,unreviewed
25-20,1,+.195,+.115,in,148,unreviewed
25-20,K,-.208,-.353,in,148,unreviewed
25-20,2,+.317,-.061,in,148,unreviewed
25-20,L,-.467,-.312,in,148,unreviewed
25-20,3,-.317,-.061,in,148,unreviewed
25-20,M,-.537,-.060,in,148,unreviewed
25-20,4,-.195,+.115,in,148,unreviewed
25-20,N,-.530,+.111,in,149,unreviewed
25-20,5,+.000,+.099,in,149,unreviewed
25-20,P,-.466,+.275,in,149,unreviewed
25-20,6,+.141,-.018,in,149,unreviewed
25-20,R,-.352,+.411,in,149,unreviewed
25-20,7,-.141,-.018,in,149,unreviewed
25-21,A,+.000,+.407,in,150,unreviewed
25-21,S,-.234,+.511,in,150,unreviewed
25-21,B,+.234,+.511,in,150,unreviewed
25-21,T,+.243,+.270,in,150,unreviewed
25-21,C,+.352,+.411,in,150,unreviewed
25-21,U,+.357,+.136,in,150,unreviewed
25-21,D,+.466,+.275,in,150,unreviewed
25-21,V,+.450,-.183,in,150,unreviewed
25-21,E,+.530,+.111,in,150,unreviewed
25-21,W,+.000,-.131,in,150,unreviewed
25-21,F,+.537,-.060,in,150,unreviewed
25-21,X,-.450,-.183,in,150,unreviewed
25-21,G,+.467,-.312,in,150,unreviewed
25-21,Y,-.357,+.136,in,150,unreviewed
25-21,H,+.208,-.353,in,150,unreviewed
25-21,Z,-.243,+.270,in,150,unreviewed
25-21,J,+.000,-.541,in,150,unreviewed
25-21,1,+.195,+.115,in,150,unreviewed
25-21,K,-.208,-.353,in,150,unreviewed
25-21,2,+.317,-.061,in,150,unreviewed
25-21,L,-.467,-.312,in,150,unreviewed
25-21,3,-.317,-.061,in,150,unreviewed
25-21,M,-.537,-.060,in,150,unreviewed
25-21,4,-.195,+.115,in,150,unreviewed
25-21,N,-.530,+.111,in,151,unreviewed
25-21,5,+.000,+.099,in,151,unreviewed
25-21,P,-.466,+.275,in,151,unreviewed
25-21,6,+.141,-.018,in,151,unreviewed
25-21,R,-.352,+.411,in,151,unreviewed
25-21,7,-.141,-.018,in,151,unreviewed
25-23,1,-.080,+.556,in,152,unreviewed
25-23,95,+.080,+.000,in,152,unreviewed
25-23,2,+.000,+.556,in,152,unreviewed
25-23,96,+.161,+.000,in,152,unreviewed
25-23,3,+.080,+.556,in,152,unreviewed
25-23,97,+.241,+.000,in,152,unreviewed
25-23,4,-.281,+.487,in,153,unreviewed
25-23,98,+.321,+.000,in,153,unreviewed
25-23,5,-.201,+.487,in,153,unreviewed
25-23,99,+.402,+.000,in,153,unreviewed
25-23,6,-.121,+.487,in,153,unreviewed
25-23,100,+.482,+.000,in,153,unreviewed
25-23,7,-.040,+.487,in,153,unreviewed
25-23,101,+.562,+.000,in,153,unreviewed
25-23,8,+.040,+.487,in,153,unreviewed
25-23,102,-.522,-.070,in,153,unreviewed
25-23,9,+.121,+.487,in,153,unreviewed
25-23,103,-.442,-.070,in,153,unreviewed
25-23,10,+.201,+.487,in,153,unreviewed
25-23,104,-.361,-.070,in,153,unreviewed
25-23,11,+.281,+.487,in,153,unreviewed
25-23,105,-.281,-.070,in,153,unreviewed
25-23,12,-.321,+.417,in,153,unreviewed
25-23,106,-.201,-.070,in,153,unreviewed
25-23,13,-.241,+.417,in,153,unreviewed
25-23,107,-.121,-.070,in,153,unreviewed
25-23,14,-.161,+.417,in,153,unreviewed
25-23,108,-.040,-.070,in,153,unreviewed
25-23,15,-.080,+.417,in,153,unreviewed
25-23,109,+.040,-.070,in,153,unreviewed
25-23,16,+.000,+.417,in,153,unreviewed
25-23,110,+.121,-.070,in,153,unreviewed
25-23,17,+.080,+.417,in,153,unreviewed
25-23,111,+.201,-.070,in,153,unreviewed
25-23,18,+.161,+.417,in,153,unreviewed
25-23,112,+.281,-.070,in,153,unreviewed
25-23,19,+.241,+.417,in,153,unreviewed
25-23,113,+.361,-.070,in,153,unreviewed
25-23,20,+.321,+.417,in,153,unreviewed
25-23,114,+.442,-.070,in,153,unreviewed
25-23,21,-.442,+.348,in,153,unreviewed
25-23,115,+.522,-.070,in,153,unreviewed
25-23,22,-.361,+.348,in,153,unreviewed
25-23,116,-.482,-.139,in,153,unreviewed
25-23,23,-.281,+.348,in,153,unreviewed
25-23,117,-.402,-.139,in,153,unreviewed
25-23,24,-.201,+.348,in,153,unreviewed
25-23,118,-.321,-.139,in,153,unreviewed
25-23,25,-.121,+.348,in,153,unreviewed
25-23,119,-.241,-.139,in,153,unreviewed
25-23,26,-.040,+.348,in,153,unreviewed
25-23,120,-.161,-.139,in,153,unreviewed
25-23,27,+.040,+.348,in,153,unreviewed
25-23,121,-.080,-.139,in,153,unreviewed
25-23,28,+.121,+.348,in,153,unreviewed
25-23,122,+.000,-.139,in,153,unreviewed
25-23,29,+.201,+.348,in,153,unreviewed
25-23,123,+.080,-.139,in,153,unreviewed
25-23,30,+.281,+.348,in,153,unreviewed
25-23,124,+.161,-.139,in,153,unreviewed
25-23,31,+.361,+.348,in,154,unreviewed
25-23,125,+.241,-.139,in,154,unreviewed
25-23,32,+.442,+.348,in,154,unreviewed
25-23,126,+.321,-.139,in,154,unreviewed
25-23,33,-.482,+.278,in,154,unreviewed
25-23,127,+.402,-.139,in,154,unreviewed
25-23,34,-.402,+.278,in,154,unreviewed
25-23,128,+.482,-.139,in,154,unreviewed
25-23,35,-.321,+.278,in,154,unreviewed
25-23,129,-.522,-.209,in,154,unreviewed
25-23,36,-.241,+.278,in,154,unreviewed
25-23,130,-.442,-.209,in,154,unreviewed
25-23,37,-.161,+.278,in,154,unreviewed
25-23,131,-.361,-.209,in,154,unreviewed
25-23,38,-.080,+.278,in,154,unreviewed
25-23,132,-.281,-.209,in,154,unreviewed
25-23,39,+.000,+.278,in,154,unreviewed
25-23,133,-.201,-.209,in,154,unreviewed
25-23,40,+.080,+.278,in,154,unreviewed
25-23,134,-.121,-.209,in,154,unreviewed
25-23,41,+.161,+.278,in,154,unreviewed
25-23,135,-.040,-.209,in,154,unreviewed
25-23,42,+.241,+.278,in,154,unreviewed
25-23,136,+.040,-.209,in,154,unreviewed
25-23,43,+.321,+.278,in,154,unreviewed
25-23,137,+.121,-.209,in,154,unreviewed
25-23,44,+.402,+.278,in,154,unreviewed
25-23,138,+.201,-.209,in,154,unreviewed
25-23,45,+.482,+.278,in,154,unreviewed
25-23,139,+.281,-.209,in,154,unreviewed
25-23,46,-.522,+.209,in,154,unreviewed
25-23,140,+.361,-.209,in,154,unreviewed
25-23,47,-.442,+.209,in,154,unreviewed
25-23,141,+.442,-.209,in,154,unreviewed
25-23,48,-.361,+.209,in,154,unreviewed
25-23,142,+.522,-.209,in,154,unreviewed
25-23,49,-.281,+.209,in,154,unreviewed
25-23,143,-.482,-.278,in,154,unreviewed
25-23,50,-.201,+.209,in,154,unreviewed
25-23,144,-.402,-.278,in,154,unreviewed
25-23,51,-.121,+.209,in,154,unreviewed
25-23,145,-.321,-.278,in,154,unreviewed
25-23,52,-.040,+.209,in,154,unreviewed
25-23,146,-.241,-.278,in,154,unreviewed
25-23,53,+.040,+.209,in,154,unreviewed
25-23,147,-.161,-.278,in,154,unreviewed
25-23,54,+.121,+.209,in,154,unreviewed
25-23,148,-.080,-.278,in,154,unreviewed
25-23,55,+.201,+.209,in,154,unreviewed
25-23,149,+.000,-.278,in,154,unreviewed
25-23,56,+.281,+.209,in,154,unreviewed
25-23,150,+.080,-.278,in,154,unreviewed
25-23,57,+.361,+.209,in,154,unreviewed
25-23,151,+.161,-.278,in,154,unreviewed
25-23,58,+.442,+.209,in,154,unreviewed
25-23,152,+.241,-.278,in,154,unreviewed
25-23,59,+.522,+.209,in,154,unreviewed
25-23,153,+.321,-.278,in,154,unreviewed
25-23,60,-.482,+.139,in,155,unreviewed
25-23,154,+.402,-.278,in,155,unreviewed
25-23,61,-.402,+.139,in,155,unreviewed
25-23,155,+.482,-.278,in,155,unreviewed
25-23,62,-.321,+.139,in,155,unreviewed
25-23,156,-.442,-.348,in,155,unreviewed
25-23,63,-.241,+.139,in,155,unreviewed
25-23,157,-.361,-.348,in,155,unreviewed
25-23,64,-.161,+.139,in,155,unreviewed
25-23,158,-.281,-.348,in,155,unreviewed
25-23,65,-.080,+.139,in,155,unreviewed
25-23,159,-.201,-.348,in,155,unreviewed
25-23,66,+.000,+.139,in,155,unreviewed
25-23,160,-.121,-.348,in,155,unreviewed
25-23,67,+.080,+.139,in,155,unreviewed
25-23,161,-.040,-.348,in,155,unreviewed
25-23,68,+.161,+.139,in,155,unreviewed
25-23,162,+.040,-.348,in,155,unreviewed
25-23,69,+.241,+.139,in,155,unreviewed
25-23,163,+.121,-.348,in,155,unreviewed
25-23,70,+.321,+.139,in,155,unreviewed
25-23,164,+.201,-.348,in,155,unreviewed
25-23,71,+.402,+.139,in,155,unreviewed
25-23,165,+.281,-.348,in,155,unreviewed
25-23,72,+.482,+.139,in,155,unreviewed
25-23,166,+.361,-.348,in,155,unreviewed
25-23,73,-.522,+.070,in,155,unreviewed
25-23,167,+.442,-.348,in,155,unreviewed
25-23,74,-.442,+.070,in,155,unreviewed
25-23,168,-.321,-.417,in,155,unreviewed
25-23,75,-.361,+.070,in,155,unreviewed
25-23,169,-.241,-.417,in,155,unreviewed
25-23,76,-.281,+.070,in,155,unreviewed
25-23,170,-.161,-.417,in,155,unreviewed
25-23,77,-.201,+.070,in,155,unreviewed
25-23,171,-.080,-.417,in,155,unreviewed
25-23,78,-.121,+.070,in,155,unreviewed
25-23,172,+.000,-.417,in,155,unreviewed
25-23,79,-.040,+.070,in,155,unreviewed
25-23,173,+.080,-.417,in,155,unreviewed
25-23,80,+.040,+.070,in,155,unreviewed
25-23,174,+.161,-.417,in,155,unreviewed
25-23,81,+.121,+.070,in,155,unreviewed
25-23,175,+.241,-.417,in,155,unreviewed
25-23,82,+.201,+.070,in,155,unreviewed
25-23,176,+.321,-.417,in,155,unreviewed
25-23,83,+.281,+.070,in,155,unreviewed
25-23,177,-.281,-.487,in,155,unreviewed
25-23,84,+.361,+.070,in,155,unreviewed
25-23,178,-.201,-.487,in,155,unreviewed
25-23,85,+.442,+.070,in,155,unreviewed
25-23,179,-.121,-.487,in,155,unreviewed
25-23,86,+.522,+.070,in,155,unreviewed
25-23,180,-.040,-.487,in,155,unreviewed
25-23,87,-.562,+.000,in,155,unreviewed
25-23,181,+.040,-.487,in,155,unreviewed
25-23,88,-.482,+.000,in,155,unreviewed
25-23,182,+.121,-.487,in,155,unreviewed
25-23,89,-.402,+.000,in,155,unreviewed
25-23,183,+.201,-.487,in,155,unreviewed
25-23,90,-.321,+.000,in,156,unreviewed
25-23,184,+.281,-.487,in,156,unreviewed
25-23,91,-.241,+.000,in,156,unreviewed
25-23,185,-.080,-.556,in,156,unreviewed
25-23,92,-.161,+.000,in,156,unreviewed
25-23,186,+.000,-.556,in,156,unreviewed
25-23,93,-.080,+.000,in,156,unreviewed
25-23,187,+.080,-.556,in,156,unreviewed
25-23,94,+.000,+.000,in,156,unreviewed
25-24,A,+.000,+.472,in,157,unreviewed
25-24,N,-.403,+.298,in,157,unreviewed
25-24,B,+.230,+.410,in,157,unreviewed
25-24,P,-.230,+.410,in,157,unreviewed
25-24,C,+.403,+.298,in,157,unreviewed
25-24,R,+.000,+.234,in,157,unreviewed
25-24,D,+.461,+.100,in,157,unreviewed
25-24,S,+.230,+.172,in,157,unreviewed
25-24,E,+.413,-.134,in,157,unreviewed
25-24,T,+.186,-.062,in,157,unreviewed
25-24,F,+.370,-.336,in,157,unreviewed
25-24,U,+.211,-.267,in,157,unreviewed
25-24,G,+.230,-.441,in,157,unreviewed
25-24,V,+.000,-.323,in,157,unreviewed
25-24,H,+.000,-.495,in,157,unreviewed
25-24,W,-.211,-.267,in,157,unreviewed
25-24,J,-.230,-.441,in,157,unreviewed
25-24,X,-.186,-.062,in,157,unreviewed
25-24,K,-.370,-.336,in,157,unreviewed
25-24,Y,-.230,+.172,in,157,unreviewed
25-24,L,-.413,-.134,in,157,unreviewed
25-24,Z,+.000,+.028,in,157,unreviewed
25-24,M,-.461,+.100,in,157,unreviewed
25-24,a,+.000,-.151,in,157,unreviewed
25-29,A,+.000,+.481,in,158,unreviewed
25-29,S,-.091,+.321,in,158,unreviewed
25-29,B,+.258,+.406,in,158,unreviewed
25-29,T,+.091,+.321,in,158,unreviewed
25-29,C,+.395,+.277,in,158,unreviewed
25-29,U,+.228,+.194,in,158,unreviewed
25-29,D,+.469,+.109,in,158,unreviewed
25-29,V,+.319,+.000,in,158,unreviewed
25-29,E,+.469,-.109,in,158,unreviewed
25-29,W,+.240,-.181,in,158,unreviewed
25-29,F,+.395,-.277,in,158,unreviewed
25-29,X,+.091,-.290,in,158,unreviewed
25-29,G,+.263,-.406,in,158,unreviewed
25-29,Y,-.091,-.290,in,158,unreviewed
25-29,H,+.091,-.472,in,158,unreviewed
25-29,Z,-.240,-.181,in,158,unreviewed
25-29,J,-.091,-.472,in,158,unreviewed
25-29,a,-.319,+.000,in,158,unreviewed
25-29,K,-.263,-.406,in,158,unreviewed
25-29,b,-.228,+.194,in,158,unreviewed
25-29,L,-.395,-.277,in,158,unreviewed
25-29,c,+.000,+.161,in,158,unreviewed
25-29,M,-.469,-.109,in,158,unreviewed
25-29,d,+.134,+.000,in,158,unreviewed
25-29,N,-.469,+.109,in,158,unreviewed
25-29,e,+.000,-.130,in,158,unreviewed
25-29,P,-.395,+.277,in,158,unreviewed
25-29,f,-.134,+.000,in,158,unreviewed
25-29,R,-.258,+.406,in,158,unreviewed
25-35,1,-.479,+.279,in,159,unreviewed
25-35,65,+.000,-.047,in,159,unreviewed
25-35,2,-.520,+.190,in,159,unreviewed
25-35,66,+.000,-.142,in,159,unreviewed
25-35,3,-.546,+.095,in,159,unreviewed
25-35,67,+.000,-.237,in,159,unreviewed
25-35,4,-.555,+.000,in,159,unreviewed
25-35,68,+.000,-.332,in,159,unreviewed
25-35,5,-.546,-.095,in,159,unreviewed
25-35,69,+.000,-.427,in,159,unreviewed
25-35,6,-.520,-.190,in,159,unreviewed
25-35,70,+.000,-.555,in,159,unreviewed
25-35,7,-.479,-.279,in,159,unreviewed
25-35,71,+.083,+.475,in,159,unreviewed
25-35,8,-.424,+.357,in,159,unreviewed
25-35,72,+.083,+.380,in,159,unreviewed
25-35,9,-.415,+.190,in,159,unreviewed
25-35,73,+.083,+.285,in,159,unreviewed
25-35,10,-.415,+.095,in,159,unreviewed
25-35,74,+.083,+.190,in,159,unreviewed
25-35,11,-.415,.000,in,159,unreviewed
25-35,75,+.083,+.095,in,159,unreviewed
25-35,12,-.415,-.095,in,159,unreviewed
25-35,76,+.083,+.000,in,159,unreviewed
25-35,13,-.415,-.190,in,159,unreviewed
25-35,77,+.083,-.095,in,159,unreviewed
25-35,14,-.424,-.357,in,159,unreviewed
25-35,78,+.083,-.190,in,159,unreviewed
25-35,15,-.332,+.444,in,159,unreviewed
25-35,79,+.083,-.285,in,159,unreviewed
25-35,16,-.332,+.332,in,159,unreviewed
25-35,80,+.083,-.380,in,159,unreviewed
25-35,17,-.332,+.237,in,159,unreviewed
25-35,81,+.083,-.475,in,159,unreviewed
25-35,18,-.332,+.142,in,160,unreviewed
25-35,82,+.160,+.531,in,160,unreviewed
25-35,19,-.332,+.047,in,160,unreviewed
25-35,83,+.166,+.427,in,160,unreviewed
25-35,20,-.332,-.047,in,160,unreviewed
25-35,84,+.166,+.332,in,160,unreviewed
25-35,21,-.332,-.142,in,160,unreviewed
25-35,85,+.166,+.237,in,160,unreviewed
25-35,22,-.332,-.237,in,160,unreviewed
25-35,86,+.166,+.142,in,160,unreviewed
25-35,23,-.332,-.332,in,160,unreviewed
25-35,87,+.166,+.047,in,160,unreviewed
25-35,24,-.332,-.427,in,160,unreviewed
25-35,88,+.166,-.047,in,160,unreviewed
25-35,25,-.249,+.496,in,160,unreviewed
25-35,89,+.166,-.142,in,160,unreviewed
25-35,26,-.249,+.380,in,160,unreviewed
25-35,90,+.166,-.237,in,160,unreviewed
25-35,27,-.249,+.285,in,160,unreviewed
25-35,91,+.166,-.332,in,160,unreviewed
25-35,28,-.249,+.190,in,160,unreviewed
25-35,92,+.166,-.427,in,160,unreviewed
25-35,29,-.249,+.095,in,160,unreviewed
25-35,93,+.166,-.522,in,160,unreviewed
25-35,30,-.249,+.000,in,160,unreviewed
25-35,94,+.249,+.496,in,160,unreviewed
25-35,31,-.249,-.095,in,160,unreviewed
25-35,95,+.249,+.380,in,160,unreviewed
25-35,32,-.249,-.190,in,160,unreviewed
25-35,96,+.249,+.285,in,160,unreviewed
25-35,33,-.249,-.285,in,160,unreviewed
25-35,97,+.249,+.190,in,160,unreviewed
25-35,34,-.249,-.380,in,160,unreviewed
25-35,98,+.249,+.095,in,160,unreviewed
25-35,35,-.249,-.475,in,160,unreviewed
25-35,99,+.249,+.000,in,160,unreviewed
25-35,36,-.160,+.531,in,160,unreviewed
25-35,100,+.249,-.095,in,160,unreviewed
25-35,37,-.166,+.427,in,160,unreviewed
25-35,101,+.249,-.190,in,160,unreviewed
25-35,38,-.166,+.332,in,160,unreviewed
25-35,102,+.249,-.285,in,160,unreviewed
25-35,39,-.166,+.237,in,160,unreviewed
25-35,103,+.249,-.380,in,160,unreviewed
25-35,40,-.166,+.142,in,160,unreviewed
25-35,104,+.249,-.475,in,160,unreviewed
25-35,41,-.166,+.047,in,160,unreviewed
25-35,105,+.332,+.444,in,160,unreviewed
25-35,42,-.166,-.047,in,160,unreviewed
25-35,106,+.332,+.332,in,160,unreviewed
25-35,43,-.166,-.142,in,160,unreviewed
25-35,107,+.332,+.237,in,160,unreviewed
25-35,44,-.166,-.237,in,160,unreviewed
25-35,108,+.332,+.142,in,160,unreviewed
25-35,45,-.166,-.332,in,160,unreviewed
25-35,109,+.332,+.047,in,160,unreviewed
25-35,46,-.166,-.427,in,160,unreviewed
25-35,110,+.332,-.047,in,160,unreviewed
25-35,47,-.166,-.522,in,160,unreviewed
25-35,111,+.332,-.142,in,160,unreviewed
25-35,48,-.083,+.475,in,160,unreviewed
25-35,112,+.332,-.237,in,160,unreviewed
25-35,49,-.083,+.380,in,160,unreviewed
25-35,113,+.332,-.332,in,160,unreviewed
25-35,50,-.083,+.285,in,160,unreviewed
25-35,114,+.332,-.427,in,160,unreviewed
25-35,51,-.083,+.190,in,161,unreviewed
25-35,115,+.424,+.357,in,161,unreviewed
25-35,52,-.083,+.095,in,161,unreviewed
25-35,116,+.415,+.190,in,161,unreviewed
25-35,53,-.083,+.000,in,161,unreviewed
25-35,117,+.415,+.095,in,161,unreviewed
25-35,54,-.083,-.095,in,161,unreviewed
25-35,118,+.415,+.000,in,161,unreviewed
25-35,55,-.083,-.190,in,161,unreviewed
25-35,119,+.415,-.095,in,161,unreviewed
25-35,56,-.083,-.285,in,161,unreviewed
25-35,120,+.415,-.190,in,161,unreviewed
25-35,57,-.083,-.380,in,161,unreviewed
25-35,121,+.424,-.357,in,161,unreviewed
25-35,58,-.083,-.475,in,161,unreviewed
25-35,122,+.479,+.279,in,161,unreviewed
25-35,59,+.000,+.522,in,161,unreviewed
25-35,123,+.520,+.190,in,161,unreviewed
25-35,60,+.000,+.427,in,161,unreviewed
25-35,124,+.546,+.095,in,161,unreviewed
25-35,61,+.000,+.332,in,161,unreviewed
25-35,125,+.555,+.000,in,161,unreviewed
25-35,62,+.000,+.237,in,161,unreviewed
25-35,126,+.546,-.095,in,161,unreviewed
25-35,63,+.000,+.142,in,161,unreviewed
25-35,127,+.520,-.190,in,161,unreviewed
25-35,64,+.000,+.047,in,161,unreviewed
25-35,128,+.479,-.279,in,161,unreviewed
25-37,A,+.000,+.472,in,162,unreviewed
25-37,W,+.242,+.236,in,162,unreviewed
25-37,B,+.186,+.472,in,162,unreviewed
25-37,X,+.326,+.086,in,162,unreviewed
25-37,C,+.333,+.382,in,162,unreviewed
25-37,Y,+.326,-.086,in,162,unreviewed
25-37,D,+.441,+.249,in,162,unreviewed
25-37,Z,+.242,-.236,in,162,unreviewed
25-37,E,+.500,+.086,in,162,unreviewed
25-37,a,+.086,-.320,in,162,unreviewed
25-37,F,+.500,-.086,in,162,unreviewed
25-37,b,-.086,-.320,in,162,unreviewed
25-37,G,+.441,-.249,in,162,unreviewed
25-37,c,-.242,-.236,in,162,unreviewed
25-37,H,+.333,+.382,in,162,unreviewed
25-37,d,-.326,-.086,in,162,unreviewed
25-37,J,+.186,-.472,in,162,unreviewed
25-37,e,-.326,+.086,in,162,unreviewed
25-37,K,+.000,-.472,in,162,unreviewed
25-37,f,-.242,+.236,in,162,unreviewed
25-37,L,-.186,-.472,in,162,unreviewed
25-37,g,-.086,+.320,in,162,unreviewed
25-37,M,-.333,-.382,in,162,unreviewed
25-37,h,+.000,+.172,in,162,unreviewed
25-37,N,-.441,-.249,in,162,unreviewed
25-37,k,+.154,+.086,in,162,unreviewed
25-37,P,-.500,-.086,in,162,unreviewed
25-37,m,+.154,-.086,in,162,unreviewed
25-37,R,-.500,+.086,in,162,unreviewed
25-37,n,+.000,-.172,in,162,unreviewed
25-37,S,-.441,+.249,in,163,unreviewed
25-37,p,-.154,-.086,in,163,unreviewed
25-37,T,-.333,+.382,in,163,unreviewed
25-37,q,-.154,+.086,in,163,unreviewed
25-37,U,-.186,+.472,in,163,unreviewed
25-37,r,+.000,+.000,in,163,unreviewed
25-37,V,+.086,+.320,in,163,unreviewed
25-43,A,+.069,+.531,in,164,unreviewed
25-43,Z,-.069,+.531,in,164,unreviewed
25-43,B,+.203,+.495,in,164,unreviewed
25-43,a,+.172,+.344,in,164,unreviewed
25-43,C,+.324,+.425,in,164,unreviewed
25-43,b,+.258,+.172,in,164,unreviewed
25-43,D,+.424,+.326,in,164,unreviewed
25-43,c,+.344,+.000,in,164,unreviewed
25-43,E,+.493,+.205,in,164,unreviewed
25-43,d,+.344,-.172,in,164,unreviewed
25-43,F,+.531,+.069,in,164,unreviewed
25-43,e,+.172,-.344,in,164,unreviewed
25-43,G,+.531,-.069,in,164,unreviewed
25-43,f,+.000,-.344,in,164,unreviewed
25-43,H,+.493,-.205,in,164,unreviewed
25-43,g,-.172,-.344,in,164,unreviewed
25-43,J,+.424,-.326,in,164,unreviewed
25-43,h,-.344,-.172,in,164,unreviewed
25-43,K,+.324,-.425,in,164,unreviewed
25-43,k,-.344,+.000,in,164,unreviewed
25-43,L,+.203,-.495,in,164,unreviewed
25-43,m,-.258,+.172,in,164,unreviewed
25-43,M,+.000,-.531,in,164,unreviewed
25-43,n,-.172,+.344,in,164,unreviewed
25-43,N,-.203,-.495,in,164,unreviewed
25-43,p,+.000,+.344,in,164,unreviewed
25-43,P,-.324,-.425,in,164,unreviewed
25-43,q,+.086,+.172,in,164,unreviewed
25-43,R,-.424,-.326,in,164,unreviewed
25-43,r,+.172,+.000,in,164,unreviewed
25-43,S,-.493,-.205,in,164,unreviewed
25-43,s,+.172,-.172,in,164,unreviewed
25-43,T,-.531,-.069,in,164,unreviewed
25-43,t,+.000,-.172,in,164,unreviewed
25-43,U,-.531,+.069,in,164,unreviewed
25-43,u,-.172,-.172,in,164,unreviewed
25-43,V,-.493,+.205,in,165,unreviewed
25-43,v,-.172,+.000,in,165,unreviewed
25-43,W,-.424,+.326,in,165,unreviewed
25-43,w,-.086,+.172,in,165,unreviewed
25-43,X,-.324,+.425,in,165,unreviewed
25-43,x,+.000,+.000,in,165,unreviewed
25-43,Y,-.203,+.495,in,165,unreviewed
25-46,A,+.065,+.533,in,166,unreviewed
25-46,a,+.404,+.125,in,166,unreviewed
25-46,B,+.275,+.466,in,166,unreviewed
25-46,b,+.437,+.000,in,166,unreviewed
25-46,C,+.420,+.337,in,166,unreviewed
25-46,c,+.404,-.125,in,166,unreviewed
25-46,D,+.490,+.227,in,166,unreviewed
25-46,d,+.314,-.221,in,166,unreviewed
25-46,E,+.531,+.093,in,166,unreviewed
25-46,e,+.245,-.337,in,166,unreviewed
25-46,F,+.531,-.093,in,166,unreviewed
25-46,f,+.136,-.424,in,166,unreviewed
25-46,G,+.490,-.227,in,166,unreviewed
25-46,g,+.000,-.395,in,166,unreviewed
25-46,H,+.420,-.337,in,166,unreviewed
25-46,h,-.136,-.424,in,166,unreviewed
25-46,J,+.275,-.466,in,166,unreviewed
25-46,k,-.245,-.337,in,166,unreviewed
25-46,K,+.065,-.533,in,166,unreviewed
25-46,m,-.314,-.221,in,166,unreviewed
25-46,L,-.065,-.533,in,166,unreviewed
25-46,n,-.404,-.125,in,166,unreviewed
25-46,M,-.275,-.466,in,166,unreviewed
25-46,p,-.437,+.000,in,166,unreviewed
25-46,N,-.420,-.337,in,166,unreviewed
25-46,q,-.404,+.125,in,166,unreviewed
25-46,P,-.490,-.227,in,166,unreviewed
25-46,r,-.314,+.221,in,166,unreviewed
25-46,R,-.531,-.093,in,167,unreviewed
25-46,s,-.245,+.337,in,167,unreviewed
25-46,S,-.531,+.093,in,167,unreviewed
25-46,t,-.136,+.424,in,167,unreviewed
25-46,T,-.490,+.227,in,167,unreviewed
25-46,u,+.000,+.395,in,167,unreviewed
25-46,U,-.420,+.337,in,167,unreviewed
25-46,v,+.097,+.265,in,167,unreviewed
25-46,V,-.275,+.466,in,167,unreviewed
25-46,w,+.180,+.000,in,167,unreviewed
25-46,W,-.065,+.533,in,167,unreviewed
25-46,x,+.097,-.265,in,167,unreviewed
25-46,X,+.136,+.424,in,167,unreviewed
25-46,y,-.097,-.265,in,167,unreviewed
25-46,Y,+.245,+.337,in,167,unreviewed
25-46,z,-.180,+.000,in,167,unreviewed
25-46,Z,+.314,+.221,in,167,unreviewed
25-47,A,+.065,+.533,in,168,unreviewed
25-47,a,+.404,+.125,in,168,unreviewed
25-47,B,+.275,+.466,in,168,unreviewed
25-47,b,+.437,+.000,in,168,unreviewed
25-47,C,+.420,+.337,in,168,unreviewed
25-47,c,+.404,-.125,in,168,unreviewed
25-47,D,+.490,+.227,in,168,unreviewed
25-47,d,+.314,-.221,in,168,unreviewed
25-47,E,+.531,+.093,in,168,unreviewed
25-47,e,+.245,-.337,in,168,unreviewed
25-47,F,+.531,-.093,in,168,unreviewed
25-47,f,+.136,-.424,in,168,unreviewed
25-47,G,+.490,-.227,in,168,unreviewed
25-47,g,+.000,-.395,in,168,unreviewed
25-47,H,+.420,-.337,in,168,unreviewed
25-47,h,-.136,-.424,in,168,unreviewed
25-47,J,+.275,-.466,in,168,unreviewed
25-47,k,-.245,-.337,in,168,unreviewed
25-47,K,+.065,-.533,in,168,unreviewed
25-47,m,-.314,-.221,in,168,unreviewed
25-47,L,-.065,-.533,in,168,unreviewed
25-47,n,-.404,-.125,in,168,unreviewed
25-47,M,-.275,-.466,in,168,unreviewed
25-47,p,-.437,+.000,in,168,unreviewed
25-47,N,-.420,-.337,in,168,unreviewed
25-47,q,-.404,+.125,in,168,unreviewed
25-47,P,-.490,-.227,in,168,unreviewed
25-47,r,-.314,+.221,in,168,unreviewed
25-47,R,-.531,-.093,in,169,unreviewed
25-47,s,-.245,+.337,in,169,unreviewed
25-47,S,-.531,+.093,in,169,unreviewed
25-47,t,-.136,+.424,in,169,unreviewed
25-47,T,-.490,+.227,in,169,unreviewed
25-47,u,+.000,+.395,in,169,unreviewed
25-47,U,-.420,+.337,in,169,unreviewed
25-47,v,+.097,+.265,in,169,unreviewed
25-47,V,-.275,+.466,in,169,unreviewed
25-47,w,+.180,+.000,in,169,unreviewed
25-47,W,-.065,+.533,in,169,unreviewed
25-47,x,+.097,-.265,in,169,unreviewed
25-47,X,+.136,+.424,in,169,unreviewed
25-47,y,-.097,-.265,in,169,unreviewed
25-47,Y,+.245,+.337,in,169,unreviewed
25-47,z,-.180,+.000,in,169,unreviewed
25-47,Z,+.314,+.221,in,169,unreviewed
25-61,A,+.196,+.500,in,170,unreviewed
25-61,i,+.251,-.314,in,170,unreviewed
25-61,B,+.314,+.435,in,170,unreviewed
25-61,j,+.133,-.379,in,170,unreviewed
25-61,C,+.413,+.343,in,170,unreviewed
25-61,k,+.000,-.402,in,170,unreviewed
25-61,D,+.485,+.230,in,170,unreviewed
25-61,m,-.133,-.379,in,170,unreviewed
25-61,E,+.527,+.101,in,170,unreviewed
25-61,n,-.251,-.314,in,170,unreviewed
25-61,F,+.536,-.030,in,170,unreviewed
25-61,p,-.341,-.213,in,170,unreviewed
25-61,G,+.511,-.164,in,170,unreviewed
25-61,q,-.392,-.088,in,170,unreviewed
25-61,H,+.454,-.287,in,170,unreviewed
25-61,r,-.399,+.046,in,170,unreviewed
25-61,J,+.368,-.391,in,170,unreviewed
25-61,s,-.362,+.175,in,170,unreviewed
25-61,K,+.259,-.470,in,170,unreviewed
25-61,t,-.285,+.283,in,170,unreviewed
25-61,L,+.134,-.519,in,170,unreviewed
25-61,u,-.173,+.363,in,170,unreviewed
25-61,M,+.000,-.537,in,170,unreviewed
25-61,v,+.000,+.338,in,170,unreviewed
25-61,N,-.134,-.519,in,170,unreviewed
25-61,w,+.147,+.223,in,170,unreviewed
25-61,P,-.259,-.470,in,170,unreviewed
25-61,x,+.237,+.122,in,170,unreviewed
25-61,R,-.368,-.391,in,170,unreviewed
25-61,y,+.267,-.010,in,170,unreviewed
25-61,S,-.454,-.287,in,170,unreviewed
25-61,z,+.228,-.139,in,170,unreviewed
25-61,T,-.511,-.164,in,170,unreviewed
25-61,U,-.536,-.030,in,170,unreviewed
25-61,V,-.527,+.101,in,171,unreviewed
25-61,W,-.485,+.230,in,171,unreviewed
25-61,X,-.413,+.343,in,171,unreviewed
25-61,Y,-.314,+.435,in,171,unreviewed
25-61,Z,-.196,+.500,in,171,unreviewed
25-61,a,-.068,+.454,in,171,unreviewed
25-61,b,+.068,+.454,in,171,unreviewed
25-61,c,+.173,+.363,in,171,unreviewed
25-61,d,+.285,+.283,in,171,unreviewed
25-61,e,+.362,+.175,in,171,unreviewed
25-61,f,+.399,+.046,in,171,unreviewed
25-61,g,+.392,-.088,in,171,unreviewed
25-61,h,+.341,-.213,in,171,unreviewed
25-90,A,+.065,+.533,in,172,unreviewed
25-90,a,+.404,+.125,in,172,unreviewed
25-90,B,+.275,+.466,in,172,unreviewed
25-90,b,+.437,+.000,in,172,unreviewed
25-90,C,+.420,+.337,in,172,unreviewed
25-90,c,+.404,-.125,in,172,unreviewed
25-90,D,+.490,+.227,in,172,unreviewed
25-90,d,+.314,-.221,in,172,unreviewed
25-90,E,+.531,+.093,in,172,unreviewed
25-90,e,+.245,-.337,in,172,unreviewed
25-90,F,+.531,-.093,in,172,unreviewed
25-90,f,+.136,-.424,in,172,unreviewed
25-90,G,+.490,-.227,in,172,unreviewed
25-90,g,+.000,-.395,in,172,unreviewed
25-90,H,+.420,-.337,in,172,unreviewed
25-90,h,-.136,-.424,in,172,unreviewed
25-90,J,+.275,-.466,in,172,unreviewed
25-90,k,-.245,-.337,in,172,unreviewed
25-90,K,+.065,-.533,in,172,unreviewed
25-90,m,-.314,-.221,in,172,unreviewed
25-90,L,-.065,-.533,in,172,unreviewed
25-90,n,-.404,-.125,in,172,unreviewed
25-90,M,-.275,-.466,in,172,unreviewed
25-90,p,-.437,+.000,in,172,unreviewed
25-90,N,-.420,-.337,in,172,unreviewed
25-90,q,-.404,+.125,in,172,unreviewed
25-90,P,-.490,-.227,in,172,unreviewed
25-90,r,-.314,+.221,in,172,unreviewed
25-90,R,-.531,-.093,in,172,unreviewed
25-90,s,-.245,+.337,in,172,unreviewed
25-90,S,-.531,+.093,in,172,unreviewed
25-90,t,-.136,+.424,in,172,unreviewed
25-90,T,-.490,+.227,in,172,unreviewed
25-90,u,+.000,+.395,in,172,unreviewed
25-90,U,-.420,+.337,in,172,unreviewed
25-90,v,+.097,+.265,in,172,unreviewed
25-90,V,-.275,+.466,in,173,unreviewed
25-90,w,+.180,+.000,in,173,unreviewed
25-90,W,-.065,+.533,in,173,unreviewed
25-90,x,+.097,-.265,in,173,unreviewed
25-90,X,+.136,+.424,in,173,unreviewed
25-90,y,-.097,-.265,in,173,unreviewed
25-90,Y,+.245,+.337,in,173,unreviewed
25-90,z,-.180,+.000,in,173,unreviewed
25-90,Z,+.314,+.221,in,173,unreviewed
25-91,A,+.065,+.533,in,174,unreviewed
25-91,a,+.404,+.125,in,174,unreviewed
25-91,B,+.275,+.466,in,174,unreviewed
25-91,b,+.437,+.000,in,174,unreviewed
25-91,C,+.420,+.337,in,174,unreviewed
25-91,c,+.404,-.125,in,174,unreviewed
25-91,D,+.490,+.227,in,174,unreviewed
25-91,d,+.314,-.221,in,174,unreviewed
25-91,E,+.531,+.093,in,174,unreviewed
25-91,e,+.245,-.337,in,174,unreviewed
25-91,F,+.531,-.093,in,174,unreviewed
25-91,f,+.136,-.424,in,174,unreviewed
25-91,G,+.490,-.227,in,174,unreviewed
25-91,g,+.000,-.395,in,174,unreviewed
25-91,H,+.420,-.337,in,174,unreviewed
25-91,h,-.136,-.424,in,174,unreviewed
25-91,J,+.275,-.466,in,174,unreviewed
25-91,k,-.245,-.337,in,174,unreviewed
25-91,K,+.065,-.533,in,174,unreviewed
25-91,m,-.314,-.221,in,174,unreviewed
25-91,L,-.065,-.533,in,174,unreviewed
25-91,n,-.404,-.125,in,174,unreviewed
25-91,M,-.275,-.466,in,174,unreviewed
25-91,p,-.437,+.000,in,174,unreviewed
25-91,N,-.420,-.337,in,174,unreviewed
25-91,q,-.404,+.125,in,174,unreviewed
25-91,P,-.490,-.227,in,174,unreviewed
25-91,r,-.314,+.221,in,174,unreviewed
25-91,R,-.531,-.093,in,174,unreviewed
25-91,s,-.245,+.337,in,174,unreviewed
25-91,S,-.531,+.093,in,174,unreviewed
25-91,t,-.136,+.424,in,174,unreviewed
25-91,T,-.490,+.227,in,174,unreviewed
25-91,u,+.000,+.395,in,174,unreviewed
25-91,U,-.420,+.337,in,174,unreviewed
25-91,v,+.097,+.265,in,174,unreviewed
25-91,V,-.275,+.466,in,175,unreviewed
25-91,w,+.180,+.000,in,175,unreviewed
25-91,W,-.065,+.533,in,175,unreviewed
25-91,x,+.097,-.265,in,175,unreviewed
25-91,X,+.136,+.424,in,175,unreviewed
25-91,y,-.097,-.265,in,175,unreviewed
25-91,Y,+.245,+.337,in,175,unreviewed
25-91,z,-.180,+.000,in,175,unreviewed
25-91,Z,+.314,+.221,in,175,unreviewed
8-3,A,+.056,+.018,in,176,unreviewed
8-3,B,+.000,-.079,in,176,unreviewed
8-3,C,-.056,+.018,in,176,unreviewed
8-6,1,+.045,+.078,in,177,unreviewed
8-6,2,+.078,-.045,in,177,unreviewed
8-6,3,+.000,-.090,in,177,unreviewed
8-6,4,-.078,-.045,in,177,unreviewed
8-6,5,-.045,+.078,in,177,unreviewed
8-6,6,+.000,+.000,in,177,unreviewed
8-35,1,+.045,+.078,in,178,unreviewed
8-35,2,+.078,-.045,in,178,unreviewed
8-35,3,+.000,-.090,in,178,unreviewed
8-35,4,-.078,-.045,in,178,unreviewed
8-35,5,-.045,+.078,in,178,unreviewed
8-35,6,+.000,+.000,in,178,unreviewed
8-44,1,+.000,+.081,in,179,unreviewed
8-44,2,+.080,+.021,in,179,unreviewed
8-44,3,+.000,-.050,in,179,unreviewed
8-44,4,-.080,+.021,in,179,unreviewed
8-98,A,+.065,+.038,in,180,unreviewed
8-98,B,+.000,-.075,in,180,unreviewed
8-98,C,-.065,+.038,in,180,unreviewed
10-5,A,+.065,+.056,in,181,unreviewed
10-5,B,+.113,-.065,in,181,unreviewed
10-5,C,+.000,-.130,in,181,unreviewed
10-5,D,-.113,-.065,in,181,unreviewed
10-5,E,-.065,+.056,in,181,unreviewed
10-13,1,+.000,+.146,in,182,unreviewed
10-13,8,-.138,-.045,in,182,unreviewed
10-13,2,+.085,+.118,in,182,unreviewed
10-13,9,-.138,+.045,in,182,unreviewed
10-13,3,+.138,+.045,in,182,unreviewed
10-13,10,-.085,+.118,in,182,unreviewed
10-13,4,+.138,-.045,in,182,unreviewed
10-13,11,+.000,+.056,in,182,unreviewed
10-13,5,+.085,-.118,in,182,unreviewed
10-13,12,+.049,-.035,in,182,unreviewed
10-13,6,+.000,-.146,in,182,unreviewed
10-13,13,-.049,-.035,in,182,unreviewed
10-13,7,-.085,-.118,in,182,unreviewed
10-35,1,+.000,+.146,in,183,unreviewed
10-35,8,-.138,-.045,in,183,unreviewed
10-35,2,+.085,+.118,in,183,unreviewed
10-35,9,-.138,+.045,in,183,unreviewed
10-35,3,+.138,+.045,in,183,unreviewed
10-35,10,-.085,+.118,in,183,unreviewed
10-35,4,+.138,-.045,in,183,unreviewed
10-35,11,+.000,+.056,in,183,unreviewed
10-35,5,+.085,-.118,in,183,unreviewed
10-35,12,+.049,-.035,in,183,unreviewed
10-35,6,+.000,-.146,in,183,unreviewed
10-35,13,-.049,-.035,in,183,unreviewed
10-35,7,-.085,-.118,in,183,unreviewed
10-98,A,+.000,+.130,in,184,unreviewed
10-98,B,+.130,+.000,in,184,unreviewed
10-98,C,+.065,-.113,in,184,unreviewed
10-98,D,-.065,-.113,in,184,unreviewed
10-98,E,-.130,+.000,in,184,unreviewed
10-98,F,+.000,+.000,in,184,unreviewed
10-99,A,+.065,+.113,in,185,unreviewed
10-99,B,+.130,+.000,in,185,unreviewed
10-99,C,+.065,-.113,in,185,unreviewed
10-99,D,-.065,-.113,in,185,unreviewed
10-99,E,-.130,+.000,in,185,unreviewed
10-99,F,-.065,+.113,in,185,unreviewed
10-99,G,+.000,+.000,in,185,unreviewed
12-3,A,+.094,+.058,in,186,unreviewed
12-3,B,+.000,-.111,in,186,unreviewed
12-3,C,-.094,+.058,in,186,unreviewed
12-4,A,+.000,+.150,in,187,unreviewed
12-4,B,+.146,+.035,in,187,unreviewed
12-4,C,+.000,-.083,in,187,unreviewed
12-4,D,-.146,+.035,in,187,unreviewed
12-8,A,+.065,+.157,in,188,unreviewed
12-8,B,+.170,+.000,in,188,unreviewed
12-8,C,+.120,-.120,in,188,unreviewed
12-8,D,+.000,-.170,in,188,unreviewed
12-8,E,-.120,-.120,in,188,unreviewed
12-8,F,-.170,+.000,in,188,unreviewed
12-8,G,-.065,+.157,in,188,unreviewed
12-8,H,+.000,+.044,in,188,unreviewed
12-22,1,+.045,+.197,in,189,unreviewed
12-22,12,-.182,+.088,in,189,unreviewed
12-22,2,+.126,+.158,in,189,unreviewed
12-22,13,-.126,+.158,in,189,unreviewed
12-22,3,+.182,+.088,in,189,unreviewed
12-22,14,-.045,+.197,in,189,unreviewed
12-22,4,+.203,+.000,in,189,unreviewed
12-22,15,+.045,+.107,in,189,unreviewed
12-22,5,+.182,-.088,in,189,unreviewed
12-22,16,+.117,+.026,in,189,unreviewed
12-22,6,+.126,-.158,in,189,unreviewed
12-22,17,+.093,-.075,in,189,unreviewed
12-22,7,+.045,-.197,in,189,unreviewed
12-22,18,+.000,-.120,in,189,unreviewed
12-22,8,-.045,-.197,in,189,unreviewed
12-22,19,-.093,-.075,in,189,unreviewed
12-22,9,-.126,-.158,in,189,unreviewed
12-22,20,-.117,+.026,in,189,unreviewed
12-22,10,-.182,-.088,in,189,unreviewed
12-22,21,-.045,+.107,in,189,unreviewed
12-22,11,-.203,+.000,in,189,unreviewed
12-22,22,+.000,-.030,in,189,unreviewed
12-35,1,+.045,+.197,in,190,unreviewed
12-35,12,-.182,+.088,in,190,unreviewed
12-35,2,+.126,+.158,in,190,unreviewed
12-35,13,-.126,+.158,in,190,unreviewed
12-35,3,+.182,+.088,in,190,unreviewed
12-35,14,-.045,+.197,in,190,unreviewed
12-35,4,+.203,+.000,in,190,unreviewed
12-35,15,+.045,+.107,in,190,unreviewed
12-35,5,+.182,-.088,in,190,unreviewed
12-35,16,+.117,+.026,in,190,unreviewed
12-35,6,+.126,-.158,in,190,unreviewed
12-35,17,+.093,-.075,in,190,unreviewed
12-35,7,+.045,-.197,in,190,unreviewed
12-35,18,+.000,-.120,in,190,unreviewed
12-35,8,-.045,-.197,in,190,unreviewed
12-35,19,-.093,-.075,in,190,unreviewed
12-35,9,-.126,-.158,in,190,unreviewed
12-35,20,-.117,+.026,in,190,unreviewed
12-35,10,-.182,-.088,in,190,unreviewed
12-35,21,-.045,+.107,in,190,unreviewed
12-35,11,-.203,+.000,in,190,unreviewed
12-35,22,+.000,-.030,in,190,unreviewed
12-98,A,+.000,+.195,in,191,unreviewed
12-98,F,-.164,-.105,in,191,unreviewed
12-98,B,+.125,+.150,in,191,unreviewed
12-98,G,-.193,+.030,in,191,unreviewed
12-98,C,+.193,+.030,in,191,unreviewed
12-98,H,-.125,+.150,in,191,unreviewed
12-98,D,+.164,-.105,in,191,unreviewed
12-98,J,+.065,-.015,in,191,unreviewed
12-98,E,+.000,-.135,in,191,unreviewed
12-98,K,-.065,-.015,in,191,unreviewed
14-5,A,+.000,+.100,in,192,unreviewed
14-5,B,+.174,+.024,in,192,unreviewed
14-5,C,+.094,-.148,in,192,unreviewed
14-5,D,-.094,-.148,in,192,unreviewed
14-5,E,-.174,+.024,in,192,unreviewed
14-15,A,+.100,+.225,in,193,unreviewed
14-15,J,-.244,+.014,in,193,unreviewed
14-15,B,+.202,+.140,in,193,unreviewed
14-15,K,-.202,+.140,in,193,unreviewed
14-15,C,+.244,+.014,in,193,unreviewed
14-15,L,-.100,+.225,in,193,unreviewed
14-15,D,+.218,-.113,in,193,unreviewed
14-15,M,+.000,+.140,in,193,unreviewed
14-15,E,+.126,-.209,in,193,unreviewed
14-15,N,+.110,+.040,in,193,unreviewed
14-15,F,+.000,-.245,in,193,unreviewed
14-15,P,+.000,-.077,in,193,unreviewed
14-15,G,-.126,-.209,in,193,unreviewed
14-15,R,-.110,+.040,in,193,unreviewed
14-15,H,-.218,-.113,in,193,unreviewed
14-18,A,+.065,+.252,in,194,unreviewed
14-18,K,-.195,+.113,in,194,unreviewed
14-18,B,+.195,+.113,in,194,unreviewed
14-18,L,-.065,+.252,in,194,unreviewed
14-18,C,+.260,+.000,in,194,unreviewed
14-18,M,-.065,+.113,in,194,unreviewed
14-18,D,+.195,-.113,in,194,unreviewed
14-18,N,+.065,+.113,in,194,unreviewed
14-18,E,+.130,-.225,in,194,unreviewed
14-18,P,+.130,+.000,in,194,unreviewed
14-18,F,+.000,-.225,in,194,unreviewed
14-18,R,+.065,-.113,in,194,unreviewed
14-18,G,-.130,-.225,in,194,unreviewed
14-18,S,-.065,-.113,in,194,unreviewed
14-18,H,-.195,-.113,in,194,unreviewed
14-18,T,-.130,+.000,in,194,unreviewed
14-18,J,-.260,+.000,in,194,unreviewed
14-18,U,+.000,+.000,in,194,unreviewed
14-35,1,+.045,+.262,in,195,unreviewed
14-35,20,+.123,+.119,in,195,unreviewed
14-35,2,+.123,+.217,in,195,unreviewed
14-35,21,+.170,+.040,in,195,unreviewed
14-35,3,+.211,+.160,in,195,unreviewed
14-35,22,+.170,-.050,in,195,unreviewed
14-35,4,+.254,+.080,in,195,unreviewed
14-35,23,+.123,-.127,in,195,unreviewed
14-35,5,+.266,-.010,in,195,unreviewed
14-35,24,+.045,-.172,in,195,unreviewed
14-35,6,+.247,-.098,in,195,unreviewed
14-35,25,-.045,-.172,in,195,unreviewed
14-35,7,+.200,-.175,in,195,unreviewed
14-35,26,-.123,-.127,in,195,unreviewed
14-35,8,+.130,-.232,in,195,unreviewed
14-35,27,-.170,-.050,in,195,unreviewed
14-35,9,+.045,-.262,in,195,unreviewed
14-35,28,-.170,+.040,in,195,unreviewed
14-35,10,-.045,-.262,in,195,unreviewed
14-35,29,-.123,+.119,in,195,unreviewed
14-35,11,-.130,-.232,in,195,unreviewed
14-35,30,-.045,+.172,in,195,unreviewed
14-35,12,-.200,-.175,in,195,unreviewed
14-35,31,+.045,+.074,in,195,unreviewed
14-35,13,-.247,-.098,in,195,unreviewed
14-35,32,+.090,-.004,in,195,unreviewed
14-35,14,-.266,-.010,in,195,unreviewed
14-35,33,+.045,-.082,in,195,unreviewed
14-35,15,-.254,+.080,in,195,unreviewed
14-35,34,-.045,-.082,in,195,unreviewed
14-35,16,-.211,+.160,in,195,unreviewed
14-35,35,-.090,-.004,in,195,unreviewed
14-35,17,-.123,+.217,in,195,unreviewed
14-35,36,-.045,+.074,in,195,unreviewed
14-35,18,-.045,+.262,in,195,unreviewed
14-35,37,+.000,-.004,in,195,unreviewed
14-35,19,+.045,+.172,in,195,unreviewed
14-37,1,+.045,+.262,in,196,unreviewed
14-37,20,+.123,+.119,in,196,unreviewed
14-37,2,+.123,+.217,in,196,unreviewed
14-37,21,+.170,+.040,in,196,unreviewed
14-37,3,+.211,+.160,in,196,unreviewed
14-37,22,+.170,-.050,in,196,unreviewed
14-37,4,+.254,+.080,in,196,unreviewed
14-37,23,+.123,-.127,in,196,unreviewed
14-37,5,+.266,-.010,in,196,unreviewed
14-37,24,+.045,-.172,in,196,unreviewed
14-37,6,+.247,-.098,in,196,unreviewed
14-37,25,-.045,-.172,in,196,unreviewed
14-37,7,+.200,-.175,in,196,unreviewed
14-37,26,-.123,-.127,in,196,unreviewed
14-37,8,+.130,-.232,in,196,unreviewed
14-37,27,-.170,-.050,in,196,unreviewed
14-37,9,+.045,-.262,in,196,unreviewed
14-37,28,-.170,+.040,in,196,unreviewed
14-37,10,-.045,-.262,in,196,unreviewed
14-37,29,-.123,+.119,in,196,unreviewed
14-37,11,-.130,-.232,in,196,unreviewed
14-37,30,-.045,+.172,in,196,unreviewed
14-37,12,-.200,-.175,in,196,unreviewed
14-37,31,+.045,+.074,in,196,unreviewed
14-37,13,-.247,-.098,in,196,unreviewed
14-37,32,+.090,-.004,in,196,unreviewed
14-37,14,-.266,-.010,in,196,unreviewed
14-37,33,+.045,-.082,in,196,unreviewed
14-37,15,-.254,+.080,in,196,unreviewed
14-37,34,-.045,-.082,in,196,unreviewed
14-37,16,-.211,+.160,in,196,unreviewed
14-37,35,-.090,-.004,in,196,unreviewed
14-37,17,-.123,+.217,in,196,unreviewed
14-37,36,-.045,+.074,in,196,unreviewed
14-37,18,-.045,+.262,in,196,unreviewed
14-37,37,+.000,-.004,in,196,unreviewed
14-37,19,+.045,+.172,in,196,unreviewed
14-97,A,+.065,+.234,in,197,unreviewed
14-97,G,-.207,-.095,in,197,unreviewed
14-97,B,+.178,+.178,in,197,unreviewed
14-97,H,-.234,+.065,in,197,unreviewed
14-97,C,+.230,-.023,in,197,unreviewed
14-97,J,-.178,+.178,in,197,unreviewed
14-97,D,+.178,-.178,in,197,unreviewed
14-97,K,-.065,+.234,in,197,unreviewed
14-97,E,+.065,-.234,in,197,unreviewed
14-97,L,-.047,+.081,in,197,unreviewed
14-97,F,-.089,-.235,in,197,unreviewed
14-97,M,+.047,-.081,in,197,unreviewed
16-8,A,+.000,+.236,in,199,unreviewed
16-8,E,-.094,-.216,in,199,unreviewed
16-8,B,+.128,+.086,in,199,unreviewed
16-8,F,-.230,-.078,in,199,unreviewed
16-8,C,+.230,-.078,in,199,unreviewed
16-8,G,-.128,+.086,in,199,unreviewed
16-8,D,+.094,-.216,in,199,unreviewed
16-8,H,+.000,-.052,in,199,unreviewed
16-26,A,+.000,+.321,in,200,unreviewed
16-26,P,-.239,+.214,in,200,unreviewed
16-26,B,+.131,+.293,in,200,unreviewed
16-26,R,-.131,+.293,in,200,unreviewed
16-26,C,+.239,+.214,in,200,unreviewed
16-26,S,-.070,+.177,in,200,unreviewed
16-26,D,+.305,+.099,in,200,unreviewed
16-26,T,+.070,+.177,in,200,unreviewed
16-26,E,+.319,-.034,in,200,unreviewed
16-26,U,+.175,+.094,in,200,unreviewed
16-26,F,+.278,-.161,in,200,unreviewed
16-26,V,+.178,-.036,in,200,unreviewed
16-26,G,+.189,-.260,in,200,unreviewed
16-26,W,+.119,-.151,in,200,unreviewed
16-26,H,+.067,-.314,in,200,unreviewed
16-26,X,+.000,-.203,in,200,unreviewed
16-26,J,-.067,-.314,in,200,unreviewed
16-26,Y,-.119,-.151,in,200,unreviewed
16-26,K,-.189,-.260,in,200,unreviewed
16-26,Z,-.178,-.036,in,200,unreviewed
16-26,L,-.278,-.161,in,200,unreviewed
16-26,a,-.175,+.094,in,200,unreviewed
16-26,M,-.319,-.034,in,200,unreviewed
16-26,b,+.000,+.065,in,200,unreviewed
16-26,N,-.305,+.099,in,200,unreviewed
16-26,c,+.000,-.065,in,200,unreviewed
16-35,1,-.312,+.086,in,201,unreviewed
16-35,29,+.000,-.094,in,201,unreviewed
16-35,2,-.312,-.004,in,201,unreviewed
16-35,30,+.000,-.184,in,201,unreviewed
16-35,3,-.312,-.094,in,201,unreviewed
16-35,31,+.000,-.274,in,201,unreviewed
16-35,4,-.242,+.221,in,201,unreviewed
16-35,32,+.089,+.316,in,201,unreviewed
16-35,5,-.234,+.131,in,201,unreviewed
16-35,33,+.078,+.221,in,201,unreviewed
16-35,6,-.234,+.041,in,201,unreviewed
16-35,34,+.078,+.131,in,201,unreviewed
16-35,7,-.234,-.049,in,201,unreviewed
16-35,35,+.078,+.041,in,201,unreviewed
16-35,8,-.234,-.139,in,201,unreviewed
16-35,36,+.078,-.049,in,201,unreviewed
16-35,9,-.234,-.229,in,201,unreviewed
16-35,37,+.078,-.139,in,201,unreviewed
16-35,10,-.172,+.279,in,201,unreviewed
16-35,38,+.078,-.229,in,201,unreviewed
16-35,11,-.156,+.176,in,201,unreviewed
16-35,39,+.078,-.319,in,201,unreviewed
16-35,12,-.156,+.086,in,201,unreviewed
16-35,40,+.172,+.279,in,201,unreviewed
16-35,13,-.156,-.004,in,201,unreviewed
16-35,41,+.156,+.176,in,201,unreviewed
16-35,14,-.156,-.094,in,201,unreviewed
16-35,42,+.156,+.086,in,201,unreviewed
16-35,15,-.156,-.184,in,201,unreviewed
16-35,43,+.156,-.004,in,201,unreviewed
16-35,16,-.156,-.274,in,202,unreviewed
16-35,44,+.156,-.094,in,202,unreviewed
16-35,17,-.089,+.316,in,202,unreviewed
16-35,45,+.156,-.184,in,202,unreviewed
16-35,18,-.078,+.221,in,202,unreviewed
16-35,46,+.156,-.274,in,202,unreviewed
16-35,19,-.078,+.131,in,202,unreviewed
16-35,47,+.242,+.221,in,202,unreviewed
16-35,20,-.078,+.041,in,202,unreviewed
16-35,48,+.234,+.131,in,202,unreviewed
16-35,21,-.078,-.049,in,202,unreviewed
16-35,49,+.234,+.041,in,202,unreviewed
16-35,22,-.078,-.139,in,202,unreviewed
16-35,50,+.234,-.049,in,202,unreviewed
16-35,23,-.078,-.229,in,202,unreviewed
16-35,51,+.234,-.139,in,202,unreviewed
16-35,24,-.078,-.319,in,202,unreviewed
16-35,52,+.234,-.229,in,202,unreviewed
16-35,25,+.000,+.329,in,202,unreviewed
16-35,53,-.312,+.086,in,202,unreviewed
16-35,26,+.000,+.176,in,202,unreviewed
16-35,54,+.312,-.004,in,202,unreviewed
16-35,27,+.000,+.086,in,202,unreviewed
16-35,55,+.312,-.094,in,202,unreviewed
16-35,28,+.000,-.004,in,202,unreviewed
16-42,1,+.050,+.318,in,203,unreviewed
16-42,22,+.095,+.198,in,203,unreviewed
16-42,2,+.145,+.286,in,203,unreviewed
16-42,23,+.178,+.142,in,203,unreviewed
16-42,3,+.228,+.230,in,203,unreviewed
16-42,24,+.218,+.050,in,203,unreviewed
16-42,4,+.287,+.149,in,203,unreviewed
16-42,25,+.218,-.050,in,203,unreviewed
16-42,5,+.318,+.053,in,203,unreviewed
16-42,26,+.177,-.142,in,203,unreviewed
16-42,6,+.319,-.047,in,203,unreviewed
16-42,27,+.095,-.202,in,203,unreviewed
16-42,7,+.289,-.143,in,203,unreviewed
16-42,28,+.000,-.235,in,203,unreviewed
16-42,8,+.232,-.226,in,203,unreviewed
16-42,29,-.095,-.202,in,203,unreviewed
16-42,9,+.151,-.285,in,203,unreviewed
16-42,30,-.177,-.142,in,203,unreviewed
16-42,10,+.056,-.318,in,203,unreviewed
16-42,31,-.218,-.050,in,203,unreviewed
16-42,11,-.056,-.318,in,203,unreviewed
16-42,32,-.218,+.050,in,203,unreviewed
16-42,12,-.151,-.285,in,203,unreviewed
16-42,33,-.178,+.142,in,203,unreviewed
16-42,13,-.232,-.226,in,203,unreviewed
16-42,34,-.095,+.198,in,203,unreviewed
16-42,14,-.289,-.143,in,203,unreviewed
16-42,35,+.000,+.131,in,203,unreviewed
16-42,15,-.319,-.047,in,203,unreviewed
16-42,36,+.091,+.080,in,203,unreviewed
16-42,16,-.318,+.053,in,203,unreviewed
16-42,37,+.121,-.017,in,203,unreviewed
16-42,17,-.287,+.149,in,203,unreviewed
16-42,38,+.056,-.101,in,203,unreviewed
16-42,18,-.228,+.230,in,203,unreviewed
16-42,39,-.056,-.101,in,203,unreviewed
16-42,19,-.145,+.286,in,204,unreviewed
16-42,40,-.121,-.017,in,204,unreviewed
16-42,20,-.050,+.318,in,204,unreviewed
16-42,41,-.091,+.080,in,204,unreviewed
16-42,21,+.000,+.231,in,204,unreviewed
16-42,42,+.000,+.031,in,204,unreviewed
16-55,1,-.312,+.086,in,205,unreviewed
16-55,29,+.000,-.094,in,205,unreviewed
16-55,2,-.312,-.004,in,205,unreviewed
16-55,30,+.000,-.184,in,205,unreviewed
16-55,3,-.312,-.094,in,205,unreviewed
16-55,31,+.000,-.274,in,205,unreviewed
16-55,4,-.242,+.221,in,205,unreviewed
16-55,32,+.089,+.316,in,205,unreviewed
16-55,5,-.234,+.131,in,205,unreviewed
16-55,33,+.078,+.221,in,205,unreviewed
16-55,6,-.234,+.041,in,205,unreviewed
16-55,34,+.078,+.131,in,205,unreviewed
16-55,7,-.234,-.049,in,205,unreviewed
16-55,35,+.078,+.041,in,205,unreviewed
16-55,8,-.234,-.139,in,205,unreviewed
16-55,36,+.078,-.049,in,205,unreviewed
16-55,9,-.234,-.229,in,205,unreviewed
16-55,37,+.078,-.139,in,205,unreviewed
16-55,10,-.172,+.279,in,205,unreviewed
16-55,38,+.078,-.229,in,205,unreviewed
16-55,11,-.156,+.176,in,205,unreviewed
16-55,39,+.078,-.319,in,205,unreviewed
16-55,12,-.156,+.086,in,206,unreviewed
16-55,40,+.172,+.279,in,206,unreviewed
16-55,13,-.156,-.004,in,206,unreviewed
16-55,41,+.156,+.176,in,206,unreviewed
16-55,14,-.156,-.094,in,206,unreviewed
16-55,42,+.156,+.086,in,206,unreviewed
16-55,15,-.156,-.184,in,206,unreviewed
16-55,43,+.156,-.004,in,206,unreviewed
16-55,16,-.156,-.274,in,206,unreviewed
16-55,44,+.156,-.094,in,206,unreviewed
16-55,17,-.089,+.316,in,206,unreviewed
16-55,45,+.156,-.184,in,206,unreviewed
16-55,18,-.078,+.221,in,206,unreviewed
16-55,46,+.156,-.274,in,206,unreviewed
16-55,19,-.078,+.131,in,206,unreviewed
16-55,47,+.242,+.221,in,206,unreviewed
16-55,20,-.078,+.041,in,206,unreviewed
16-55,48,+.234,+.131,in,206,unreviewed
16-55,21,-.078,-.049,in,206,unreviewed
16-55,49,+.234,+.041,in,206,unreviewed
16-55,22,-.078,-.139,in,206,unreviewed
16-55,50,+.234,-.049,in,206,unreviewed
16-55,23,-.078,-.229,in,206,unreviewed
16-55,51,+.234,-.139,in,206,unreviewed
16-55,24,-.078,-.319,in,206,unreviewed
16-55,52,+.234,-.229,in,206,unreviewed
16-55,25,+.000,+.329,in,206,unreviewed
16-55,53,+.312,+.086,in,206,unreviewed
16-55,26,+.000,+.176,in,206,unreviewed
16-55,54,+.312,-.004,in,206,unreviewed
16-55,27,+.000,+.086,in,206,unreviewed
16-55,55,+.312,-.094,in,206,unreviewed
16-55,28,+.000,-.004,in,206,unreviewed
16-99,A,+.000,+.321,in,207,unreviewed
16-99,N,-.305,+.099,in,207,unreviewed
16-99,B,+.131,+.293,in,207,unreviewed
16-99,P,-.239,+.214,in,207,unreviewed
16-99,C,+.239,+.214,in,207,unreviewed
16-99,R,-.131,+.293,in,207,unreviewed
16-99,D,+.305,+.099,in,207,unreviewed
16-99,S,-.070,+.177,in,207,unreviewed
16-99,E,+.319,-.034,in,207,unreviewed
16-99,T,+.070,+.177,in,207,unreviewed
16-99,F,+.278,-.161,in,207,unreviewed
16-99,U,+.175,+.094,in,207,unreviewed
16-99,G,+.189,-.260,in,207,unreviewed
16-99,V,+.150,-.075,in,207,unreviewed
16-99,H,+.067,-.314,in,207,unreviewed
16-99,W,+.000,-.161,in,207,unreviewed
16-99,J,-.067,-.314,in,207,unreviewed
16-99,X,-.150,-.075,in,207,unreviewed
16-99,K,-.189,-.260,in,207,unreviewed
16-99,Y,-.175,+.094,in,207,unreviewed
16-99,L,-.278,-.161,in,207,unreviewed
16-99,Z,+.000,+.025,in,207,unreviewed
16-99,M,-.319,-.034,in,207,unreviewed
18-11,A,+.105,+.260,in,208,unreviewed
18-11,G,-.275,-.053,in,208,unreviewed
18-11,B,+.250,+.132,in,208,unreviewed
18-11,H,-.250,+.132,in,208,unreviewed
18-11,C,+.275,-.053,in,208,unreviewed
18-11,J,-.105,+.260,in,208,unreviewed
18-11,D,+.179,-.215,in,208,unreviewed
18-11,K,+.000,+.105,in,208,unreviewed
18-11,E,+.000,-.281,in,208,unreviewed
18-11,L,+.000,-.092,in,208,unreviewed
18-11,F,-.179,-.215,in,208,unreviewed
18-28,A,+.066,+.353,in,209,unreviewed
18-28,R,-.286,+.217,in,209,unreviewed
18-28,B,+.189,+.305,in,209,unreviewed
18-28,S,-.189,+.305,in,209,unreviewed
18-28,C,+.286,+.217,in,209,unreviewed
18-28,T,-.066,+.353,in,209,unreviewed
18-28,D,+.345,+.098,in,209,unreviewed
18-28,U,+.000,+.230,in,209,unreviewed
18-28,E,+.357,-.033,in,209,unreviewed
18-28,V,+.124,+.193,in,209,unreviewed
18-28,F,+.321,-.160,in,209,unreviewed
18-28,W,+.209,+.095,in,209,unreviewed
18-28,G,+.242,-.265,in,209,unreviewed
18-28,X,+.228,-.033,in,209,unreviewed
18-28,H,+.130,-.335,in,209,unreviewed
18-28,Y,+.174,-.151,in,209,unreviewed
18-28,J,+.000,-.359,in,209,unreviewed
18-28,Z,+.000,-.191,in,209,unreviewed
18-28,K,-.130,-.335,in,209,unreviewed
18-28,a,-.174,-.151,in,209,unreviewed
18-28,L,-.242,-.265,in,209,unreviewed
18-28,b,-.228,-.033,in,209,unreviewed
18-28,M,-.321,-.160,in,210,unreviewed
18-28,c,-.209,+.095,in,210,unreviewed
18-28,N,-.357,-.033,in,210,unreviewed
18-28,d,-.124,+.193,in,210,unreviewed
18-28,P,-.345,+.098,in,210,unreviewed
18-28,e,+.000,+.062,in,210,unreviewed
18-30,A,+.065,+.346,in,211,unreviewed
18-30,S,-.065,+.346,in,211,unreviewed
18-30,B,+.186,+.299,in,211,unreviewed
18-30,T,+.084,+.217,in,211,unreviewed
18-30,C,+.282,+.210,in,211,unreviewed
18-30,U,+.181,+.129,in,211,unreviewed
18-30,D,+.340,+.093,in,211,unreviewed
18-30,V,+.228,+.008,in,211,unreviewed
18-30,E,+.351,-.033,in,211,unreviewed
18-30,W,+.193,-.117,in,211,unreviewed
18-30,F,+.315,-.158,in,211,unreviewed
18-30,X,+.096,-.203,in,211,unreviewed
18-30,G,+.236,-.261,in,211,unreviewed
18-30,Y,+.000,-.290,in,211,unreviewed
18-30,H,+.124,-.330,in,211,unreviewed
18-30,Z,-.096,-.203,in,211,unreviewed
18-30,J,-.124,-.330,in,211,unreviewed
18-30,a,-.193,-.117,in,211,unreviewed
18-30,K,-.236,-.261,in,211,unreviewed
18-30,b,-.228,+.008,in,211,unreviewed
18-30,L,-.315,-.158,in,211,unreviewed
18-30,c,-.181,+.129,in,211,unreviewed
18-30,M,-.351,-.033,in,211,unreviewed
18-30,d,-.084,+.217,in,211,unreviewed
18-30,N,-.340,+.093,in,212,unreviewed
18-30,e,+.000,+.072,in,212,unreviewed
18-30,P,-.282,+.210,in,212,unreviewed
18-30,f,+.069,-.076,in,212,unreviewed
18-30,R,-.186,+.299,in,212,unreviewed
18-30,g,-.069,-.076,in,212,unreviewed
18-32,A,+.066,+.353,in,213,unreviewed
18-32,T,-.066,+.353,in,213,unreviewed
18-32,B,+.189,+.305,in,213,unreviewed
18-32,U,+.000,+.230,in,213,unreviewed
18-32,C,+.286,+.217,in,213,unreviewed
18-32,V,+.124,+.193,in,213,unreviewed
18-32,D,+.345,+.098,in,213,unreviewed
18-32,W,+.209,+.095,in,213,unreviewed
18-32,E,+.357,-.033,in,213,unreviewed
18-32,X,+.228,-.033,in,213,unreviewed
18-32,F,+.321,-.160,in,213,unreviewed
18-32,Y,+.174,-.151,in,213,unreviewed
18-32,G,+.242,-.265,in,213,unreviewed
18-32,Z,+.065,-.221,in,213,unreviewed
18-32,H,+.130,-.335,in,213,unreviewed
18-32,a,-.065,-.221,in,213,unreviewed
18-32,J,+.000,-.359,in,213,unreviewed
18-32,b,-.174,-.151,in,213,unreviewed
18-32,K,-.130,-.335,in,213,unreviewed
18-32,c,-.228,-.033,in,213,unreviewed
18-32,L,-.242,-.265,in,213,unreviewed
18-32,d,-.209,+.095,in,213,unreviewed
18-32,M,-.321,-.160,in,213,unreviewed
18-32,e,-.124,+.193,in,213,unreviewed
18-32,N,-.357,-.033,in,213,unreviewed
18-32,f,+.000,+.096,in,213,unreviewed
18-32,P,-.345,+.098,in,214,unreviewed
18-32,g,+.096,+.000,in,214,unreviewed
18-32,R,-.286,+.217,in,214,unreviewed
18-32,h,+.000,-.096,in,214,unreviewed
18-32,S,-.189,+.305,in,214,unreviewed
18-32,j,-.096,+.000,in,214,unreviewed
18-35,1,-.357,+.090,in,215,unreviewed
18-35,34,+.045,+.360,in,215,unreviewed
18-35,2,-.357,+.000,in,215,unreviewed
18-35,35,+.045,+.270,in,215,unreviewed
18-35,3,-.357,-.090,in,215,unreviewed
18-35,36,+.045,+.180,in,215,unreviewed
18-35,4,-.279,+.225,in,215,unreviewed
18-35,37,+.045,+.090,in,215,unreviewed
18-35,5,-.279,+.135,in,215,unreviewed
18-35,38,+.045,+.000,in,215,unreviewed
18-35,6,-.279,+.045,in,215,unreviewed
18-35,39,+.045,-.090,in,215,unreviewed
18-35,7,-.279,-.045,in,215,unreviewed
18-35,40,+.045,-.180,in,215,unreviewed
18-35,8,-.279,-.135,in,215,unreviewed
18-35,41,+.045,-.270,in,215,unreviewed
18-35,9,-.279,-.225,in,215,unreviewed
18-35,42,+.045,-.360,in,215,unreviewed
18-35,10,-.201,+.270,in,215,unreviewed
18-35,43,+.123,+.315,in,215,unreviewed
18-35,11,-.201,+.180,in,215,unreviewed
18-35,44,+.123,+.225,in,215,unreviewed
18-35,12,-.201,+.090,in,215,unreviewed
18-35,45,+.123,+.135,in,215,unreviewed
18-35,13,-.201,+.000,in,215,unreviewed
18-35,46,+.123,+.045,in,215,unreviewed
18-35,14,-.201,-.090,in,215,unreviewed
18-35,47,+.123,-.045,in,215,unreviewed
18-35,15,-.201,-.180,in,215,unreviewed
18-35,48,+.123,-.135,in,215,unreviewed
18-35,16,-.201,-.270,in,216,unreviewed
18-35,49,+.123,-.225,in,216,unreviewed
18-35,17,-.123,+.315,in,216,unreviewed
18-35,50,+.123,-.315,in,216,unreviewed
18-35,18,-.123,+.225,in,216,unreviewed
18-35,51,+.201,+.270,in,216,unreviewed
18-35,19,-.123,+.135,in,216,unreviewed
18-35,52,+.201,+.180,in,216,unreviewed
18-35,20,-.123,+.045,in,216,unreviewed
18-35,53,+.201,+.090,in,216,unreviewed
18-35,21,-.123,-.045,in,216,unreviewed
18-35,54,+.201,+.000,in,216,unreviewed
18-35,22,-.123,-.135,in,216,unreviewed
18-35,55,+.201,-.090,in,216,unreviewed
18-35,23,-.123,-.225,in,216,unreviewed
18-35,56,+.201,-.180,in,216,unreviewed
18-35,24,-.123,-.315,in,216,unreviewed
18-35,57,+.201,-.270,in,216,unreviewed
18-35,25,-.045,+.360,in,216,unreviewed
18-35,58,+.279,+.225,in,216,unreviewed
18-35,26,-.045,+.270,in,216,unreviewed
18-35,59,+.279,+.135,in,216,unreviewed
18-35,27,-.045,+.180,in,216,unreviewed
18-35,60,+.279,+.045,in,216,unreviewed
18-35,28,-.045,+.090,in,216,unreviewed
18-35,61,+.279,-.045,in,216,unreviewed
18-35,29,-.045,+.000,in,216,unreviewed
18-35,62,+.279,-.135,in,216,unreviewed
18-35,30,-.045,-.090,in,216,unreviewed
18-35,63,+.279,-.225,in,216,unreviewed
18-35,31,-.045,-.180,in,216,unreviewed
18-35,64,+.357,+.090,in,216,unreviewed
18-35,32,-.045,-.270,in,216,unreviewed
18-35,65,+.357,+.000,in,216,unreviewed
18-35,33,-.045,-.360,in,216,unreviewed
18-35,66,+.357,-.090,in,216,unreviewed
18-45,1,-.357,+.081,in,217,unreviewed
18-45,35,+.088,+.360,in,217,unreviewed
18-45,2,-.357,-.009,in,217,unreviewed
18-45,36,+.045,+.261,in,217,unreviewed
18-45,3,-.357,-.099,in,217,unreviewed
18-45,37,+.045,+.171,in,217,unreviewed
18-45,4,-.304,+.213,in,217,unreviewed
18-45,38,+.045,+.081,in,217,unreviewed
18-45,5,-.279,+.126,in,217,unreviewed
18-45,39,+.045,-.009,in,217,unreviewed
18-45,6,-.279,+.036,in,217,unreviewed
18-45,40,+.045,-.099,in,217,unreviewed
18-45,7,-.279,-.054,in,217,unreviewed
18-45,41,+.045,-.189,in,217,unreviewed
18-45,8,-.279,-.144,in,217,unreviewed
18-45,42,+.045,-.279,in,217,unreviewed
18-45,9,-.279,-.234,in,217,unreviewed
18-45,43,+.045,-.369,in,217,unreviewed
18-45,10,-.244,+.280,in,217,unreviewed
18-45,44,+.156,+.301,in,217,unreviewed
18-45,11,-.201,+.171,in,217,unreviewed
18-45,45,+.123,+.216,in,217,unreviewed
18-45,12,-.201,+.081,in,217,unreviewed
18-45,46,+.123,+.126,in,217,unreviewed
18-45,13,-.201,-.009,in,217,unreviewed
18-45,47,+.123,+.036,in,217,unreviewed
18-45,14,-.201,-.099,in,217,unreviewed
18-45,48,+.123,-.054,in,217,unreviewed
18-45,15,-.201,-.189,in,217,unreviewed
18-45,49,+.123,-.144,in,217,unreviewed
18-45,16,-.201,-.279,in,217,unreviewed
18-45,50,+.123,-.234,in,217,unreviewed
18-45,17,-.156,+.301,in,218,unreviewed
18-45,51,+.123,-.324,in,218,unreviewed
18-45,18,-.123,+.216,in,218,unreviewed
18-45,52,+.244,+.280,in,218,unreviewed
18-45,19,-.123,+.126,in,218,unreviewed
18-45,53,+.201,+.171,in,218,unreviewed
18-45,20,-.123,+.036,in,218,unreviewed
18-45,54,+.201,+.081,in,218,unreviewed
18-45,21,-.123,-.054,in,218,unreviewed
18-45,55,+.201,-.009,in,218,unreviewed
18-45,22,-.123,-.144,in,218,unreviewed
18-45,56,+.201,-.099,in,218,unreviewed
18-45,23,-.123,-.234,in,218,unreviewed
18-45,57,+.201,-.189,in,218,unreviewed
18-45,24,-.123,-.324,in,218,unreviewed
18-45,58,+.201,-.279,in,218,unreviewed
18-45,25,-.088,+.360,in,218,unreviewed
18-45,59,+.304,+.213,in,218,unreviewed
18-45,26,-.000,+.339,in,218,unreviewed
18-45,60,+.279,+.126,in,218,unreviewed
18-45,27,-.045,+.261,in,218,unreviewed
18-45,61,+.279,+.036,in,218,unreviewed
18-45,28,-.045,+.171,in,218,unreviewed
18-45,62,+.279,-.054,in,218,unreviewed
18-45,29,-.045,+.081,in,218,unreviewed
18-45,63,+.279,-.144,in,218,unreviewed
18-45,30,-.045,-.009,in,218,unreviewed
18-45,64,+.279,-.234,in,218,unreviewed
18-45,31,-.045,-.099,in,218,unreviewed
18-45,65,+.357,+.081,in,218,unreviewed
18-45,32,-.045,-.189,in,218,unreviewed
18-45,66,+.357,-.009,in,218,unreviewed
18-45,33,-.045,-.279,in,218,unreviewed
18-45,67,+.357,-.099,in,218,unreviewed
18-45,34,-.045,-.369,in,218,unreviewed
18-53,1,+.050,+.364,in,219,unreviewed
18-53,28,+.266,+.018,in,219,unreviewed
18-53,2,+.146,+.336,in,219,unreviewed
18-53,29,+.260,-.094,in,219,unreviewed
18-53,3,+.232,+.284,in,219,unreviewed
18-53,30,+.184,-.195,in,219,unreviewed
18-53,4,+.301,+.212,in,219,unreviewed
18-53,31,+.099,-.252,in,219,unreviewed
18-53,5,+.347,+.123,in,219,unreviewed
18-53,32,+.000,-.268,in,219,unreviewed
18-53,6,+.367,+.025,in,219,unreviewed
18-53,33,-.099,-.252,in,219,unreviewed
18-53,7,+.360,-.075,in,219,unreviewed
18-53,34,-.184,-.195,in,219,unreviewed
18-53,8,+.328,-.170,in,219,unreviewed
18-53,35,-.260,-.094,in,219,unreviewed
18-53,9,+.269,-.251,in,219,unreviewed
18-53,36,-.266,+.018,in,219,unreviewed
18-53,10,+.191,-.314,in,219,unreviewed
18-53,37,-.245,+.116,in,219,unreviewed
18-53,11,+.099,-.354,in,219,unreviewed
18-53,38,-.183,+.195,in,219,unreviewed
18-53,12,+.000,-.368,in,219,unreviewed
18-53,39,-.096,+.248,in,219,unreviewed
18-53,13,-.099,-.354,in,219,unreviewed
18-53,40,+.000,+.176,in,219,unreviewed
18-53,14,-.191,-.314,in,219,unreviewed
18-53,41,+.096,+.145,in,219,unreviewed
18-53,15,-.269,-.251,in,219,unreviewed
18-53,42,+.158,+.068,in,219,unreviewed
18-53,16,-.328,-.170,in,219,unreviewed
18-53,43,+.178,-.032,in,219,unreviewed
18-53,17,-.360,-.075,in,220,unreviewed
18-53,44,+.120,-.114,in,220,unreviewed
18-53,18,-.367,+.025,in,220,unreviewed
18-53,45,+.000,-.168,in,220,unreviewed
18-53,19,-.347,+.123,in,220,unreviewed
18-53,46,-.120,-.114,in,220,unreviewed
18-53,20,-.301,+.212,in,220,unreviewed
18-53,47,-.178,-.032,in,220,unreviewed
18-53,21,-.232,+.284,in,220,unreviewed
18-53,48,-.158,+.068,in,220,unreviewed
18-53,22,-.146,+.336,in,220,unreviewed
18-53,49,-.096,+.145,in,220,unreviewed
18-53,23,-.050,+.364,in,220,unreviewed
18-53,50,+.000,+.076,in,220,unreviewed
18-53,24,+.000,+.276,in,220,unreviewed
18-53,51,+.080,-.002,in,220,unreviewed
18-53,25,+.096,+.248,in,220,unreviewed
18-53,52,+.000,-.068,in,220,unreviewed
18-53,26,+.183,+.195,in,220,unreviewed
18-53,53,-.080,-.002,in,220,unreviewed
18-53,27,+.245,+.116,in,220,unreviewed
18-66,1,-.357,+.090,in,221,unreviewed
18-66,34,+.045,+.360,in,221,unreviewed
18-66,2,-.357,+.000,in,221,unreviewed
18-66,35,+.045,+.270,in,221,unreviewed
18-66,3,-.357,-.090,in,221,unreviewed
18-66,36,+.045,+.180,in,221,unreviewed
18-66,4,-.279,+.225,in,221,unreviewed
18-66,37,+.045,+.090,in,221,unreviewed
18-66,5,-.279,+.135,in,221,unreviewed
18-66,38,+.045,+.000,in,221,unreviewed
18-66,6,-.279,+.045,in,221,unreviewed
18-66,39,+.045,-.090,in,221,unreviewed
18-66,7,-.279,-.045,in,221,unreviewed
18-66,40,+.045,-.180,in,221,unreviewed
18-66,8,-.279,-.135,in,221,unreviewed
18-66,41,+.045,-.270,in,221,unreviewed
18-66,9,-.279,-.225,in,221,unreviewed
18-66,42,+.045,-.360,in,221,unreviewed
18-66,10,-.201,+.270,in,221,unreviewed
18-66,43,+.123,+.315,in,221,unreviewed
18-66,11,-.201,+.180,in,221,unreviewed
18-66,44,+.123,+.225,in,221,unreviewed
18-66,12,-.201,+.090,in,221,unreviewed
18-66,45,+.123,+.135,in,221,unreviewed
18-66,13,-.201,+.000,in,221,unreviewed
18-66,46,+.123,+.045,in,221,unreviewed
18-66,14,-.201,-.090,in,221,unreviewed
18-66,47,+.123,-.045,in,221,unreviewed
18-66,15,-.201,-.180,in,221,unreviewed
18-66,48,+.123,-.135,in,221,unreviewed
18-66,16,-.201,-.270,in,221,unreviewed
18-66,49,+.123,-.225,in,221,unreviewed
18-66,17,-.123,+.315,in,222,unreviewed
18-66,50,+.123,-.315,in,222,unreviewed
18-66,18,-.123,+.225,in,222,unreviewed
18-66,51,+.201,+.270,in,222,unreviewed
18-66,19,-.123,+.135,in,222,unreviewed
18-66,52,+.201,+.180,in,222,unreviewed
18-66,20,-.123,+.045,in,222,unreviewed
18-66,53,+.201,+.090,in,222,unreviewed
18-66,21,-.123,-.045,in,222,unreviewed
18-66,54,+.201,+.000,in,222,unreviewed
18-66,22,-.123,-.135,in,222,unreviewed
18-66,55,+.201,-.090,in,222,unreviewed
18-66,23,-.123,-.225,in,222,unreviewed
18-66,56,+.201,-.180,in,222,unreviewed
18-66,24,-.123,-.315,in,222,unreviewed
18-66,57,+.201,-.270,in,222,unreviewed
18-66,25,-.045,+.360,in,222,unreviewed
18-66,58,+.279,+.225,in,222,unreviewed
18-66,26,-.045,+.270,in,222,unreviewed
18-66,59,+.279,+.135,in,222,unreviewed
18-66,27,-.045,+.180,in,222,unreviewed
18-66,60,+.279,+.045,in,222,unreviewed
18-66,28,-.045,+.090,in,222,unreviewed
18-66,61,+.279,-.045,in,222,unreviewed
18-66,29,-.045,+.000,in,222,unreviewed
18-66,62,+.279,-.135,in,222,unreviewed
18-66,30,-.045,-.090,in,222,unreviewed
18-66,63,+.279,-.225,in,222,unreviewed
18-66,31,-.045,-.180,in,222,unreviewed
18-66,64,+.357,+.090,in,222,unreviewed
18-66,32,-.045,-.270,in,222,unreviewed
18-66,65,+.357,+.000,in,222,unreviewed
18-66,33,-.045,-.360,in,222,unreviewed
18-66,66,+.357,-.090,in,222,unreviewed
18-67,1,-.357,+.081,in,223,unreviewed
18-67,35,+.088,+.360,in,223,unreviewed
18-67,2,-.357,-.009,in,223,unreviewed
18-67,36,+.045,+.261,in,223,unreviewed
18-67,3,-.357,-.099,in,223,unreviewed
18-67,37,+.045,+.171,in,223,unreviewed
18-67,4,-.304,+.213,in,223,unreviewed
18-67,38,+.045,+.081,in,223,unreviewed
18-67,5,-.279,+.126,in,223,unreviewed
18-67,39,+.045,-.009,in,223,unreviewed
18-67,6,-.279,+.036,in,223,unreviewed
18-67,40,+.045,-.099,in,223,unreviewed
18-67,7,-.279,-.054,in,223,unreviewed
18-67,41,+.045,-.189,in,223,unreviewed
18-67,8,-.279,-.144,in,223,unreviewed
18-67,42,+.045,-.279,in,223,unreviewed
18-67,9,-.279,-.234,in,223,unreviewed
18-67,43,+.045,-.369,in,223,unreviewed
18-67,10,-.244,+.280,in,223,unreviewed
18-67,44,+.156,+.301,in,223,unreviewed
18-67,11,-.201,+.171,in,223,unreviewed
18-67,45,+.123,+.216,in,223,unreviewed
18-67,12,-.201,+.081,in,223,unreviewed
18-67,46,+.123,+.126,in,223,unreviewed
18-67,13,-.201,-.009,in,223,unreviewed
18-67,47,+.123,+.036,in,223,unreviewed
18-67,14,-.201,-.099,in,223,unreviewed
18-67,48,+.123,-.054,in,223,unreviewed
18-67,15,-.201,-.189,in,223,unreviewed
18-67,49,+.123,-.144,in,223,unreviewed
18-67,16,-.201,-.279,in,224,unreviewed
18-67,50,+.123,-.234,in,224,unreviewed
18-67,17,-.156,+.301,in,224,unreviewed
18-67,51,+.123,-.324,in,224,unreviewed
18-67,18,-.123,+.216,in,224,unreviewed
18-67,52,+.244,+.280,in,224,unreviewed
18-67,19,-.123,+.126,in,224,unreviewed
18-67,53,+.201,+.171,in,224,unreviewed
18-67,20,-.123,+.036,in,224,unreviewed
18-67,54,+.201,+.081,in,224,unreviewed
18-67,21,-.123,-.054,in,224,unreviewed
18-67,55,+.201,-.009,in,224,unreviewed
18-67,22,-.123,-.144,in,224,unreviewed
18-67,56,+.201,-.099,in,224,unreviewed
18-67,23,-.123,-.234,in,224,unreviewed
18-67,57,+.201,-.189,in,224,unreviewed
18-67,24,-.123,-.324,in,224,unreviewed
18-67,58,+.201,-.279,in,224,unreviewed
18-67,25,-.088,+.360,in,224,unreviewed
18-67,59,+.304,+.213,in,224,unreviewed
18-67,26,-.000,+.339,in,224,unreviewed
18-67,60,+.279,+.126,in,224,unreviewed
18-67,27,-.045,+.261,in,224,unreviewed
18-67,61,+.279,+.036,in,224,unreviewed
18-67,28,-.045,+.171,in,224,unreviewed
18-67,62,+.279,-.054,in,224,unreviewed
18-67,29,-.045,+.081,in,224,unreviewed
18-67,63,+.279,-.144,in,224,unreviewed
18-67,30,-.045,-.009,in,224,unreviewed
18-67,64,+.279,-.234,in,224,unreviewed
18-67,31,-.045,-.099,in,224,unreviewed
18-67,65,+.357,+.081,in,224,unreviewed
18-67,32,-.045,-.189,in,224,unreviewed
18-67,66,+.357,-.009,in,224,unreviewed
18-67,33,-.045,-.279,in,224,unreviewed
18-67,67,+.357,-.099,in,224,unreviewed
18-67,34,-.045,-.369,in,224,unreviewed
18-96,A,+.000,+.301,in,225,unreviewed
18-96,F,-.213,-.213,in,225,unreviewed
18-96,B,+.213,+.213,in,225,unreviewed
18-96,G,-.301,+.000,in,225,unreviewed
18-96,C,+.301,+.000,in,225,unreviewed
18-96,H,-.213,+.213,in,225,unreviewed
18-96,D,+.213,-.213,in,225,unreviewed
18-96,J,+.000,+.000,in,225,unreviewed
18-96,E,+.000,-.301,in,225,unreviewed
20-1,1,+.053,+.426,in,226,unreviewed
20-1,41,-.098,-.322,in,226,unreviewed
20-1,2,+.146,+.404,in,226,unreviewed
20-1,42,-.184,-.280,in,226,unreviewed
20-1,3,+.232,+.362,in,226,unreviewed
20-1,43,-.258,-.220,in,226,unreviewed
20-1,4,+.306,+.302,in,226,unreviewed
20-1,44,-.311,-.141,in,226,unreviewed
20-1,5,+.365,+.227,in,226,unreviewed
20-1,45,-.332,-.048,in,226,unreviewed
20-1,6,+.406,+.141,in,226,unreviewed
20-1,46,-.332,+.048,in,226,unreviewed
20-1,7,+.427,+.048,in,226,unreviewed
20-1,47,-.311,+.141,in,226,unreviewed
20-1,8,+.427,-.048,in,226,unreviewed
20-1,48,-.258,+.220,in,226,unreviewed
20-1,9,+.406,-.141,in,226,unreviewed
20-1,49,-.184,+.280,in,226,unreviewed
20-1,10,+.365,-.227,in,226,unreviewed
20-1,50,-.098,+.322,in,226,unreviewed
20-1,11,+.306,-.302,in,226,unreviewed
20-1,51,-.048,+.241,in,226,unreviewed
20-1,12,+.232,-.362,in,226,unreviewed
20-1,52,+.048,+.241,in,226,unreviewed
20-1,13,+.146,-.404,in,226,unreviewed
20-1,53,+.134,+.199,in,226,unreviewed
20-1,14,+.053,-.426,in,226,unreviewed
20-1,54,+.208,+.139,in,226,unreviewed
20-1,15,-.053,-.426,in,226,unreviewed
20-1,55,+.237,+.048,in,226,unreviewed
20-1,16,-.146,-.404,in,227,unreviewed
20-1,56,+.237,-.048,in,227,unreviewed
20-1,17,-.232,-.362,in,227,unreviewed
20-1,57,+.208,-.139,in,227,unreviewed
20-1,18,-.306,-.302,in,227,unreviewed
20-1,58,+.134,-.199,in,227,unreviewed
20-1,19,-.365,-.227,in,227,unreviewed
20-1,59,+.048,-.241,in,227,unreviewed
20-1,20,-.406,-.141,in,227,unreviewed
20-1,60,-.048,-.241,in,227,unreviewed
20-1,21,-.427,-.048,in,227,unreviewed
20-1,61,-.134,-.199,in,227,unreviewed
20-1,22,-.427,+.048,in,227,unreviewed
20-1,62,-.208,-.139,in,227,unreviewed
20-1,23,-.406,+.141,in,227,unreviewed
20-1,63,-.237,-.048,in,227,unreviewed
20-1,24,-.365,+.227,in,227,unreviewed
20-1,64,-.237,+.048,in,227,unreviewed
20-1,25,-.306,+.302,in,227,unreviewed
20-1,65,-.208,+.139,in,227,unreviewed
20-1,26,-.232,+.362,in,227,unreviewed
20-1,66,-.134,+.199,in,227,unreviewed
20-1,27,-.146,+.404,in,227,unreviewed
20-1,67,-.048,+.146,in,227,unreviewed
20-1,28,-.053,+.426,in,227,unreviewed
20-1,68,+.048,+.146,in,227,unreviewed
20-1,29,+.000,+.323,in,227,unreviewed
20-1,69,+.125,+.090,in,227,unreviewed
20-1,30,+.098,+.322,in,227,unreviewed
20-1,70,+.155,+.000,in,227,unreviewed
20-1,31,+.184,+.280,in,227,unreviewed
20-1,71,+.125,-.090,in,227,unreviewed
20-1,32,+.258,+.220,in,227,unreviewed
20-1,72,+.048,-.146,in,227,unreviewed
20-1,33,+.311,+.141,in,227,unreviewed
20-1,73,-.048,-.146,in,227,unreviewed
20-1,34,+.332,+.048,in,227,unreviewed
20-1,74,-.125,-.090,in,227,unreviewed
20-1,35,+.332,-.048,in,227,unreviewed
20-1,75,-.155,+.000,in,227,unreviewed
20-1,36,+.311,-.141,in,227,unreviewed
20-1,76,-.125,+.090,in,227,unreviewed
20-1,37,+.258,-.220,in,227,unreviewed
20-1,77,+.000,+.053,in,227,unreviewed
20-1,38,+.184,-.280,in,227,unreviewed
20-1,78,+.048,-.029,in,227,unreviewed
20-1,39,+.098,-.322,in,227,unreviewed
20-1,79,-.048,-.029,in,227,unreviewed
20-1,40,+.000,-.347,in,227,unreviewed
20-2,1,+.052,+.424,in,228,unreviewed
20-2,34,+.165,-.273,in,228,unreviewed
20-2,2,+.154,+.399,in,228,unreviewed
20-2,35,+.053,-.331,in,228,unreviewed
20-2,3,+.246,+.348,in,228,unreviewed
20-2,36,-.053,-.331,in,228,unreviewed
20-2,4,+.326,+.280,in,228,unreviewed
20-2,37,-.165,-.273,in,228,unreviewed
20-2,5,+.382,+.191,in,228,unreviewed
20-2,38,-.252,-.210,in,228,unreviewed
20-2,6,+.417,+.092,in,228,unreviewed
20-2,39,-.305,-.119,in,228,unreviewed
20-2,7,+.425,-.013,in,228,unreviewed
20-2,40,-.320,-.015,in,228,unreviewed
20-2,8,+.410,-.117,in,228,unreviewed
20-2,41,-.312,+.090,in,228,unreviewed
20-2,9,+.370,-.214,in,228,unreviewed
20-2,42,-.274,+.188,in,228,unreviewed
20-2,10,+.308,-.299,in,228,unreviewed
20-2,43,-.194,+.256,in,228,unreviewed
20-2,11,+.224,-.362,in,228,unreviewed
20-2,44,-.102,+.307,in,228,unreviewed
20-2,12,+.128,-.405,in,228,unreviewed
20-2,45,+.000,+.227,in,228,unreviewed
20-2,13,+.000,-.422,in,228,unreviewed
20-2,46,+.102,+.202,in,228,unreviewed
20-2,14,-.128,-.405,in,228,unreviewed
20-2,47,+.183,+.135,in,228,unreviewed
20-2,15,-.224,-.362,in,228,unreviewed
20-2,48,+.220,+.037,in,228,unreviewed
20-2,16,-.308,-.299,in,228,unreviewed
20-2,49,+.213,-.068,in,228,unreviewed
20-2,17,-.370,-.214,in,228,unreviewed
20-2,50,+.158,-.158,in,228,unreviewed
20-2,18,-.410,-.117,in,228,unreviewed
20-2,51,+.072,-.224,in,228,unreviewed
20-2,19,-.425,-.013,in,228,unreviewed
20-2,52,-.072,-.224,in,228,unreviewed
20-2,20,-.417,+.092,in,229,unreviewed
20-2,53,-.158,-.158,in,229,unreviewed
20-2,21,-.382,+.191,in,229,unreviewed
20-2,54,-.213,-.068,in,229,unreviewed
20-2,22,-.326,+.280,in,229,unreviewed
20-2,55,-.220,+.037,in,229,unreviewed
20-2,23,-.246,+.348,in,229,unreviewed
20-2,56,-.183,+.135,in,229,unreviewed
20-2,24,-.154,+.399,in,229,unreviewed
20-2,57,-.102,+.202,in,229,unreviewed
20-2,25,-.052,+.424,in,229,unreviewed
20-2,58,+.000,+.122,in,229,unreviewed
20-2,26,+.000,+.332,in,229,unreviewed
20-2,59,+.095,+.075,in,229,unreviewed
20-2,27,+.102,+.307,in,229,unreviewed
20-2,60,+.115,-.029,in,229,unreviewed
20-2,28,+.194,+.256,in,229,unreviewed
20-2,61,+.056,-.120,in,229,unreviewed
20-2,29,+.274,+.188,in,229,unreviewed
20-2,62,-.056,-.120,in,229,unreviewed
20-2,30,+.312,+.090,in,229,unreviewed
20-2,63,-.115,-.029,in,229,unreviewed
20-2,31,+.320,-.015,in,229,unreviewed
20-2,64,-.095,+.075,in,229,unreviewed
20-2,32,+.305,-.119,in,229,unreviewed
20-2,65,+.000,-.029,in,229,unreviewed
20-2,33,+.252,-.210,in,229,unreviewed
20-16,A,+.118,+.322,in,230,unreviewed
20-16,J,-.341,+.036,in,230,unreviewed
20-16,B,+.271,+.211,in,230,unreviewed
20-16,K,-.271,+.211,in,230,unreviewed
20-16,C,+.341,+.036,in,230,unreviewed
20-16,L,-.118,+.322,in,230,unreviewed
20-16,D,+.308,-.150,in,230,unreviewed
20-16,M,+.000,+.175,in,230,unreviewed
20-16,E,+.182,-.290,in,230,unreviewed
20-16,N,+.154,+.062,in,230,unreviewed
20-16,F,+.000,-.343,in,230,unreviewed
20-16,P,+.094,-.122,in,230,unreviewed
20-16,G,-.182,-.290,in,230,unreviewed
20-16,R,-.094,-.122,in,230,unreviewed
20-16,H,-.308,-.150,in,230,unreviewed
20-16,S,-.154,+.062,in,230,unreviewed
20-24,A,+.175,+.375,in,231,unreviewed
20-24,N,+.150,+.200,in,231,unreviewed
20-24,B,+.350,+.200,in,231,unreviewed
20-24,P,+.250,+.000,in,231,unreviewed
20-24,C,+.400,+.000,in,231,unreviewed
20-24,R,+.200,-.150,in,231,unreviewed
20-24,D,+.350,-.200,in,231,unreviewed
20-24,S,+.075,-.250,in,231,unreviewed
20-24,E,+.200,-.350,in,231,unreviewed
20-24,T,-.075,-.250,in,231,unreviewed
20-24,F,+.000,-.400,in,231,unreviewed
20-24,U,-.200,-.150,in,231,unreviewed
20-24,G,-.200,-.350,in,231,unreviewed
20-24,V,-.250,+.000,in,231,unreviewed
20-24,H,-.350,-.200,in,231,unreviewed
20-24,W,-.150,+.200,in,231,unreviewed
20-24,J,-.400,+.000,in,231,unreviewed
20-24,X,+.000,+.150,in,231,unreviewed
20-24,K,-.350,+.200,in,231,unreviewed
20-24,Y,+.100,+.025,in,231,unreviewed
20-24,L,-.175,+.375,in,231,unreviewed
20-24,Z,+.000,-.100,in,231,unreviewed
20-24,M,+.000,+.300,in,231,unreviewed
20-24,a,-.100,+.025,in,231,unreviewed
20-25,A,+.000,+.400,in,232,unreviewed
20-25,P,-.225,+.225,in,232,unreviewed
20-25,B,+.150,+.375,in,232,unreviewed
20-25,R,-.150,+.375,in,232,unreviewed
20-25,C,+.225,+.225,in,232,unreviewed
20-25,S,+.075,+.225,in,232,unreviewed
20-25,D,+.375,+.175,in,232,unreviewed
20-25,T,+.250,+.075,in,232,unreviewed
20-25,E,+.400,+.025,in,232,unreviewed
20-25,U,+.150,-.200,in,232,unreviewed
20-25,F,+.375,-.125,in,232,unreviewed
20-25,V,-.150,-.200,in,232,unreviewed
20-25,G,+.275,-.300,in,232,unreviewed
20-25,W,-.250,+.075,in,232,unreviewed
20-25,H,+.100,-.400,in,232,unreviewed
20-25,X,-.075,+.225,in,232,unreviewed
20-25,J,-.100,-.400,in,232,unreviewed
20-25,Y,+.000,+.075,in,232,unreviewed
20-25,K,-.275,-.300,in,232,unreviewed
20-25,Z,+.125,-.025,in,232,unreviewed
20-25,L,-.375,-.125,in,232,unreviewed
20-25,a,+.000,-.125,in,232,unreviewed
20-25,M,-.400,+.025,in,232,unreviewed
20-25,b,-.125,-.025,in,232,unreviewed
20-25,N,-.375,+.175,in,232,unreviewed
20-27,A,+.000,+.400,in,233,unreviewed
20-27,R,-.150,+.375,in,233,unreviewed
20-27,B,+.150,+.375,in,233,unreviewed
20-27,S,+.125,+.225,in,233,unreviewed
20-27,C,+.275,+.275,in,233,unreviewed
20-27,T,+.225,+.100,in,233,unreviewed
20-27,D,+.375,+.150,in,233,unreviewed
20-27,U,+.250,-.050,in,233,unreviewed
20-27,E,+.400,+.000,in,233,unreviewed
20-27,V,+.150,-.200,in,233,unreviewed
20-27,F,+.375,-.150,in,233,unreviewed
20-27,W,+.000,-.250,in,233,unreviewed
20-27,G,+.275,-.300,in,233,unreviewed
20-27,X,-.150,-.200,in,233,unreviewed
20-27,H,+.100,-.400,in,233,unreviewed
20-27,Y,-.250,-.050,in,233,unreviewed
20-27,J,-.100,-.400,in,233,unreviewed
20-27,Z,-.225,+.100,in,233,unreviewed
20-27,K,-.275,-.300,in,233,unreviewed
20-27,a,-.125,+.225,in,233,unreviewed
20-27,L,-.375,-.150,in,233,unreviewed
20-27,b,+.000,+.100,in,233,unreviewed
20-27,M,-.400,+.000,in,233,unreviewed
20-27,c,+.100,-.025,in,233,unreviewed
20-27,N,-.375,+.150,in,233,unreviewed
20-27,d,-.100,-.025,in,233,unreviewed
20-27,P,-.275,+.275,in,233,unreviewed
20-35,1,+.053,+.426,in,234,unreviewed
20-35,41,-.098,-.322,in,234,unreviewed
20-35,2,+.146,+.404,in,234,unreviewed
20-35,42,-.184,-.280,in,234,unreviewed
20-35,3,+.232,+.362,in,234,unreviewed
20-35,43,-.258,-.220,in,234,unreviewed
20-35,4,+.306,+.302,in,234,unreviewed
20-35,44,-.311,-.141,in,234,unreviewed
20-35,5,+.365,+.227,in,234,unreviewed
20-35,45,-.332,-.048,in,234,unreviewed
20-35,6,+.406,+.141,in,234,unreviewed
20-35,46,-.332,+.048,in,234,unreviewed
20-35,7,+.427,+.048,in,234,unreviewed
20-35,47,-.311,+.141,in,234,unreviewed
20-35,8,+.427,-.048,in,234,unreviewed
20-35,48,-.258,+.220,in,234,unreviewed
20-35,9,+.406,-.141,in,234,unreviewed
20-35,49,-.184,+.280,in,234,unreviewed
20-35,10,+.365,-.227,in,234,unreviewed
20-35,50,-.098,+.322,in,234,unreviewed
20-35,11,+.306,-.302,in,234,unreviewed
20-35,51,-.048,+.241,in,234,unreviewed
20-35,12,+.232,-.362,in,234,unreviewed
20-35,52,+.048,+.241,in,234,unreviewed
20-35,13,+.146,-.404,in,234,unreviewed
20-35,53,+.134,+.199,in,234,unreviewed
20-35,14,+.053,-.426,in,234,unreviewed
20-35,54,+.208,+.139,in,234,unreviewed
20-35,15,-.053,-.426,in,234,unreviewed
20-35,55,+.237,+.048,in,234,unreviewed
20-35,16,-.146,-.404,in,234,unreviewed
20-35,56,+.237,-.048,in,234,unreviewed
20-35,17,-.232,-.362,in,235,unreviewed
20-35,57,+.208,-.139,in,235,unreviewed
20-35,18,-.306,-.302,in,235,unreviewed
20-35,58,+.134,-.199,in,235,unreviewed
20-35,19,-.365,-.227,in,235,unreviewed
20-35,59,+.048,-.241,in,235,unreviewed
20-35,20,-.406,-.141,in,235,unreviewed
20-35,60,-.048,-.241,in,235,unreviewed
20-35,21,-.427,-.048,in,235,unreviewed
20-35,61,-.134,-.199,in,235,unreviewed
20-35,22,-.427,+.048,in,235,unreviewed
20-35,62,-.208,-.139,in,235,unreviewed
20-35,23,-.406,+.141,in,235,unreviewed
20-35,63,-.237,-.048,in,235,unreviewed
20-35,24,-.365,+.227,in,235,unreviewed
20-35,64,-.237,+.048,in,235,unreviewed
20-35,25,-.306,+.302,in,235,unreviewed
20-35,65,-.208,+.139,in,235,unreviewed
20-35,26,-.232,+.362,in,235,unreviewed
20-35,66,-.134,+.199,in,235,unreviewed
20-35,27,-.146,+.404,in,235,unreviewed
20-35,67,-.048,+.146,in,235,unreviewed
20-35,28,-.053,+.426,in,235,unreviewed
20-35,68,+.048,+.146,in,235,unreviewed
20-35,29,+.000,+.323,in,235,unreviewed
20-35,69,+.125,+.090,in,235,unreviewed
20-35,30,+.098,+.322,in,235,unreviewed
20-35,70,+.155,+.000,in,235,unreviewed
20-35,31,+.184,+.280,in,235,unreviewed
20-35,71,+.125,-.090,in,235,unreviewed
20-35,32,+.258,+.220,in,235,unreviewed
20-35,72,+.048,-.146,in,235,unreviewed
20-35,33,+.311,+.141,in,235,unreviewed
20-35,73,-.048,-.146,in,235,unreviewed
20-35,34,+.332,+.048,in,235,unreviewed
20-35,74,-.125,-.090,in,235,unreviewed
20-35,35,+.332,-.048,in,235,unreviewed
20-35,75,-.155,+.000,in,235,unreviewed
20-35,36,+.311,-.141,in,235,unreviewed
20-35,76,-.125,+.090,in,235,unreviewed
20-35,37,+.258,-.220,in,235,unreviewed
20-35,77,+.000,+.053,in,235,unreviewed
20-35,38,+.184,-.280,in,235,unreviewed
20-35,78,+.048,-.029,in,235,unreviewed
20-35,39,+.098,-.322,in,235,unreviewed
20-35,79,-.048,-.029,in,235,unreviewed
20-35,40,+.000,-.347,in,235,unreviewed
20-39,A,+.065,+.411,in,236,unreviewed
20-39,X,+.000,+.295,in,236,unreviewed
20-39,B,+.189,+.371,in,236,unreviewed
20-39,Y,+.126,+.256,in,236,unreviewed
20-39,C,+.294,+.295,in,236,unreviewed
20-39,Z,+.232,+.179,in,236,unreviewed
20-39,D,+.371,+.189,in,236,unreviewed
20-39,a,+.280,+.057,in,236,unreviewed
20-39,E,+.411,+.065,in,236,unreviewed
20-39,b,+.280,-.074,in,236,unreviewed
20-39,F,+.411,-.065,in,236,unreviewed
20-39,c,+.217,-.189,in,236,unreviewed
20-39,G,+.371,-.189,in,236,unreviewed
20-39,d,+.112,-.265,in,236,unreviewed
20-39,H,+.294,-.294,in,236,unreviewed
20-39,e,-.112,-.265,in,236,unreviewed
20-39,J,+.189,-.371,in,236,unreviewed
20-39,f,-.217,-.189,in,236,unreviewed
20-39,K,+.065,-.411,in,236,unreviewed
20-39,g,-.280,-.074,in,236,unreviewed
20-39,L,-.065,-.411,in,236,unreviewed
20-39,h,-.280,+.057,in,236,unreviewed
20-39,M,-.189,-.371,in,236,unreviewed
20-39,i,-.232,+.179,in,236,unreviewed
20-39,N,-.294,-.294,in,236,unreviewed
20-39,j,-.126,+.256,in,236,unreviewed
20-39,P,-.371,-.189,in,236,unreviewed
20-39,k,+.000,+.164,in,236,unreviewed
20-39,R,-.411,-.065,in,236,unreviewed
20-39,m,+.114,+.048,in,236,unreviewed
20-39,S,-.411,+.065,in,237,unreviewed
20-39,n,+.106,-.107,in,237,unreviewed
20-39,T,-.371,+.189,in,237,unreviewed
20-39,p,+.000,-.189,in,237,unreviewed
20-39,U,-.294,+.295,in,237,unreviewed
20-39,q,-.106,-.107,in,237,unreviewed
20-39,V,-.189,+.371,in,237,unreviewed
20-39,r,-.114,+.048,in,237,unreviewed
20-39,W,-.065,+.411,in,237,unreviewed
22-1,1,-.428,+.241,in,239,unreviewed
22-1,51,+.000,-.047,in,239,unreviewed
22-1,2,-.467,+.154,in,239,unreviewed
22-1,52,+.000,-.142,in,239,unreviewed
22-1,3,-.488,+.061,in,239,unreviewed
22-1,53,+.000,-.237,in,239,unreviewed
22-1,4,-.415,+.000,in,239,unreviewed
22-1,54,+.000,-.332,in,239,unreviewed
22-1,5,-.488,-.061,in,239,unreviewed
22-1,55,+.000,-.427,in,239,unreviewed
22-1,6,-.428,-.142,in,239,unreviewed
22-1,56,+.083,+.475,in,239,unreviewed
22-1,7,-.428,-.237,in,239,unreviewed
22-1,57,+.083,+.380,in,239,unreviewed
22-1,8,-.332,+.333,in,239,unreviewed
22-1,58,+.083,+.285,in,239,unreviewed
22-1,9,-.332,+.238,in,239,unreviewed
22-1,59,+.083,+.190,in,239,unreviewed
22-1,10,-.332,+.143,in,239,unreviewed
22-1,60,+.083,+.095,in,239,unreviewed
22-1,11,-.332,+.048,in,239,unreviewed
22-1,61,+.083,+.000,in,239,unreviewed
22-1,12,-.332,-.047,in,239,unreviewed
22-1,62,+.083,-.095,in,239,unreviewed
22-1,13,-.332,-.142,in,239,unreviewed
22-1,63,+.083,-.190,in,239,unreviewed
22-1,14,-.332,-.237,in,239,unreviewed
22-1,64,+.083,-.285,in,239,unreviewed
22-1,15,-.332,-.332,in,239,unreviewed
22-1,65,+.083,-.380,in,239,unreviewed
22-1,16,-.249,+.380,in,239,unreviewed
22-1,66,+.083,-.475,in,239,unreviewed
22-1,17,-.249,+.285,in,239,unreviewed
22-1,67,+.166,+.428,in,239,unreviewed
22-1,18,-.249,+.190,in,240,unreviewed
22-1,68,+.166,+.333,in,240,unreviewed
22-1,19,-.249,+.095,in,240,unreviewed
22-1,69,+.166,+.238,in,240,unreviewed
22-1,20,-.249,+.000,in,240,unreviewed
22-1,70,+.166,+.143,in,240,unreviewed
22-1,21,-.249,-.095,in,240,unreviewed
22-1,71,+.166,+.048,in,240,unreviewed
22-1,22,-.249,-.190,in,240,unreviewed
22-1,72,+.166,-.047,in,240,unreviewed
22-1,23,-.249,-.285,in,240,unreviewed
22-1,73,+.166,-.142,in,240,unreviewed
22-1,24,-.249,-.380,in,240,unreviewed
22-1,74,+.166,-.237,in,240,unreviewed
22-1,25,-.166,+.428,in,240,unreviewed
22-1,75,+.166,-.332,in,240,unreviewed
22-1,26,-.166,+.333,in,240,unreviewed
22-1,76,+.166,-.427,in,240,unreviewed
22-1,27,-.166,+.238,in,240,unreviewed
22-1,77,+.249,+.380,in,240,unreviewed
22-1,28,-.166,+.143,in,240,unreviewed
22-1,78,+.249,+.285,in,240,unreviewed
22-1,29,-.166,+.048,in,240,unreviewed
22-1,79,+.249,+.190,in,240,unreviewed
22-1,30,-.166,-.047,in,240,unreviewed
22-1,80,+.249,+.095,in,240,unreviewed
22-1,31,-.166,-.142,in,240,unreviewed
22-1,81,+.249,+.000,in,240,unreviewed
22-1,32,-.166,-.237,in,240,unreviewed
22-1,82,+.249,-.095,in,240,unreviewed
22-1,33,-.166,-.332,in,240,unreviewed
22-1,83,+.249,-.190,in,240,unreviewed
22-1,34,-.166,-.427,in,240,unreviewed
22-1,84,+.249,-.285,in,240,unreviewed
22-1,35,-.083,+.475,in,240,unreviewed
22-1,85,+.249,-.380,in,240,unreviewed
22-1,36,-.083,+.380,in,240,unreviewed
22-1,86,+.332,+.333,in,240,unreviewed
22-1,37,-.083,+.285,in,240,unreviewed
22-1,87,+.332,+.238,in,240,unreviewed
22-1,38,-.083,+.190,in,240,unreviewed
22-1,88,+.332,+.143,in,240,unreviewed
22-1,39,-.083,+.095,in,240,unreviewed
22-1,89,+.332,+.048,in,240,unreviewed
22-1,40,-.083,+.000,in,240,unreviewed
22-1,90,+.332,-.047,in,240,unreviewed
22-1,41,-.083,-.095,in,240,unreviewed
22-1,91,+.332,-.142,in,240,unreviewed
22-1,42,-.083,-.190,in,240,unreviewed
22-1,92,+.332,-.237,in,240,unreviewed
22-1,43,-.083,-.285,in,240,unreviewed
22-1,93,+.332,-.332,in,240,unreviewed
22-1,44,-.083,-.380,in,240,unreviewed
22-1,94,+.428,+.241,in,240,unreviewed
22-1,45,-.083,-.475,in,240,unreviewed
22-1,95,+.467,+.154,in,240,unreviewed
22-1,46,+.000,+.428,in,240,unreviewed
22-1,96,+.488,+.061,in,240,unreviewed
22-1,47,+.000,+.333,in,240,unreviewed
22-1,97,+.415,+.000,in,240,unreviewed
22-1,48,+.000,+.238,in,241,unreviewed
22-1,98,+.488,-.061,in,241,unreviewed
22-1,49,+.000,+.143,in,241,unreviewed
22-1,99,+.428,-.142,in,241,unreviewed
22-1,50,+.000,+.048,in,241,unreviewed
22-1,100,+.428,-.237,in,241,unreviewed
22-2,1,-.455,+.159,in,242,unreviewed
22-2,44,+.000,-.106,in,242,unreviewed
22-2,2,-.455,+.053,in,242,unreviewed
22-2,45,+.000,-.212,in,242,unreviewed
22-2,3,-.482,-.053,in,242,unreviewed
22-2,46,+.000,-.318,in,242,unreviewed
22-2,4,-.455,-.159,in,242,unreviewed
22-2,47,+.000,-.424,in,242,unreviewed
22-2,5,-.364,+.318,in,242,unreviewed
22-2,48,+.091,+.477,in,242,unreviewed
22-2,6,-.364,+.212,in,242,unreviewed
22-2,49,+.091,+.371,in,242,unreviewed
22-2,7,-.364,+.106,in,242,unreviewed
22-2,50,+.091,+.265,in,242,unreviewed
22-2,8,-.364,+.000,in,242,unreviewed
22-2,51,+.091,+.159,in,242,unreviewed
22-2,9,-.364,-.106,in,242,unreviewed
22-2,52,+.091,+.053,in,242,unreviewed
22-2,10,-.364,-.212,in,242,unreviewed
22-2,53,+.091,-.053,in,242,unreviewed
22-2,11,-.364,-.318,in,242,unreviewed
22-2,54,+.091,-.159,in,242,unreviewed
22-2,12,-.273,+.371,in,242,unreviewed
22-2,55,+.091,-.265,in,242,unreviewed
22-2,13,-.273,+.265,in,242,unreviewed
22-2,56,+.091,-.371,in,242,unreviewed
22-2,14,-.273,+.159,in,242,unreviewed
22-2,57,+.091,-.477,in,242,unreviewed
22-2,15,-.273,+.053,in,243,unreviewed
22-2,58,+.182,+.424,in,243,unreviewed
22-2,16,-.273,-.053,in,243,unreviewed
22-2,59,+.182,+.318,in,243,unreviewed
22-2,17,-.273,-.159,in,243,unreviewed
22-2,60,+.182,+.212,in,243,unreviewed
22-2,18,-.273,-.265,in,243,unreviewed
22-2,61,+.182,+.106,in,243,unreviewed
22-2,19,-.287,-.390,in,243,unreviewed
22-2,62,+.182,+.000,in,243,unreviewed
22-2,20,-.182,+.424,in,243,unreviewed
22-2,63,+.182,-.106,in,243,unreviewed
22-2,21,-.182,+.318,in,243,unreviewed
22-2,64,+.182,-.212,in,243,unreviewed
22-2,22,-.182,+.212,in,243,unreviewed
22-2,65,+.182,-.318,in,243,unreviewed
22-2,23,-.182,+.106,in,243,unreviewed
22-2,66,+.192,-.446,in,243,unreviewed
22-2,24,-.182,+.000,in,243,unreviewed
22-2,67,+.273,+.371,in,243,unreviewed
22-2,25,-.182,-.106,in,243,unreviewed
22-2,68,+.273,+.265,in,243,unreviewed
22-2,26,-.182,-.212,in,243,unreviewed
22-2,69,+.273,+.159,in,243,unreviewed
22-2,27,-.182,-.318,in,243,unreviewed
22-2,70,+.273,+.053,in,243,unreviewed
22-2,28,-.192,-.446,in,243,unreviewed
22-2,71,+.273,-.053,in,243,unreviewed
22-2,29,-.091,+.477,in,243,unreviewed
22-2,72,+.273,-.159,in,243,unreviewed
22-2,30,-.091,+.371,in,243,unreviewed
22-2,73,+.273,-.265,in,243,unreviewed
22-2,31,-.091,+.265,in,243,unreviewed
22-2,74,+.287,-.390,in,243,unreviewed
22-2,32,-.091,+.159,in,243,unreviewed
22-2,75,+.364,+.318,in,243,unreviewed
22-2,33,-.091,+.053,in,243,unreviewed
22-2,76,+.364,+.212,in,243,unreviewed
22-2,34,-.091,-.053,in,243,unreviewed
22-2,77,+.364,+.106,in,243,unreviewed
22-2,35,-.091,-.159,in,243,unreviewed
22-2,78,+.364,+.000,in,243,unreviewed
22-2,36,-.091,-.265,in,243,unreviewed
22-2,79,+.364,-.106,in,243,unreviewed
22-2,37,-.091,-.371,in,243,unreviewed
22-2,80,+.364,-.212,in,243,unreviewed
22-2,38,-.091,-.477,in,243,unreviewed
22-2,81,+.364,-.318,in,243,unreviewed
22-2,39,+.000,+.424,in,243,unreviewed
22-2,82,+.455,+.159,in,243,unreviewed
22-2,40,+.000,+.318,in,243,unreviewed
22-2,83,+.455,+.053,in,243,unreviewed
22-2,41,+.000,+.212,in,243,unreviewed
22-2,84,+.482,-.053,in,243,unreviewed
22-2,42,+.000,+.106,in,243,unreviewed
22-2,85,+.455,-.159,in,243,unreviewed
22-2,43,+.000,+.000,in,243,unreviewed
22-21,A,+.128,+.385,in,244,unreviewed
22-21,M,-.289,+.285,in,244,unreviewed
22-21,B,+.289,+.285,in,244,unreviewed
22-21,N,-.128,+.385,in,244,unreviewed
22-21,C,+.386,+.123,in,244,unreviewed
22-21,P,+.000,+.245,in,244,unreviewed
22-21,D,+.400,-.065,in,244,unreviewed
22-21,R,+.160,+.146,in,244,unreviewed
22-21,E,+.328,-.239,in,244,unreviewed
22-21,S,+.214,-.035,in,244,unreviewed
22-21,F,+.183,-.362,in,244,unreviewed
22-21,T,+.094,-.194,in,244,unreviewed
22-21,G,+.000,-.406,in,244,unreviewed
22-21,U,-.094,-.194,in,244,unreviewed
22-21,H,-.183,-.362,in,244,unreviewed
22-21,V,-.214,-.035,in,244,unreviewed
22-21,J,-.328,-.239,in,244,unreviewed
22-21,W,-.160,+.146,in,244,unreviewed
22-21,K,-.400,-.065,in,244,unreviewed
22-21,X,+.000,+.000,in,244,unreviewed
22-21,L,-.386,+.123,in,244,unreviewed
22-32,A,+.100,+.450,in,245,unreviewed
22-32,T,+.325,+.025,in,245,unreviewed
22-32,B,+.325,+.325,in,245,unreviewed
22-32,U,+.300,-.125,in,245,unreviewed
22-32,C,+.425,+.150,in,245,unreviewed
22-32,V,+.200,-.250,in,245,unreviewed
22-32,D,+.450,-.075,in,245,unreviewed
22-32,W,+.000,-.300,in,245,unreviewed
22-32,E,+.375,-.275,in,245,unreviewed
22-32,X,-.200,-.250,in,245,unreviewed
22-32,F,+.200,-.400,in,245,unreviewed
22-32,Y,-.300,-.125,in,245,unreviewed
22-32,G,+.000,-.450,in,245,unreviewed
22-32,Z,-.325,+.025,in,245,unreviewed
22-32,H,-.200,-.400,in,245,unreviewed
22-32,a,-.250,+.175,in,245,unreviewed
22-32,J,-.375,-.275,in,245,unreviewed
22-32,b,-.150,+.300,in,245,unreviewed
22-32,K,-.450,-.075,in,245,unreviewed
22-32,c,+.100,+.150,in,245,unreviewed
22-32,L,-.425,+.150,in,245,unreviewed
22-32,d,+.150,+.000,in,245,unreviewed
22-32,M,-.325,+.325,in,245,unreviewed
22-32,e,+.075,-.150,in,245,unreviewed
22-32,N,-.100,+.450,in,245,unreviewed
22-32,f,-.075,-.150,in,245,unreviewed
22-32,P,+.000,+.325,in,245,unreviewed
22-32,g,-.150,+.000,in,245,unreviewed
22-32,R,+.150,+.300,in,245,unreviewed
22-32,h,-.100,+.150,in,245,unreviewed
22-32,S,+.250,+.175,in,245,unreviewed
22-32,J,+.000,+.000,in,245,unreviewed
22-34,A,+.000,+.450,in,246,unreviewed
22-34,U,+.000,+.300,in,246,unreviewed
22-34,B,+.175,+.425,in,246,unreviewed
22-34,V,+.200,+.225,in,246,unreviewed
22-34,C,+.325,+.325,in,246,unreviewed
22-34,W,+.300,+.050,in,246,unreviewed
22-34,D,+.425,+.175,in,246,unreviewed
22-34,X,+.300,-.100,in,246,unreviewed
22-34,E,+.450,+.025,in,246,unreviewed
22-34,Y,+.150,-.250,in,246,unreviewed
22-34,F,+.450,-.125,in,246,unreviewed
22-34,Z,+.000,-.300,in,246,unreviewed
22-34,G,+.375,-.275,in,246,unreviewed
22-34,a,-.150,-.250,in,246,unreviewed
22-34,H,+.250,-.375,in,246,unreviewed
22-34,b,-.300,-.100,in,246,unreviewed
22-34,J,+.100,-.450,in,246,unreviewed
22-34,c,-.300,+.050,in,246,unreviewed
22-34,K,-.100,-.450,in,246,unreviewed
22-34,d,-.200,+.225,in,246,unreviewed
22-34,L,-.250,-.375,in,246,unreviewed
22-34,e,+.000,+.150,in,246,unreviewed
22-34,M,-.375,-.275,in,246,unreviewed
22-34,f,+.150,+.050,in,246,unreviewed
22-34,N,-.450,-.125,in,246,unreviewed
22-34,g,+.150,-.100,in,246,unreviewed
22-34,P,-.450,+.025,in,246,unreviewed
22-34,h,+.000,-.150,in,246,unreviewed
22-34,R,-.425,+.175,in,247,unreviewed
22-34,J,-.150,-.100,in,247,unreviewed
22-34,S,-.325,+.325,in,247,unreviewed
22-34,k,-.150,+.050,in,247,unreviewed
22-34,T,-.175,+.425,in,247,unreviewed
22-34,l,+.000,+.000,in,247,unreviewed
22-35,1,-.428,+.241,in,248,unreviewed
22-35,51,+.000,-.047,in,248,unreviewed
22-35,2,-.467,+.154,in,248,unreviewed
22-35,52,+.000,-.142,in,248,unreviewed
22-35,3,-.488,+.061,in,248,unreviewed
22-35,53,+.000,-.237,in,248,unreviewed
22-35,4,-.415,+.000,in,248,unreviewed
22-35,54,+.000,-.332,in,248,unreviewed
22-35,5,-.488,-.061,in,248,unreviewed
22-35,55,+.000,-.427,in,248,unreviewed
22-35,6,-.428,-.142,in,248,unreviewed
22-35,56,+.083,+.475,in,248,unreviewed
22-35,7,-.428,-.237,in,248,unreviewed
22-35,57,+.083,+.380,in,248,unreviewed
22-35,8,-.332,+.333,in,248,unreviewed
22-35,58,+.083,+.285,in,248,unreviewed
22-35,9,-.332,+.238,in,248,unreviewed
22-35,59,+.083,+.190,in,248,unreviewed
22-35,10,-.332,+.143,in,248,unreviewed
22-35,60,+.083,+.095,in,248,unreviewed
22-35,11,-.332,+.048,in,248,unreviewed
22-35,61,+.083,+.000,in,248,unreviewed
22-35,12,-.332,-.047,in,248,unreviewed
22-35,62,+.083,-.095,in,248,unreviewed
22-35,13,-.332,-.142,in,248,unreviewed
22-35,63,+.083,-.190,in,248,unreviewed
22-35,14,-.332,-.237,in,248,unreviewed
22-35,64,+.083,-.285,in,248,unreviewed
22-35,15,-.332,-.332,in,248,unreviewed
22-35,65,+.083,-.380,in,248,unreviewed
22-35,16,-.249,+.380,in,248,unreviewed
22-35,66,+.083,-.475,in,248,unreviewed
22-35,17,-.249,+.285,in,249,unreviewed
22-35,67,+.166,+.428,in,249,unreviewed
22-35,18,-.249,+.190,in,249,unreviewed
22-35,68,+.166,+.333,in,249,unreviewed
22-35,19,-.249,+.095,in,249,unreviewed
22-35,69,+.166,+.238,in,249,unreviewed
22-35,20,-.249,+.000,in,249,unreviewed
22-35,70,+.166,+.143,in,249,unreviewed
22-35,21,-.249,-.095,in,249,unreviewed
22-35,71,+.166,+.048,in,249,unreviewed
22-35,22,-.249,-.190,in,249,unreviewed
22-35,72,+.166,-.047,in,249,unreviewed
22-35,23,-.249,-.285,in,249,unreviewed
22-35,73,+.166,-.142,in,249,unreviewed
22-35,24,-.249,-.380,in,249,unreviewed
22-35,74,+.166,-.237,in,249,unreviewed
22-35,25,-.166,+.428,in,249,unreviewed
22-35,75,+.166,-.332,in,249,unreviewed
22-35,26,-.166,+.333,in,249,unreviewed
22-35,76,+.166,-.427,in,249,unreviewed
22-35,27,-.166,+.238,in,249,unreviewed
22-35,77,+.249,+.380,in,249,unreviewed
22-35,28,-.166,+.143,in,249,unreviewed
22-35,78,+.249,+.285,in,249,unreviewed
22-35,29,-.166,+.048,in,249,unreviewed
22-35,79,+.249,+.190,in,249,unreviewed
22-35,30,-.166,-.047,in,249,unreviewed
22-35,80,+.249,+.095,in,249,unreviewed
22-35,31,-.166,-.142,in,249,unreviewed
22-35,81,+.249,+.000,in,249,unreviewed
22-35,32,-.166,-.237,in,249,unreviewed
22-35,82,+.249,-.095,in,249,unreviewed
22-35,33,-.166,-.332,in,249,unreviewed
22-35,83,+.249,-.190,in,249,unreviewed
22-35,34,-.166,-.427,in,249,unreviewed
22-35,84,+.249,-.285,in,249,unreviewed
22-35,35,-.083,+.475,in,249,unreviewed
22-35,85,+.249,-.380,in,249,unreviewed
22-35,36,-.083,+.380,in,249,unreviewed
22-35,86,+.332,+.333,in,249,unreviewed
22-35,37,-.083,+.285,in,249,unreviewed
22-35,87,+.332,+.238,in,249,unreviewed
22-35,38,-.083,+.190,in,249,unreviewed
22-35,88,+.332,+.143,in,249,unreviewed
22-35,39,-.083,+.095,in,249,unreviewed
22-35,89,+.332,+.048,in,249,unreviewed
22-35,40,-.083,+.000,in,249,unreviewed
22-35,90,+.332,-.047,in,249,unreviewed
22-35,41,-.083,-.095,in,249,unreviewed
22-35,91,+.332,-.142,in,249,unreviewed
22-35,42,-.083,-.190,in,249,unreviewed
22-35,92,+.332,-.237,in,249,unreviewed
22-35,43,-.083,-.285,in,249,unreviewed
22-35,93,+.332,-.332,in,249,unreviewed
22-35,44,-.083,-.380,in,249,unreviewed
22-35,94,+.428,+.241,in,249,unreviewed
22-35,45,-.083,-.475,in,249,unreviewed
22-35,95,+.467,+.154,in,249,unreviewed
22-35,46,+.000,+.428,in,249,unreviewed
22-35,96,+.488,+.061,in,249,unreviewed
22-35,47,+.000,+.333,in,249,unreviewed
22-35,97,+.415,+.000,in,249,unreviewed
22-35,48,+.000,+.238,in,250,unreviewed
22-35,98,+.488,-.061,in,250,unreviewed
22-35,49,+.000,+.143,in,250,unreviewed
22-35,99,+.428,-.142,in,250,unreviewed
22-35,50,+.000,+.048,in,250,unreviewed
22-35,100,+.428,-.237,in,250,unreviewed
22-36,A,+.100,+.450,in,251,unreviewed
22-36,V,+.150,+.275,in,251,unreviewed
22-36,B,+.250,+.400,in,251,unreviewed
22-36,W,+.300,+.125,in,251,unreviewed
22-36,C,+.350,+.275,in,251,unreviewed
22-36,X,+.300,-.025,in,251,unreviewed
22-36,D,+.450,+.100,in,251,unreviewed
22-36,Y,+.275,-.175,in,251,unreviewed
22-36,E,+.450,-.050,in,251,unreviewed
22-36,Z,+.150,-.275,in,251,unreviewed
22-36,F,+.425,-.200,in,251,unreviewed
22-36,a,+.000,-.300,in,251,unreviewed
22-36,G,+.300,-.350,in,251,unreviewed
22-36,b,-.150,-.275,in,251,unreviewed
22-36,H,+.150,-.425,in,251,unreviewed
22-36,c,-.275,-.175,in,251,unreviewed
22-36,J,+.000,-.450,in,251,unreviewed
22-36,d,-.300,-.025,in,251,unreviewed
22-36,K,-.150,-.425,in,251,unreviewed
22-36,e,-.300,+.125,in,251,unreviewed
22-36,L,-.300,-.350,in,251,unreviewed
22-36,f,-.150,+.275,in,251,unreviewed
22-36,M,-.425,-.200,in,251,unreviewed
22-36,g,+.000,+.150,in,251,unreviewed
22-36,N,-.450,-.050,in,251,unreviewed
22-36,h,+.150,+.125,in,251,unreviewed
22-36,P,-.450,+.100,in,251,unreviewed
22-36,J,+.150,-.025,in,251,unreviewed
22-36,R,-.350,+.275,in,251,unreviewed
22-36,k,+.000,-.150,in,251,unreviewed
22-36,S,-.250,+.400,in,252,unreviewed
22-36,l,-.150,-.025,in,252,unreviewed
22-36,T,-.100,+.450,in,252,unreviewed
22-36,m,-.150,+.125,in,252,unreviewed
22-36,U,+.000,+.325,in,252,unreviewed
22-36,n,+.000,+.000,in,252,unreviewed
22-53,A,+.112,+.455,in,253,unreviewed
22-53,e,-.225,-.260,in,253,unreviewed
22-53,B,+.225,+.390,in,253,unreviewed
22-53,f,-.336,-.195,in,253,unreviewed
22-53,C,+.336,+.325,in,253,unreviewed
22-53,g,-.336,-.065,in,253,unreviewed
22-53,D,+.450,+.130,in,253,unreviewed
22-53,h,-.336,+.065,in,253,unreviewed
22-53,E,+.450,+.000,in,253,unreviewed
22-53,k,-.336,+.195,in,253,unreviewed
22-53,F,+.450,-.130,in,253,unreviewed
22-53,m,-.225,+.260,in,253,unreviewed
22-53,G,+.336,-.325,in,253,unreviewed
22-53,n,-.112,+.325,in,253,unreviewed
22-53,H,+.225,-.410,in,253,unreviewed
22-53,p,+.000,+.260,in,253,unreviewed
22-53,J,-.225,-.410,in,253,unreviewed
22-53,q,+.112,+.195,in,253,unreviewed
22-53,K,-.336,-.325,in,253,unreviewed
22-53,r,+.225,+.130,in,253,unreviewed
22-53,L,-.450,-.130,in,253,unreviewed
22-53,s,+.225,+.000,in,253,unreviewed
22-53,M,-.450,+.000,in,253,unreviewed
22-53,t,+.225,-.130,in,253,unreviewed
22-53,N,-.450,+.130,in,253,unreviewed
22-53,u,+.112,-.195,in,253,unreviewed
22-53,P,-.336,+.325,in,253,unreviewed
22-53,v,+.000,-.260,in,253,unreviewed
22-53,R,-.225,+.390,in,253,unreviewed
22-53,w,-.112,-.195,in,253,unreviewed
22-53,S,-.112,+.455,in,253,unreviewed
22-53,x,-.225,-.130,in,253,unreviewed
22-53,T,+.000,+.390,in,254,unreviewed
22-53,y,-.225,+.000,in,254,unreviewed
22-53,U,+.112,+.325,in,254,unreviewed
22-53,z,-.225,+.130,in,254,unreviewed
22-53,V,+.225,+.260,in,254,unreviewed
22-53,W,+.336,+.195,in,254,unreviewed
22-53,X,+.336,+.065,in,254,unreviewed
22-53,Y,+.336,-.065,in,254,unreviewed
22-53,Z,+.336,-.195,in,254,unreviewed
22-53,a,+.225,-.260,in,254,unreviewed
22-53,b,+.112,-.325,in,254,unreviewed
22-53,c,+.000,-.390,in,254,unreviewed
22-53,d,-.112,-.325,in,254,unreviewed
22-55,A,+.112,+.455,in,255,unreviewed
22-55,f,-.112,-.325,in,255,unreviewed
22-55,B,+.225,+.390,in,255,unreviewed
22-55,g,-.225,-.260,in,255,unreviewed
22-55,C,+.336,+.325,in,255,unreviewed
22-55,h,-.336,-.195,in,255,unreviewed
22-55,D,+.450,+.130,in,255,unreviewed
22-55,i,-.336,-.065,in,255,unreviewed
22-55,E,+.450,+.000,in,255,unreviewed
22-55,J,-.336,+.065,in,255,unreviewed
22-55,F,+.450,-.130,in,255,unreviewed
22-55,k,-.336,+.195,in,255,unreviewed
22-55,G,+.336,-.325,in,255,unreviewed
22-55,m,-.225,+.260,in,255,unreviewed
22-55,H,+.225,-.390,in,255,unreviewed
22-55,n,-.112,+.325,in,255,unreviewed
22-55,J,+.112,-.455,in,255,unreviewed
22-55,p,+.000,+.260,in,255,unreviewed
22-55,K,-.112,-.455,in,255,unreviewed
22-55,q,+.112,+.195,in,255,unreviewed
22-55,L,-.225,-.390,in,255,unreviewed
22-55,r,+.225,+.130,in,255,unreviewed
22-55,M,-.336,-.325,in,255,unreviewed
22-55,s,+.225,+.000,in,255,unreviewed
22-55,N,-.450,-.130,in,255,unreviewed
22-55,t,+.225,-.130,in,255,unreviewed
22-55,P,-.450,+.000,in,255,unreviewed
22-55,u,+.112,-.195,in,255,unreviewed
22-55,R,-.450,+.130,in,255,unreviewed
22-55,v,+.000,-.260,in,255,unreviewed
22-55,S,-.336,+.325,in,255,unreviewed
22-55,w,-.112,-.195,in,255,unreviewed
22-55,T,-.225,+.390,in,255,unreviewed
22-55,x,-.225,-.130,in,255,unreviewed
22-55,U,-.112,+.455,in,255,unreviewed
22-55,y,-.225,+.000,in,255,unreviewed
22-55,V,+.000,+.390,in,256,unreviewed
22-55,z,-.225,+.130,in,256,unreviewed
22-55,W,+.112,+.325,in,256,unreviewed
22-55,X,+.225,+.260,in,256,unreviewed
22-55,Y,+.336,+.195,in,256,unreviewed
22-55,Z,+.336,+.065,in,256,unreviewed
22-55,a,+.336,-.065,in,256,unreviewed
22-55,b,+.336,-.195,in,256,unreviewed
22-55,c,+.225,-.260,in,256,unreviewed
22-55,d,+.112,-.325,in,256,unreviewed
22-55,e,+.000,-.390,in,256,unreviewed
22-97,A,+.000,+.344,in,257,unreviewed
22-97,J,-.328,-.239,in,257,unreviewed
22-97,B,+.210,+.270,in,257,unreviewed
22-97,K,-.400,-.065,in,257,unreviewed
22-97,C,+.386,+.123,in,257,unreviewed
22-97,L,-.386,+.123,in,257,unreviewed
22-97,D,+.400,-.065,in,257,unreviewed
22-97,M,-.210,+.270,in,257,unreviewed
22-97,E,+.328,-.239,in,257,unreviewed
22-97,N,+.000,+.156,in,257,unreviewed
22-97,F,+.183,-.362,in,257,unreviewed
22-97,P,+.120,-.030,in,257,unreviewed
22-97,G,+.000,-.406,in,257,unreviewed
22-97,R,+.000,-.218,in,257,unreviewed
22-97,H,-.183,-.362,in,257,unreviewed
22-97,S,-.120,-.030,in,257,unreviewed
22-99,A,+.000,+.404,in,258,unreviewed
22-99,G,-.404,+.000,in,258,unreviewed
22-99,B,+.300,+.270,in,258,unreviewed
22-99,H,-.300,+.270,in,258,unreviewed
22-99,C,+.404,+.000,in,258,unreviewed
22-99,J,+.120,+.150,in,258,unreviewed
22-99,D,+.240,-.210,in,258,unreviewed
22-99,K,+.000,-.060,in,258,unreviewed
22-99,E,+.000,-.300,in,258,unreviewed
22-99,L,-.120,+.150,in,258,unreviewed
22-99,F,-.240,-.210,in,258,unreviewed
24-1,1,-.479,+.279,in,259,unreviewed
24-1,65,+.000,-.047,in,259,unreviewed
24-1,2,-.520,+.190,in,259,unreviewed
24-1,66,+.000,-.142,in,259,unreviewed
24-1,3,-.546,+.095,in,259,unreviewed
24-1,67,+.000,-.237,in,259,unreviewed
24-1,4,-.555,+.000,in,259,unreviewed
24-1,68,+.000,-.332,in,259,unreviewed
24-1,5,-.546,-.095,in,259,unreviewed
24-1,69,+.000,-.427,in,259,unreviewed
24-1,6,-.520,-.190,in,259,unreviewed
24-1,70,+.000,-.555,in,259,unreviewed
24-1,7,-.479,-.279,in,259,unreviewed
24-1,71,+.083,+.475,in,259,unreviewed
24-1,8,-.424,+.357,in,259,unreviewed
24-1,72,+.083,+.380,in,259,unreviewed
24-1,9,-.415,+.190,in,259,unreviewed
24-1,73,+.083,+.285,in,259,unreviewed
24-1,10,-.415,+.095,in,259,unreviewed
24-1,74,+.083,+.190,in,259,unreviewed
24-1,11,-.415,+.000,in,259,unreviewed
24-1,75,+.083,+.095,in,259,unreviewed
24-1,12,-.415,-.095,in,259,unreviewed
24-1,76,+.083,+.000,in,259,unreviewed
24-1,13,-.415,-.190,in,259,unreviewed
24-1,77,+.083,-.095,in,259,unreviewed
24-1,14,-.424,-.357,in,259,unreviewed
24-1,78,+.083,-.190,in,259,unreviewed
24-1,15,-.332,+.444,in,259,unreviewed
24-1,79,+.083,-.285,in,259,unreviewed
24-1,16,-.332,+.332,in,259,unreviewed
24-1,80,+.083,-.380,in,259,unreviewed
24-1,17,-.332,+.237,in,260,unreviewed
24-1,81,+.083,-.475,in,260,unreviewed
24-1,18,-.332,+.142,in,260,unreviewed
24-1,82,+.160,+.531,in,260,unreviewed
24-1,19,-.332,+.047,in,260,unreviewed
24-1,83,+.166,+.427,in,260,unreviewed
24-1,20,-.332,-.047,in,260,unreviewed
24-1,84,+.166,+.332,in,260,unreviewed
24-1,21,-.332,-.142,in,260,unreviewed
24-1,85,+.166,+.237,in,260,unreviewed
24-1,22,-.332,-.237,in,260,unreviewed
24-1,86,+.166,+.142,in,260,unreviewed
24-1,23,-.332,-.332,in,260,unreviewed
24-1,87,+.166,+.047,in,260,unreviewed
24-1,24,-.332,-.427,in,260,unreviewed
24-1,88,+.166,-.047,in,260,unreviewed
24-1,25,-.249,+.496,in,260,unreviewed
24-1,89,+.166,-.142,in,260,unreviewed
24-1,26,-.249,+.380,in,260,unreviewed
24-1,90,+.166,-.237,in,260,unreviewed
24-1,27,-.249,+.285,in,260,unreviewed
24-1,91,+.166,-.332,in,260,unreviewed
24-1,28,-.249,+.190,in,260,unreviewed
24-1,92,+.166,-.427,in,260,unreviewed
24-1,29,-.249,+.095,in,260,unreviewed
24-1,93,+.166,-.522,in,260,unreviewed
24-1,30,-.249,+.000,in,260,unreviewed
24-1,94,+.249,+.496,in,260,unreviewed
24-1,31,-.249,-.095,in,260,unreviewed
24-1,95,+.249,+.380,in,260,unreviewed
24-1,32,-.249,-.190,in,260,unreviewed
24-1,96,+.249,+.285,in,260,unreviewed
24-1,33,-.249,-.285,in,260,unreviewed
24-1,97,+.249,+.190,in,260,unreviewed
24-1,34,-.249,-.380,in,260,unreviewed
24-1,98,+.249,+.095,in,260,unreviewed
24-1,35,-.249,-.475,in,260,unreviewed
24-1,99,+.249,+.000,in,260,unreviewed
24-1,36,-.160,+.531,in,260,unreviewed
24-1,100,+.249,-.095,in,260,unreviewed
24-1,37,-.166,+.427,in,260,unreviewed
24-1,101,+.249,-.190,in,260,unreviewed
24-1,38,-.166,+.332,in,260,unreviewed
24-1,102,+.249,-.285,in,260,unreviewed
24-1,39,-.166,+.237,in,260,unreviewed
24-1,103,+.249,-.380,in,260,unreviewed
24-1,40,-.166,+.142,in,260,unreviewed
24-1,104,+.249,-.475,in,260,unreviewed
24-1,41,-.166,+.047,in,260,unreviewed
24-1,105,+.332,+.444,in,260,unreviewed
24-1,42,-.166,-.047,in,260,unreviewed
24-1,106,+.332,+.332,in,260,unreviewed
24-1,43,-.166,-.142,in,260,unreviewed
24-1,107,+.332,+.237,in,260,unreviewed
24-1,44,-.166,-.237,in,260,unreviewed
24-1,108,+.332,+.142,in,260,unreviewed
24-1,45,-.166,-.332,in,260,unreviewed
24-1,109,+.332,+.047,in,260,unreviewed
24-1,46,-.166,-.427,in,260,unreviewed
24-1,110,+.332,-.047,in,260,unreviewed
24-1,47,-.166,-.522,in,260,unreviewed
24-1,111,+.332,-.142,in,260,unreviewed
24-1,48,-.083,+.475,in,260,unreviewed
24-1,112,+.332,-.237,in,260,unreviewed
24-1,49,-.083,+.380,in,260,unreviewed
24-1,113,+.332,-.332,in,260,unreviewed
24-1,50,-.083,+.285,in,260,unreviewed
24-1,114,+.332,-.427,in,260,unreviewed
24-1,51,-.083,+.190,in,261,unreviewed
24-1,115,+.424,+.357,in,261,unreviewed
24-1,52,-.083,+.095,in,261,unreviewed
24-1,116,+.415,+.190,in,261,unreviewed
24-1,53,-.083,+.000,in,261,unreviewed
24-1,117,+.415,+.095,in,261,unreviewed
24-1,54,-.083,-.095,in,261,unreviewed
24-1,118,+.415,+.000,in,261,unreviewed
24-1,55,-.083,-.190,in,261,unreviewed
24-1,119,+.415,-.095,in,261,unreviewed
24-1,56,-.083,-.285,in,261,unreviewed
24-1,120,+.415,-.190,in,261,unreviewed
24-1,57,-.083,-.380,in,261,unreviewed
24-1,121,+.424,-.357,in,261,unreviewed
24-1,58,-.083,-.475,in,261,unreviewed
24-1,122,+.479,+.279,in,261,unreviewed
24-1,59,+.000,+.522,in,261,unreviewed
24-1,123,+.520,+.190,in,261,unreviewed
24-1,60,+.000,+.427,in,261,unreviewed
24-1,124,+.546,+.095,in,261,unreviewed
24-1,61,+.000,+.332,in,261,unreviewed
24-1,125,+.555,+.000,in,261,unreviewed
24-1,62,+.000,+.237,in,261,unreviewed
24-1,126,+.546,-.095,in,261,unreviewed
24-1,63,+.000,+.142,in,261,unreviewed
24-1,127,+.520,-.190,in,261,unreviewed
24-1,64,+.000,+.047,in,261,unreviewed
24-1,128,+.479,-.279,in,261,unreviewed
24-2,1,-.550,+.039,in,262,unreviewed
24-2,51,+.053,+.502,in,262,unreviewed
24-2,2,-.550,-.068,in,262,unreviewed
24-2,52,+.053,+.397,in,262,unreviewed
24-2,3,-.459,+.253,in,262,unreviewed
24-2,53,+.053,+.292,in,262,unreviewed
24-2,4,-.523,+.175,in,262,unreviewed
24-2,54,+.053,+.187,in,262,unreviewed
24-2,5,-.459,+.092,in,262,unreviewed
24-2,55,+.053,+.082,in,262,unreviewed
24-2,6,-.459,-.014,in,262,unreviewed
24-2,56,+.053,-.023,in,262,unreviewed
24-2,7,-.459,-.122,in,262,unreviewed
24-2,57,+.053,-.128,in,262,unreviewed
24-2,8,-.509,-.215,in,262,unreviewed
24-2,58,+.053,-.233,in,262,unreviewed
24-2,9,-.459,-.307,in,262,unreviewed
24-2,59,+.053,-.338,in,262,unreviewed
24-2,10,-.354,+.420,in,262,unreviewed
24-2,60,+.053,-.443,in,262,unreviewed
24-2,11,-.354,+.315,in,262,unreviewed
24-2,61,+.053,-.548,in,262,unreviewed
24-2,12,-.354,+.210,in,262,unreviewed
24-2,62,+.154,+.525,in,262,unreviewed
24-2,13,-.354,+.105,in,262,unreviewed
24-2,63,+.154,+.420,in,262,unreviewed
24-2,14,-.354,+.000,in,262,unreviewed
24-2,64,+.154,+.315,in,262,unreviewed
24-2,15,-.354,-.105,in,263,unreviewed
24-2,65,+.154,+.210,in,263,unreviewed
24-2,16,-.354,-.210,in,263,unreviewed
24-2,66,+.154,+.105,in,263,unreviewed
24-2,17,-.354,-.315,in,263,unreviewed
24-2,67,+.154,+.000,in,263,unreviewed
24-2,18,-.354,-.420,in,263,unreviewed
24-2,68,+.154,-.105,in,263,unreviewed
24-2,19,-.255,+.457,in,263,unreviewed
24-2,69,+.154,-.210,in,263,unreviewed
24-2,20,-.255,+.352,in,263,unreviewed
24-2,70,+.154,-.315,in,263,unreviewed
24-2,21,-.255,+.247,in,263,unreviewed
24-2,71,+.154,-.420,in,263,unreviewed
24-2,22,-.255,+.142,in,263,unreviewed
24-2,72,+.154,-.525,in,263,unreviewed
24-2,23,-.255,+.037,in,263,unreviewed
24-2,73,+.255,+.457,in,263,unreviewed
24-2,24,-.255,-.068,in,263,unreviewed
24-2,74,+.255,+.352,in,263,unreviewed
24-2,25,-.255,-.173,in,263,unreviewed
24-2,75,+.255,+.247,in,263,unreviewed
24-2,26,-.255,-.278,in,263,unreviewed
24-2,76,+.255,+.142,in,263,unreviewed
24-2,27,-.255,-.383,in,263,unreviewed
24-2,77,+.255,+.037,in,263,unreviewed
24-2,28,-.255,-.488,in,263,unreviewed
24-2,78,+.255,-.068,in,263,unreviewed
24-2,29,-.154,+.525,in,263,unreviewed
24-2,79,+.255,-.173,in,263,unreviewed
24-2,30,-.154,+.420,in,263,unreviewed
24-2,80,+.255,-.278,in,263,unreviewed
24-2,31,-.154,+.315,in,263,unreviewed
24-2,81,+.255,-.383,in,263,unreviewed
24-2,32,-.154,+.210,in,263,unreviewed
24-2,82,+.255,-.488,in,263,unreviewed
24-2,33,-.154,+.105,in,263,unreviewed
24-2,83,+.354,+.420,in,263,unreviewed
24-2,34,-.154,+.000,in,263,unreviewed
24-2,84,+.354,+.315,in,263,unreviewed
24-2,35,-.154,-.105,in,263,unreviewed
24-2,85,+.354,+.210,in,263,unreviewed
24-2,36,-.154,-.210,in,263,unreviewed
24-2,86,+.354,+.105,in,263,unreviewed
24-2,37,-.154,-.315,in,263,unreviewed
24-2,87,+.354,+.000,in,263,unreviewed
24-2,38,-.154,-.420,in,263,unreviewed
24-2,88,+.354,-.105,in,263,unreviewed
24-2,39,-.154,-.525,in,263,unreviewed
24-2,89,+.354,-.210,in,263,unreviewed
24-2,40,-.053,+.502,in,263,unreviewed
24-2,90,+.354,-.315,in,263,unreviewed
24-2,41,-.053,+.397,in,263,unreviewed
24-2,91,+.354,-.420,in,263,unreviewed
24-2,42,-.053,+.292,in,263,unreviewed
24-2,92,+.459,+.253,in,263,unreviewed
24-2,43,-.053,+.187,in,263,unreviewed
24-2,93,+.523,+.175,in,263,unreviewed
24-2,44,-.053,+.082,in,263,unreviewed
24-2,94,+.459,+.092,in,263,unreviewed
24-2,45,-.053,-.023,in,264,unreviewed
24-2,95,+.459,-.014,in,264,unreviewed
24-2,46,-.053,-.128,in,264,unreviewed
24-2,96,+.459,-.122,in,264,unreviewed
24-2,47,-.053,-.233,in,264,unreviewed
24-2,97,+.509,-.215,in,264,unreviewed
24-2,48,-.053,-.338,in,264,unreviewed
24-2,98,+.459,-.307,in,264,unreviewed
24-2,49,-.053,-.443,in,264,unreviewed
24-2,99,+.550,+.039,in,264,unreviewed
24-2,50,-.053,-.548,in,264,unreviewed
24-2,100,+.550,-.068,in,264,unreviewed
24-4,A,+.069,+.531,in,265,unreviewed
24-4,f,+.412,+.000,in,265,unreviewed
24-4,B,+.203,+.495,in,265,unreviewed
24-4,g,+.377,-.132,in,265,unreviewed
24-4,C,+.324,+.425,in,265,unreviewed
24-4,h,+.311,-.251,in,265,unreviewed
24-4,D,+.424,+.326,in,265,unreviewed
24-4,k,+.212,-.344,in,265,unreviewed
24-4,E,+.493,+.205,in,265,unreviewed
24-4,m,+.086,-.397,in,265,unreviewed
24-4,F,+.531,+.069,in,265,unreviewed
24-4,n,-.086,-.397,in,265,unreviewed
24-4,G,+.531,-.069,in,265,unreviewed
24-4,p,-.212,-.344,in,265,unreviewed
24-4,H,+.493,-.205,in,265,unreviewed
24-4,q,-.311,-.251,in,265,unreviewed
24-4,J,+.424,-.326,in,265,unreviewed
24-4,r,-.377,-.132,in,265,unreviewed
24-4,K,+.324,-.425,in,265,unreviewed
24-4,s,-.412,+.000,in,265,unreviewed
24-4,L,+.203,-.495,in,265,unreviewed
24-4,t,-.377,+.132,in,265,unreviewed
24-4,M,+.069,-.531,in,265,unreviewed
24-4,u,-.311,+.251,in,265,unreviewed
24-4,N,-.069,-.531,in,265,unreviewed
24-4,v,-.212,+.344,in,265,unreviewed
24-4,P,-.203,-.495,in,265,unreviewed
24-4,w,-.086,+.397,in,265,unreviewed
24-4,R,-.324,-.425,in,265,unreviewed
24-4,x,+.069,+.263,in,265,unreviewed
24-4,S,-.424,-.326,in,265,unreviewed
24-4,y,+.172,+.149,in,265,unreviewed
24-4,T,-.493,-.205,in,265,unreviewed
24-4,z,+.258,+.000,in,265,unreviewed
24-4,U,-.531,-.069,in,265,unreviewed
24-4,V,-.531,+.069,in,265,unreviewed
24-4,W,-.493,+.205,in,266,unreviewed
24-4,X,-.424,+.326,in,266,unreviewed
24-4,Y,-.324,+.425,in,266,unreviewed
24-4,Z,-.203,+.495,in,266,unreviewed
24-4,a,-.069,+.531,in,266,unreviewed
24-4,b,+.086,+.397,in,266,unreviewed
24-4,c,+.212,+.344,in,266,unreviewed
24-4,d,+.311,+.251,in,266,unreviewed
24-4,e,+.377,+.132,in,266,unreviewed
24-19,A,+.000,+.409,in,267,unreviewed
24-19,L,-.354,+.205,in,267,unreviewed
24-19,B,+.236,+.409,in,267,unreviewed
24-19,M,-.236,+.409,in,267,unreviewed
24-19,C,+.354,+.205,in,267,unreviewed
24-19,N,-.118,+.205,in,267,unreviewed
24-19,D,+.472,+.000,in,267,unreviewed
24-19,P,+.118,+.205,in,267,unreviewed
24-19,E,+.354,-.205,in,267,unreviewed
24-19,R,+.236,+.000,in,267,unreviewed
24-19,F,+.236,-.409,in,267,unreviewed
24-19,S,+.118,-.205,in,267,unreviewed
24-19,G,+.000,-.409,in,267,unreviewed
24-19,T,-.118,-.205,in,267,unreviewed
24-19,H,-.236,-.409,in,267,unreviewed
24-19,U,-.236,+.000,in,267,unreviewed
24-19,J,-.354,-.205,in,267,unreviewed
24-19,V,+.000,+.000,in,267,unreviewed
24-19,K,-.472,+.000,in,267,unreviewed
24-24,A,+.000,+.472,in,268,unreviewed
24-24,N,-.403,+.298,in,268,unreviewed
24-24,B,+.230,+.410,in,268,unreviewed
24-24,P,-.230,+.410,in,268,unreviewed
24-24,C,+.403,+.298,in,268,unreviewed
24-24,R,+.000,+.234,in,268,unreviewed
24-24,D,+.461,+.100,in,268,unreviewed
24-24,S,+.230,+.172,in,268,unreviewed
24-24,E,+.413,-.134,in,268,unreviewed
24-24,T,+.186,-.062,in,268,unreviewed
24-24,F,+.370,-.336,in,268,unreviewed
24-24,U,+.211,-.267,in,268,unreviewed
24-24,G,+.230,-.441,in,268,unreviewed
24-24,V,+.000,-.323,in,268,unreviewed
24-24,H,+.000,-.495,in,268,unreviewed
24-24,W,-.211,-.267,in,268,unreviewed
24-24,J,-.230,-.441,in,268,unreviewed
24-24,X,-.186,-.062,in,268,unreviewed
24-24,K,-.370,-.336,in,268,unreviewed
24-24,Y,-.230,+.172,in,268,unreviewed
24-24,L,-.413,-.134,in,268,unreviewed
24-24,Z,+.000,+.028,in,268,unreviewed
24-24,M,-.461,+.100,in,268,unreviewed
24-24,a,+.000,-.151,in,268,unreviewed
24-29,A,+.000,+.481,in,269,unreviewed
24-29,S,-.091,+.321,in,269,unreviewed
24-29,B,+.258,+.406,in,269,unreviewed
24-29,T,+.091,+.321,in,269,unreviewed
24-29,C,+.395,+.277,in,269,unreviewed
24-29,U,+.228,+.194,in,269,unreviewed
24-29,D,+.469,+.109,in,269,unreviewed
24-29,V,+.319,+.000,in,269,unreviewed
24-29,E,+.469,-.109,in,269,unreviewed
24-29,W,+.240,-.181,in,269,unreviewed
24-29,F,+.395,-.277,in,269,unreviewed
24-29,X,+.091,-.290,in,269,unreviewed
24-29,G,+.263,-.406,in,269,unreviewed
24-29,Y,-.091,-.290,in,269,unreviewed
24-29,H,+.091,-.472,in,269,unreviewed
24-29,Z,-.240,-.181,in,269,unreviewed
24-29,J,-.091,-.472,in,269,unreviewed
24-29,a,-.319,+.000,in,269,unreviewed
24-29,K,-.263,-.406,in,269,unreviewed
24-29,b,-.228,+.194,in,269,unreviewed
24-29,L,-.395,-.277,in,269,unreviewed
24-29,c,+.000,+.161,in,269,unreviewed
24-29,M,-.469,-.109,in,269,unreviewed
24-29,d,+.134,+.000,in,269,unreviewed
24-29,N,-.469,+.109,in,269,unreviewed
24-29,e,+.000,-.130,in,269,unreviewed
24-29,P,-.395,+.277,in,269,unreviewed
24-29,f,-.134,+.000,in,269,unreviewed
24-29,R,-.258,+.406,in,269,unreviewed
24-35,1,-.479,+.279,in,270,unreviewed
24-35,65,+.000,-.047,in,270,unreviewed
24-35,2,-.520,+.190,in,270,unreviewed
24-35,66,+.000,-.142,in,270,unreviewed
24-35,3,-.546,+.095,in,270,unreviewed
24-35,67,+.000,-.237,in,270,unreviewed
24-35,4,-.555,+.000,in,270,unreviewed
24-35,68,+.000,-.332,in,270,unreviewed
24-35,5,-.546,-.095,in,270,unreviewed
24-35,69,+.000,-.427,in,270,unreviewed
24-35,6,-.520,-.190,in,270,unreviewed
24-35,70,+.000,-.555,in,270,unreviewed
24-35,7,-.479,-.279,in,270,unreviewed
24-35,71,+.083,+.475,in,270,unreviewed
24-35,8,-.424,+.357,in,270,unreviewed
24-35,72,+.083,+.380,in,270,unreviewed
24-35,9,-.415,+.190,in,270,unreviewed
24-35,73,+.083,+.285,in,270,unreviewed
24-35,10,-.415,+.095,in,270,unreviewed
24-35,74,+.083,+.190,in,270,unreviewed
24-35,11,-.415,+.000,in,270,unreviewed
24-35,75,+.083,+.095,in,270,unreviewed
24-35,12,-.415,-.095,in,270,unreviewed
24-35,76,+.083,+.000,in,270,unreviewed
24-35,13,-.415,-.190,in,270,unreviewed
24-35,77,+.083,-.095,in,270,unreviewed
24-35,14,-.424,-.357,in,270,unreviewed
24-35,78,+.083,-.190,in,270,unreviewed
24-35,15,-.332,+.444,in,270,unreviewed
24-35,79,+.083,-.285,in,270,unreviewed
24-35,16,-.332,+.332,in,270,unreviewed
24-35,80,+.083,-.380,in,270,unreviewed
24-35,17,-.332,+.237,in,270,unreviewed
24-35,81,+.083,-.475,in,270,unreviewed
24-35,18,-.332,+.142,in,271,unreviewed
24-35,82,+.160,+.531,in,271,unreviewed
24-35,19,-.332,+.047,in,271,unreviewed
24-35,83,+.166,+.427,in,271,unreviewed
24-35,20,-.332,-.047,in,271,unreviewed
24-35,84,+.166,+.332,in,271,unreviewed
24-35,21,-.332,-.142,in,271,unreviewed
24-35,85,+.166,+.237,in,271,unreviewed
24-35,22,-.332,-.237,in,271,unreviewed
24-35,86,+.166,+.142,in,271,unreviewed
24-35,23,-.332,-.332,in,271,unreviewed
24-35,87,+.166,+.047,in,271,unreviewed
24-35,24,-.332,-.427,in,271,unreviewed
24-35,88,+.166,-.047,in,271,unreviewed
24-35,25,-.249,+.496,in,271,unreviewed
24-35,89,+.166,-.142,in,271,unreviewed
24-35,26,-.249,+.380,in,271,unreviewed
24-35,90,+.166,-.237,in,271,unreviewed
24-35,27,-.249,+.285,in,271,unreviewed
24-35,91,+.166,-.332,in,271,unreviewed
24-35,28,-.249,+.190,in,271,unreviewed
24-35,92,+.166,-.427,in,271,unreviewed
24-35,29,-.249,+.095,in,271,unreviewed
24-35,93,+.166,-.522,in,271,unreviewed
24-35,30,-.249,+.000,in,271,unreviewed
24-35,94,+.249,+.496,in,271,unreviewed
24-35,31,-.249,-.095,in,271,unreviewed
24-35,95,+.249,+.380,in,271,unreviewed
24-35,32,-.249,-.190,in,271,unreviewed
24-35,96,+.249,+.285,in,271,unreviewed
24-35,33,-.249,-.285,in,271,unreviewed
24-35,97,+.249,+.190,in,271,unreviewed
24-35,34,-.249,-.380,in,271,unreviewed
24-35,98,+.249,+.095,in,271,unreviewed
24-35,35,-.249,-.475,in,271,unreviewed
24-35,99,+.249,+.000,in,271,unreviewed
24-35,36,-.160,+.531,in,271,unreviewed
24-35,100,+.249,-.095,in,271,unreviewed
24-35,37,-.166,+.427,in,271,unreviewed
24-35,101,+.249,-.190,in,271,unreviewed
24-35,38,-.166,+.332,in,271,unreviewed
24-35,102,+.249,-.285,in,271,unreviewed
24-35,39,-.166,+.237,in,271,unreviewed
24-35,103,+.249,-.380,in,271,unreviewed
24-35,40,-.166,+.142,in,271,unreviewed
24-35,104,+.249,-.475,in,271,unreviewed
24-35,41,-.166,+.047,in,271,unreviewed
24-35,105,+.332,+.444,in,271,unreviewed
24-35,42,-.166,-.047,in,271,unreviewed
24-35,106,+.332,+.332,in,271,unreviewed
24-35,43,-.166,-.142,in,271,unreviewed
24-35,107,+.332,+.237,in,271,unreviewed
24-35,44,-.166,-.237,in,271,unreviewed
24-35,108,+.332,+.142,in,271,unreviewed
24-35,45,-.166,-.332,in,271,unreviewed
24-35,109,+.332,+.047,in,271,unreviewed
24-35,46,-.166,-.427,in,271,unreviewed
24-35,110,+.332,-.047,in,271,unreviewed
24-35,47,-.166,-.522,in,271,unreviewed
24-35,111,+.332,-.142,in,271,unreviewed
24-35,48,-.083,+.475,in,271,unreviewed
24-35,112,+.332,-.237,in,271,unreviewed
24-35,49,-.083,+.380,in,271,unreviewed
24-35,113,+.332,-.332,in,271,unreviewed
24-35,50,-.083,+.285,in,271,unreviewed
24-35,114,+.332,-.427,in,271,unreviewed
24-35,51,-.083,+.190,in,271,unreviewed
24-35,115,+.424,+.357,in,271,unreviewed
24-35,52,-.083,+.095,in,271,unreviewed
24-35,116,+.415,+.190,in,271,unreviewed
24-35,53,-.083,+.000,in,271,unreviewed
24-35,117,+.415,+.095,in,271,unreviewed
24-35,54,-.083,-.095,in,272,unreviewed
24-35,118,+.415,+.000,in,272,unreviewed
24-35,55,-.083,-.190,in,272,unreviewed
24-35,119,+.415,-.095,in,272,unreviewed
24-35,56,-.083,-.285,in,272,unreviewed
24-35,120,+.415,-.190,in,272,unreviewed
24-35,57,-.083,-.380,in,272,unreviewed
24-35,121,+.424,-.357,in,272,unreviewed
24-35,58,-.083,-.475,in,272,unreviewed
24-35,122,+.479,+.279,in,272,unreviewed
24-35,59,+.000,+.522,in,272,unreviewed
24-35,123,+.520,+.190,in,272,unreviewed
24-35,60,+.000,+.427,in,272,unreviewed
24-35,124,+.546,+.095,in,272,unreviewed
24-35,61,+.000,+.332,in,272,unreviewed
24-35,125,+.555,+.000,in,272,unreviewed
24-35,62,+.000,+.237,in,272,unreviewed
24-35,126,+.546,-.095,in,272,unreviewed
24-35,63,+.000,+.142,in,272,unreviewed
24-35,127,+.520,-.190,in,272,unreviewed
24-35,64,+.000,+.047,in,272,unreviewed
24-35,128,+.479,-.279,in,272,unreviewed
24-61,A,+.196,+.500,in,273,unreviewed
24-61,i,+.251,-.314,in,273,unreviewed
24-61,B,+.314,+.435,in,273,unreviewed
24-61,J,+.133,-.379,in,273,unreviewed
24-61,C,+.413,+.343,in,273,unreviewed
24-61,k,+.000,-.402,in,273,unreviewed
24-61,D,+.485,+.230,in,273,unreviewed
24-61,m,-.133,-.379,in,273,unreviewed
24-61,E,+.527,+.101,in,273,unreviewed
24-61,n,-.251,-.314,in,273,unreviewed
24-61,F,+.536,-.030,in,273,unreviewed
24-61,p,-.341,-.213,in,273,unreviewed
24-61,G,+.511,-.164,in,273,unreviewed
24-61,q,-.392,-.088,in,273,unreviewed
24-61,H,+.454,-.287,in,273,unreviewed
24-61,r,-.399,+.046,in,273,unreviewed
24-61,J,+.368,-.391,in,273,unreviewed
24-61,s,-.362,+.175,in,273,unreviewed
24-61,K,+.259,-.470,in,273,unreviewed
24-61,t,-.285,+.283,in,273,unreviewed
24-61,L,+.134,-.519,in,273,unreviewed
24-61,u,-.173,+.363,in,273,unreviewed
24-61,M,+.000,-.537,in,273,unreviewed
24-61,v,+.000,+.338,in,273,unreviewed
24-61,N,-.134,-.519,in,273,unreviewed
24-61,w,+.147,+.223,in,273,unreviewed
24-61,P,-.259,-.470,in,273,unreviewed
24-61,x,+.237,+.122,in,273,unreviewed
24-61,R,-.368,-.391,in,273,unreviewed
24-61,y,+.267,-.010,in,273,unreviewed
24-61,S,-.454,-.287,in,273,unreviewed
24-61,z,+.228,-.139,in,273,unreviewed
24-61,T,-.511,-.164,in,273,unreviewed
24-61,U,-.536,-.030,in,274,unreviewed
24-61,V,-.527,+.101,in,274,unreviewed
24-61,W,-.485,+.230,in,274,unreviewed
24-61,X,-.413,+.343,in,274,unreviewed
24-61,Y,-.314,+.435,in,274,unreviewed
24-61,Z,-.196,+.500,in,274,unreviewed
24-61,a,-.068,+.454,in,274,unreviewed
24-61,b,+.068,+.454,in,274,unreviewed
24-61,c,+.173,+.363,in,274,unreviewed
24-61,d,+.285,+.283,in,274,unreviewed
24-61,e,+.362,+.175,in,274,unreviewed
24-61,f,+.399,+.046,in,274,unreviewed
24-61,g,+.392,-.088,in,274,unreviewed
24-61,h,+.341,-.213,in,274,unreviewed
